fecha,id_proveedor,insumo,cantidad,precio_unitario,total
2023-06-01,AGUAYO,"TETON REPARACION TENSOR 3 4 7 8 1"" ESP",1,779.21,779.21
2023-06-01,AGUAYO,ARANDELA PERNO BAL MONT AV11,1,110.76,110.76
2023-06-01,AGUAYO,BUJE BAL TEFLON LARGO MONT,1,6980.00,6980.00
2023-06-01,AGUAYO,PERNO BAL 170MM CON TUERCA ALT MONT,1,12804.69,12804.69
2023-06-01,AGUAYO,TETON PREPARACION 90X58X3 4 MANOTA DE CHAPA MONT,1,6656.53,6656.53
2023-06-01,DISTRIBUIDORA DIEZ,TUBO LED 48W INTERLEC,1,5720.00,5720.00
2023-06-01,DISTRIBUIDORA DIEZ,FUSIBLE DE VIDRIO 6X30 3 AMP,1,156.00,156.00
2023-06-01,DISTRIBUIDORA DIEZ,BASE KALOP 2X16+N,1,1430.00,1430.00
2023-06-01,DISTRIBUIDORA DIEZ,FICHA KALOP 2X16+N,1,1289.70,1289.70
2023-06-01,DISTRIBUIDORA DIEZ,TERMICA TETRAPOLAR 40AMP STECK,1,3185.00,3185.00
2023-06-01,DACI,ALLEN C CIL 10X120,1,766.88,766.88
2023-06-01,DACI,"MECHA A R EZETA 8,50MM",1,1547.10,1547.10
2023-06-01,DACI,MACHOS PASO MILIMETRICO CONO 2 Y 3 10X1.50MM,1,1276.94,1276.94
2023-06-01,DACI,RUEDA POLIP GIRAT 40MM COD 167,1,454.41,454.41
2023-06-01,DACI,"INSERTO EXT 12,00 X 1,75 X INT 8,00 X 1,25 X L 12,8",1,282.47,282.47
2023-06-01,LUBRICENTRO RUTA,ACEITE CASTROL 4 T,1,2520.66,2520.66
2023-06-02,DACI,"PATROLL LINEA AMARILLA SEGMENTADO 7"" INTERIOR 22,2MM",1,4028.68,4028.68
2023-06-02,DACI,CRIQUE 6 ERGO 8155A,1,13413.58,13413.58
2023-06-02,DACI,TIZA BLANCA CAJAA 144 UNIDADES,1,1338.88,1338.88
2023-06-02,DACI,"ADAMITE PAPEL PARA JUNTAS ESPESOR 0,4MM (ANCHO 0;80MTS",1,1877.04,1877.04
2023-06-02,DACI,"ADAMITE PAPEL PARA JUNTAS ESPESOR 1;6MM (ANCHO 0,80MTS",1,8613.00,8613.00
2023-06-02,TER,TF DOBLE ZF 16S 1650 NEUM MULT ( ARR: Z15 X AB: C PL.),1,238194.00,238194.00
2023-06-02,TER,EJE PROLONGADOR TF ZF 16S 1650,1,20213.28,20213.28
2023-06-02,PIJUAN,VARIOS VARILLA ROSCADA ZINCADA 3 4,1,2070.00,2070.00
2023-06-02,PIJUAN,VARIOS VARILLA ROSCADA ZINCADA 1 1 4,1,7700.00,7700.00
2023-06-02,PIJUAN,GUANTE CUERO GUANTE SOLDADOR,1,1300.00,1300.00
2023-06-02,PIJUAN,CINTA METRICA EVEL 5 METROS,1,2600.00,2600.00
2023-06-02,PIJUAN,LENTE LIBUS TRANSPARENTE ARGON,1,550.00,550.00
2023-06-02,PIJUAN,LENTE LIBUS OSCURO ARGON,1,550.00,550.00
2023-06-02,TER,TF MB G85 6 NEU MULT P C PLATO,1,113866.56,113866.56
2023-06-02,DACI,FIX TORNILLO P MADERA 5 X 45,1,13.06,13.06
2023-06-02,DACI,TACOS DE NYLON FISCHER S8,1,12.09,12.09
2023-06-02,DACI,PIXOPOL 10 MIN GRIS,1,3351.43,3351.43
2023-06-02,DACI,TUERCA DI ZN 1 USS 8 X UNIDAD,1,303.87,303.87
2023-06-02,DACI,MECHA AC RAO S CORTA RATIFICADA 8.00MM,1,1103.46,1103.46
2023-06-02,DACI,"BROCA DE WILDA VASAGO HEXAGONAL 1 4"" 0 8 X 110",1,588.57,588.57
2023-06-02,DACI,AUTOPERFORANTE 8 X 1 1 2 TANQUE MECHA,1,18.35,18.35
2023-06-05,CONSTRUMUNDO,ARENA C BOLSON 1TN,1,8925.62,8925.62
2023-06-05,CONSTRUMUNDO,PIEDRA PARTIDA C BOLSON 1 TN,1,15371.90,15371.90
2023-06-05,CONSTRUMUNDO,BOLSAS CEMENTO 50KG AVELLANEDA,1,2107.44,2107.44
2023-06-06,STOCCO,"CASQUETE TORIESFERICO 1800 6,3",1,153000.00,153000.00
2023-06-06,TANGLER,UN 30 1999 REFLECTIVO,1,1131.75,1131.75
2023-06-06,TANGLER,UN 33 1267 REFLECTIVO,1,1131.75,1131.75
2023-06-06,TANGLER,UN 30 1268 REFLECTIVO,1,1131.75,1131.75
2023-06-06,TANGLER,UN 30 1202 REFLECTIVO,1,1131.75,1131.75
2023-06-06,TANGLER,UN 33 1264 REFLECTIVO,1,1131.75,1131.75
2023-06-06,TANGLER,NUMEROS DEL 0 AL 10,1,32.70,32.70
2023-06-06,TANGLER,CIRCULO MAX 80,1,538.21,538.21
2023-06-06,CONSTRUMUNDO,ARENA C BOLSON 1TN,1,8925.62,8925.62
2023-06-06,CONSTRUMUNDO,PIEDRA PARTIDA C BOLSON 1 TN,1,15371.90,15371.90
2023-06-06,CONSTRUMUNDO,BOLSAS CEMENTO 50KG AVELLANEDA,1,2107.44,2107.44
2023-06-06,PROVIN,"NIPLES S COSTURA 0 1"" X300MM",1,2987.00,2987.00
2023-06-06,NEW GAS,GAR.10K.YPF GAS,1,1443.00,1443.00
2023-06-06,NEW GAS,APARTAMIENTO II BB,1,602.24,602.24
2023-06-07,BURGOM,CORREA EVER WEAR 8 088,1,5084.16,5084.16
2023-06-07,BURGOM,YUMA 380 TT 1 4,1,649.44,649.44
2023-06-07,BURGOM,MANGA DESCARNE P SOLDADOR,1,2066.40,2066.40
2023-06-07,BURGOM,CORREA EVER WEAR B 060,1,3466.01,3466.01
2023-06-07,BURGOM,CORREA EVER WEAR A 042,1,1758.53,1758.53
2023-06-07,BURGOM,ESPUMA DE POLIURETANO AEROSOL 500ML,1,3883.52,3883.52
2023-06-07,BURGOM,MANGUERA HIDROCARBUROS 13MM 300LBS,1,2166.06,2166.06
2023-06-08,TER,TF MB G330 NEUM MULT C PL EJE 4560,1,107065.00,107065.00
2023-06-08,TER,EJE PROLONGADOR MB G330 C PLACNEW 2019 (207MM) ( 211MM),1,59873.00,59873.00
2023-06-08,DACI,BULON G5 HEX USS 5 8X3 1 2,1,520.19,520.19
2023-06-08,DACI,BULON G5 HEX USS 5 8X4,1,583.13,583.13
2023-06-08,DACI,TUERCA AUTOPERFORANTE 5 8 11USS,1,145.22,145.22
2023-06-12,TODO UNION,"JUEGO UNIONES MANIJA BRONCE 2""1 2",1,1087.00,1087.00
2023-06-12,TODO UNION,"JUEGO UNIONES MANIJA BRONCE 3""",1,14510.00,14510.00
2023-06-12,TODO UNION,"MACHO MANIJA BRONCE 2""1 2",1,6755.00,6755.00
2023-06-12,TODO UNION,"CAMACHO HIERRO 2""1 2",1,14645.00,14645.00
2023-06-12,TODO UNION,"CAMACHO HIERRO 3""",1,16525.00,16525.00
2023-06-12,TODO UNION,MANIJA BRONCE,1,1760.00,1760.00
2023-06-12,DISTRIBUIDORA DIEZ,TERMINAL DE COBRE,1,473.20,473.20
2023-06-12,DISTRIBUIDORA DIEZ,BOLSA DE PRECINTOS SYBYD ALT 2,1,819.00,819.00
2023-06-12,DISTRIBUIDORA DIEZ,BOLSA DE PRECINTOS SYBYD ALT 3,1,1379.30,1379.30
2023-06-12,DISTRIBUIDORA DIEZ,BOLSA DE PRECINTOS SYBYD ALTS NEGRO,1,2483.00,2483.00
2023-06-12,DISTRIBUIDORA DIEZ,90MTS CABLE TIPO TALLER 2X1 MM,1,286.00,286.00
2023-06-12,DISTRIBUIDORA DIEZ,100MTS CABLE TIPO TALLER 3X1MM,1,388.70,388.70
2023-06-12,DISTRIBUIDORA DIEZ,LAMPARA LED 50W SYBYD,1,3380.00,3380.00
2023-06-12,DISTRIBUIDORA DIEZ,LAMPARA LED 12W CALIDAS IDOLER,1,351.00,351.00
2023-06-12,DISTRIBUIDORA DIEZ,PORTALAMPARA CON CHICOTE,1,234.00,234.00
2023-06-12,DISTRIBUIDORA DIEZ,"TERMINAL HOJA 16MM 1 4""",1,273.00,273.00
2023-06-12,DISTRIBUIDORA DIEZ,ADAPTADOR P LAMPARA LED IDOLER,1,780.00,780.00
2023-06-12,DISTRIBUIDORA DIEZ,TERMINAL DE COBRE 4 2MM,1,83.20,83.20
2023-06-12,DACI,ARANDELAS DE SUPLEMENTO 18X26X0.80,1,84.21,84.21
2023-06-12,DACI,TARUGO NT 8,1,16.53,16.53
2023-06-12,DACI,FIX TORNILLO P MADERA 5 X 45,1,16.16,16.16
2023-06-12,DACI,SILOC 8600 X 98 G,1,3356.65,3356.65
2023-06-12,DACI,AUTOPERFORANTE 8 X 1 2 TANQUE MECHA,1,10.68,10.68
2023-06-12,DACI,AUTOPERFORANTE 8 X 3 4 TANQUE MECHA,1,13.46,13.46
2023-06-12,DACI,AUTOPERFORANTE AGUJA 6 X 1,1,5.66,5.66
2023-06-12,NEW GAS,GAR.10K.YPF GAS,1,1443.00,1443.00
2023-06-12,NEW GAS,APARTAMIENTO II BB,1,602.24,602.24
2023-06-12,FERREMAX,SUPLEMENTO 18 X 26 (0.20),1,86.72,86.72
2023-06-13,HIDRONOVA,SOLENOIDE 24 VCC 5W,1,5791.50,5791.50
2023-06-13,HIDRONOVA,ELECTROVALVULA CAMOZZI 5 2 1 4,1,28362.75,28362.75
2023-06-13,HIDRONOVA,FICHA ELECTRICA,1,1891.50,1891.50
2023-06-13,CONSTRUMUNDO,"VIGUETAS 3,60MT",1,3455.51,3455.51
2023-06-13,CONSTRUMUNDO,LADRILLO TECHO TELGOPOR 10CM,1,661.16,661.16
2023-06-13,CONSTRUMUNDO,MALLA 15X15 H 6 DE 2X5M,1,17909.09,17909.09
2023-06-13,CONSTRUMUNDO,ARENA MT3,1,7438.02,7438.02
2023-06-13,CONSTRUMUNDO,PIEDRA PARTIDA 1M3,1,13884.30,13884.30
2023-06-13,CONSTRUMUNDO,BOLSAS CEMENTO 50KG LOMA NEGRA,1,2314.05,2314.05
2023-06-13,CONSTRUMUNDO,HIERRO ALETADO 6MM,1,1446.28,1446.28
2023-06-13,CONSTRUMUNDO,HIERRO ALETADO 10MM,1,3446.28,3446.28
2023-06-13,ROSSI,SN 507 SOPORTE ICO114024C,1,12900.00,12900.00
2023-06-13,COINGAS,"CURVA GALV 1"" 45 HH LATYN",1,1511.92,1511.92
2023-06-14,HIDRONOVA,MANG 3 8 R2 1600MM HG X HG 7 8 JIC,1,10032.00,10032.00
2023-06-14,HIDRONOVA,MANG 3 8 R2 2700MM HG X HG 7 8 JIC,1,13904.00,13904.00
2023-06-14,HIDRONOVA,MANG 3 8 R2 2550MM HG X HG 7 8 JIC,1,13552.00,13552.00
2023-06-14,HIDRONOVA,MANG 3 8 R2 2350MM HG X HG 7 8 JIC,1,12848.00,12848.00
2023-06-14,HIDRONOVA,MANG 3 8 R2 1350MM HG X HG 7 8 JIC,1,9328.00,9328.00
2023-06-14,HIDRONOVA,MANG 3 8 R2 1150MM HG X HG 7 8 JIC,1,8624.00,8624.00
2023-06-14,HIDRONOVA,TEE MF 7 8 JIC,1,7292.00,7292.00
2023-06-14,HIDRONOVA,"ADAPTADOR ""1"" NPT X HF 1"" AS M BSP",1,3912.00,3912.00
2023-06-14,COINGAS,CODO GALV 1 2 90 HH LATYN,1,494.97,494.97
2023-06-14,COINGAS,"CODO GALV 3"" 90S HH DEMA",1,15434.22,15434.22
2023-06-14,COINGAS,CODO GALV 3 4 90 MH LATYN,1,839.92,839.92
2023-06-14,COINGAS,CUPLA C 8 GALV 3 8 DEMA,1,584.97,584.97
2023-06-14,COINGAS,CUPLA C 8 GALV 1 2 LATYN,1,509.97,509.97
2023-06-14,COINGAS,CUPLA C 5 GALV 1 2 LATYN,1,2129.89,2129.89
2023-06-14,COINGAS,TAPON GALV 1 1 4 M LATYN,1,899.92,899.92
2023-06-14,COINGAS,TAPON GALV 1 1 2 M LATYN,1,1244.93,1244.93
2023-06-14,COINGAS,"TAPA GALV 2"" H LATYN",1,2249.87,2249.87
2023-06-14,COINGAS,NIPLE GALV 3 8 X 15CM,1,925.50,925.50
2023-06-14,COINGAS,NIPLE GALV 3 4 X 15CM,1,924.00,924.00
2023-06-14,COINGAS,U.D.C. GALV 3 4 HH LATYN,1,2549.87,2549.87
2023-06-14,COINGAS,"U.D.C. GALV 1"" HH LATYN",1,3149.85,3149.85
2023-06-14,COINGAS,R.C.T. GALV 3 4 LATYN,1,674.97,674.97
2023-06-14,HIDRONOVA,SOPORTE PLASTICO DOBLE PARA MANG 3 8,1,2025.00,2025.00
2023-06-14,HIDRONOVA,CONECT AUTOMAT CODO 90 T6 X R1 8,1,511.97,511.97
2023-06-14,HIDRONOVA,MANGU 3 4 R1 X 800MM HG X HG 1.1 16 JIC,1,10120.00,10120.00
2023-06-14,HIDRONOVA,CAMBIO DE TERMINAL EN MANGUERA HG 9 16 P 3 4 R2,1,3500.00,3500.00
2023-06-14,HIDRONOVA,CAMBIO DE TERMINAL 7 8 JIC PARA MANG 1 2 R1,1,3500.00,3500.00
2023-06-14,HIDRONOVA,ADAPTADOR JIC X NPT 1.1 16 X 3 4,1,1582.00,1582.00
2023-06-14,HIDRONOVA,"ADAPTADOR JIC X NPT 1 3 16 X 1""",1,2920.94,2920.94
2023-06-14,HIDRONOVA,CODO 90 HG JIC X NPT 7 8 X 1 2,1,4547.00,4547.00
2023-06-14,COINGAS,TE GALV 1 1 4 LATYN,1,2699.85,2699.85
2023-06-14,COINGAS,TE GALV 1 1 2 LATYN,1,3824.81,3824.81
2023-06-14,COINGAS,TEFLON 3 4 X 40 MTS ALTA DENSIDAD,1,2594.87,2594.87
2023-06-14,COINGAS,SELLADOR H3 125 CC SALADILLO,1,2774.85,2774.85
2023-06-14,COINGAS,SELLADOR H3 25 CC SALADILLO,1,407.97,407.97
2023-06-14,COINGAS,TEFLON 3 4 X 10 MTS,1,130.20,130.20
2023-06-14,COINGAS,TEFLON 3 4 MTS ALTA DENSIDAD,1,1608.82,1608.82
2023-06-14,COINGAS,CUPLA C B GALV 1 2 LATYN,1,305.98,305.98
2023-06-15,ROSSI,277 X 10 GRS LOCTITE,1,2600.00,2600.00
2023-06-15,HIERROS CASANOVA,TUBOS USO MECANICO 1,1,11387.39,11387.39
2023-06-15,HIERROS CASANOVA,VARIOS CORTE ANGULO,1,33.74,33.74
2023-06-15,LUBRICENTRO RUTA,ACEITE TRANSMISION,1,1404.96,1404.96
2023-06-15,GIANNONI,THINNER HYDRA 501 X 18,1,13932.04,13932.04
2023-06-15,GIANNONI,DILUYENTE P POLI X 18,1,23956.24,23956.24
2023-06-15,GIANNONI,CRISTALBA BRILLANTE X 04,1,5194.20,5194.20
2023-06-15,GIANNONI,PETRILAC TINTA CEDRO X 240,1,2430.01,2430.01
2023-06-15,GIANNONI,HYDRARRAS X 04,1,2975.15,2975.15
2023-06-15,TER,TF FS 6306 A NEUM MULT C PL,1,125780.00,125780.00
2023-06-16,APERAM,"3121 10094 BARRA REDONDA 304 12,00 ""L""",1,11868.00,11868.00
2023-06-16,APERAM,"3141 13352 CCC CON COSTURA 304 12,70 X 1,20 PE ""L""",1,7461.00,7461.00
2023-06-16,APERAM,"3141 13692 CCC CON COSTURA 304 31,75 X 1,20 PEGR400",1,10930.00,10930.00
2023-06-16,APERAM,"0102 23045 CHAPA 304 3,00 1250 X 2500 2B C1 A",1,8420.00,8420.00
2023-06-16,APERAM,"0102 22140 CHAPA 304 1,00 1000 X 2000 2B C1 A",1,8760.00,8760.00
2023-06-22,FERREMAX,ARANDELA PLANA 7 8 ZINC,1,2205.10,2205.10
2023-06-22,DISTRIBUIDORA DIEZ,30 MTS CABLE SOLDADURA 35MM,1,5649.00,5649.00
2023-06-22,GIANNONI,THINNER 501 MULTIPLUS X 200LTS,1,132816.32,132816.32
2023-06-22,GIANNONI,CONVERTIDOR 9013 X 4,1,19798.45,19798.45
2023-06-22,GIANNONI,ESMALTE A POLIU GLOBAL SUR 0100 X 03,1,13906.35,13906.35
2023-06-22,GIANNONI,ZEOCAR MASILLA FORMULA POL X 04,1,6711.22,6711.22
2023-06-23,FERRETERIA INDUSTRIAL MARIOTTO S.R.L.,BARRA CHAVETA CUADRADA 20X12X30,1,4710.74,4710.74
2023-06-23,FABIO,"BULON PULIDO UNC GALV AZUL 1 4 X 3 4""",1,13.14,13.14
2023-06-23,FABIO,"BULON PULIDO UNC GALV.AZUL 5 16X1""",1,23.96,23.96
2023-06-23,FABIO,"TUERCA EXAGONAL LIVIANA UNC NATURAL 5 16""",1,8.74,8.74
2023-06-23,FABIO,"KGR DE ARANDELA PLANA HA GALV AZUL 1 2""",1,2139.00,2139.00
2023-06-23,FABIO,"BULON GRADO 5 UNC DORADO 1 2X1 1 2""",1,103.70,103.70
2023-06-23,FABIO,"TUERCA AUTOFRENANTE UNC GALV AZUL 1 2""",1,54.00,54.00
2023-06-23,FABIO,"KGR DE ARANDELA PLANA HA GALV AZUL 5 16""",1,2507.00,2507.00
2023-06-23,HIERROS CASANOVA,TUBOS USO MECANICO 4,1,58974.65,58974.65
2023-06-23,HIERROS CASANOVA,TUBOS USO MECANICO 3,1,33384.67,33384.67
2023-06-23,HIERROS CASANOVA,TUBOS USO MECANICO 21 2,1,24603.63,24603.63
2023-06-23,HIERROS CASANOVA,TUBOS USO MECANICO 1,1,11615.19,11615.19
2023-06-23,HIERROS CASANOVA,UPN X 6 MTS 80,1,30019.06,30019.06
2023-06-23,HIERROS CASANOVA,PLANCHUELAS 5X1 4,1,24680.07,24680.07
2023-06-23,HIERROS CASANOVA,PLANCHUELAS 1.1 2X1 4,1,5174.43,5174.43
2023-06-23,HIERROS CASANOVA,PLANCHUELAS 1X3 16,1,2755.94,2755.94
2023-06-23,HIERROS CASANOVA,"CA EST RECT 40X20X1,6",1,6684.93,6684.93
2023-06-23,HIERROS CASANOVA,"TYROLIT DISCO SENSITIVO 350X3 , 2X25 ,4",1,2703.16,2703.16
2023-06-23,FERRETERIA MARIOTTO,BARRA CHAVETA CUADRADA 20X12X30,1,4710.74,4710.74
2023-06-26,CONSTRUMUNDO,LAD CERAMICO 12X18X33,1,121.49,121.49
2023-06-26,CONSTRUMUNDO,ARENA MT3,1,7438.02,7438.02
2023-06-26,ULTRACOLOR,DIPROEL DILUY ACRILICO X 200L,1,126480.00,126480.00
2023-06-27,CONSTRUMUNDO,PIEDRA PARTIDA 1M3,1,13884.30,13884.30
2023-06-28,AGUAYO,TETON REPARACION DE FUNDICION SALTO 8 022,1,5517.32,5517.32
2023-06-28,AGUAYO,ARANDELA PERNO BAL SALTO AV19,1,193.83,193.83
2023-06-28,AGUAYO,"PERNO TENSOR 7 8 X 7"" ( 180 MM) 3966",1,2199.44,2199.44
2023-06-28,AGUAYO,TUERCA AUTOF 7 8 SAE 2996,1,963.77,963.77
2023-06-28,2MT,BUL NC 1010 1 4X20X3 4ZCJ1800,1,19575.45,19575.45
2023-06-28,2MT,BUL NC 1010 1 4X20X1 ZCJ1500,1,19324.68,19324.68
2023-06-28,2MT,BUL NC 1010 5 16X18X 3 4ZCJ1200,1,18064.61,18064.61
2023-06-28,2MT,"BUL NC 1010 5 16X18X1,1 2ZC660",1,15422.64,15422.64
2023-06-29,GIANNONI,LIJA AL AGUA AA240,1,156.25,156.25
2023-06-29,NEW GAS,GAR 45K YPF GAS,1,8597.29,8597.29
2023-06-29,NEW GAS,GAR.10K.YPF GAS,1,2045.25,2045.25
2023-06-29,ELECTRO TRAILER,BULON 7 8 X 140 MM ALT NAC,1,1292.99,1292.99
2023-06-29,ELECTRO TRAILER,BULON 7 8 X 160 MM ALT NAC,1,1316.71,1316.71
2023-06-29,ELECTRO TRAILER,BULON 7 8 X 190 MM ALT NAC,1,1406.33,1406.33
2023-06-29,ELECTRO TRAILER,TUE 78 TUERCA 7 8 ALT NAC,1,395.41,395.41
2023-06-30,GIANNONI,GLASURIT CAT RAP 929 91 X 2.5,1,23228.92,23228.92
2023-06-30,HIDRONOVA,"VACUOMETRO 76 CM 4"" ROSCA DE 1 2 INF",1,15840.00,15840.00
2023-06-30,HIDRONOVA,CODO 90 JIC X NPT 7 8 X 1 2,1,4924.00,4924.00
2023-06-30,BURGOM,YUMA 732 RR 732 RT 732 TT,1,1330.76,1330.76
2023-06-30,BURGOM,ADHESIVO DIGOCOL 250 CC.,1,986.21,986.21
2023-06-30,BURGOM,ADHESIVO CIANO CB1 CM1 CM2 CA3 20GS,1,2238.85,2238.85
2023-06-30,BURGOM,CORREA EVER WEAR B 058,1,3510.52,3510.52
2023-06-30,BURGOM,HESKINS 25MM X 6MT NEGRO ANTIDESLIZANTE,1,4206.60,4206.60
2023-06-30,BURGOM,AFLOJA TODO DIAGOCOL X440,1,1049.60,1049.60
2023-06-30,BURGOM,CORREA EVER WEAR B 076,1,4599.61,4599.61
2023-06-30,BURGOM,CORREA EVER WEAR B 054,1,5084.84,5084.84
2023-06-30,BURGOM,CORREA EVER WEAR B 067,1,4056.14,4056.14
2023-06-30,REPICKY,RVM2000 CAVEZAL SOPLADOR RVM2000 AH C PATAS E IZQ G ANT,1,3697500.00,3697500.00
2023-06-30,AVEDIS,ALQUILER DE TUBO (21%),1,75.00,75.00
2023-06-30,AVEDIS,CO2 INDUSTRIAL TUBO,1,375.00,375.00
2023-06-30,AVEDIS,OXIGENO INDUSTRIAL TUBO,1,702.00,702.00
2023-06-30,AVEDIS,ARGON TUBO,1,5859.40,5859.40
2023-08-07,AVEDIS,CO2 INDUSTRIAL TUBO,1,375.00,375.00
2023-07-07,ELECTRO TRAILER,"MCH C MH MANOTA DE CHAPA M.H. CENTRAL ARMADA (C BALANCIN, PERNO Y BUJE) (ALTURA 210MM)ALT NAC",1,75375.97,75375.97
2023-07-07,ELECTRO TRAILER,MACH D TT 210 MH MANOTA DE CHAPA M.H. DELANTERA TREN TRASERO (ALTURA 210MM)ALT NAC,1,25983.94,25983.94
2023-07-07,ELECTRO TRAILER,MANCH T TT 210 MH MANOTA DE CHAPA TRASERA TREN TRASERO (ALTURA 210MM)ALT NAC,1,18903.54,18903.54
2023-07-07,ELECTRO TRAILER,BT 18279 BUJE PARA TENSOR MONTENEGRO (7 8 X 23 X 78)ALT NAC,1,1167.92,1167.92
2023-07-07,ELECTRO TRAILER,20400 PERNO 7 8 X 150 ALT NAC,1,1306.43,1306.43
2023-07-07,ELECTRO TRAILER,TU 78 TUERCA 7 8 ALT NAC,1,385.00,385.00
2023-07-07,HIERROS CASANOVA,CA. EST. RECT. 50X30X2,1,11083.05,11083.05
2023-07-07,DACI,BULON C REDONDA C C SIN TUERCA 8X125,1,137.71,137.71
2023-07-07,DACI,BULON C REDONDA C C SIN TUERCA 6X90,1,62.80,62.80
2023-07-10,GIANNONI,VIRUTA FINA X 0.330,1,7832.40,7832.40
2023-07-10,GIANNONI,VIRUTA GRUESA X 0.330,1,7833.20,7833.20
2023-07-10,RIZZOTTO,"POLEA HA FA 3 CANALES ""A"" 0400 MM",1,67400.00,67400.00
2023-07-11,BAIML,"DELIMITADOR CON RETRORREFLECTOR INCORPORADO COLOR AMBAR CON CONECTOR Y TRABAS PARA ENCASTRE, FUNCION: POSICION Y GIRO LATEREAL",1,2130.01,2130.01
2023-07-11,BAIML,"DELIMITADOR CON RETRO REFLECTOR INCORPORADO COLOR CRISTAL CON SALIDA DE CABLES ENVAINADO ,FUNCION:POSICION DELANTERA",1,1707.04,1707.04
2023-07-11,BAIML,DELIMITADOR CON RETRO REFLECTOR INCORPORADO COLOR ROJO CON SALIDA DE CABLES ENVAINADO FUNCION:POSICION LATERAL O TRASERA,1,1707.04,1707.04
2023-07-11,BAIML,DELIMITADOR CON RETRO REFLECTOR INCORPORADO COLOR VERDE CON SALIDA DE CABLES ENVAINADO,1,1707.04,1707.04
2023-07-11,BAIML,"FARO REDONDO ELECTR. DIAM 4"" CON 30 LEDS, BIVOLTAJE (12 24V) COLOR ROJO POS AMBAR GIRO",1,6508.70,6508.70
2023-07-11,BAIML,"FARO REDONDO ELECTR. DIAM 4"" CON 30 LEDS, BIVOLTAJE (12 24V) COLOR ROJO POS CRISTAL RETROCESO",1,5883.71,5883.71
2023-07-11,BAIML,"FARO REDONDO ELECTR. DIAM 4"" CON 30 LEDS BIVOLTAJE (12 24V) COLOR ROJO POS STOP",1,6408.93,6408.93
2023-07-11,ELECTRO TRAILER,TENSOR FIJO MH 500 MM,1,13775.48,13775.48
2023-07-11,ELECTRO TRAILER,TENSOR FIJO MH 450 MM,1,13775.48,13775.48
2023-07-12,PREGOM,GUARDA FANGO WEBER 2000X380,1,5200.00,5200.00
2023-07-12,PREGOM,GUARDA FANGO WEBER 630X550,1,2880.00,2880.00
2023-07-12,ROSSI,HGF,1,5700.00,5700.00
2023-07-12,ROSSI,MANGUITO 55211 G 2W3,1,3900.00,3900.00
2023-07-12,ROSSI,SOPORTE 2201LC04240136 H,1,13000.00,13000.00
2023-07-13,NEPOTE,POLEA FUND. 4 B 180,1,25400.00,25400.00
2023-07-13,NEPOTE,POLEA FUND. 4 B 200,1,30000.00,30000.00
2023-07-13,CONSTRUMUNDO,BOLSAS CEMENTO 50KG AVELLANEDA,1,2264.46,2264.46
2023-07-13,CONSTRUMUNDO,PALLET,1,5950.41,5950.41
2023-07-13,CONSTRUMUNDO,BOLSAS CAL HIDRAT EXTRA 25KG,1,950.41,950.41
2023-07-13,CONSTRUMUNDO,ARENA MT3,1,7438.02,7438.02
2023-07-13,CONSTRUMUNDO,PIEDRA PARTIDA 1M3,1,13884.30,13884.30
2023-07-14,ACSA,"RDA. M. BENZ 7.5 X 22,5""",1,56341.80,56341.80
2023-07-14,ACSA,VALVULAS TIPO SCHRADER P RUEDA,1,1939.00,1939.00
2023-07-14,AVEDIS,OXIGENO INDUSTRIAL TUBO,1,702.93,702.93
2023-07-14,AVEDIS,CO2 INDUSTRIAL TUBO,1,450.00,450.00
2023-07-15,ROSSI,SOPORTE 2201LC04240136 H,1,13000.00,13000.00
2023-07-16,ROSSI,MANGUITO 55211 G 23,1,2900.00,2900.00
2023-07-17,ROSSI,NTN 3322001LC04181,1,14500.00,14500.00
2023-07-17,ROSSI,CRUZ 104605 G 21,1,4900.00,4900.00
2023-07-17,ROSSI,MANGUITO 22093LC0500069S,1,2500.00,2500.00
2023-07-17,ROSSI,DPI 2201LC04240136 H,1,5700.00,5700.00
2023-07-17,ROSSI,MANGUITO 55211 G 23,1,2900.00,2900.00
2023-07-17,ROSSI,SOPORTE 2201LC04240136 H,1,13000.00,13000.00
2023-07-17,HIDRONOVA,ADAPTADOR JIC X ORING 1.1 16 X 1.1 16,1,1607.05,1607.05
2023-07-17,HIDRONOVA,CODO 90 JIC X ORING 1.1 16,1,7719.36,7719.36
2023-07-17,HIDRONOVA,CODO 90 HG JIC X JIC 1.1 16,1,6655.00,6655.00
2023-07-18,RUBINETTI,FARO 650,1,1500.00,1500.00
2023-07-18,RUBINETTI,FARO 850,1,5980.00,5980.00
2023-07-18,RUBINETTI,FARO 103,1,1350.00,1350.00
2023-07-18,BAIML,"DELIMITADOR CON RETRORREFLECTOR INCORPORADO COLOR AMBAR CON CONECTOR Y TRABAS PARA ENCASTRE, FUNCION: POSICION Y GIRO LATEREAL",1,1917.01,1917.01
2023-07-18,BAIML,"DELIMITADOR CON RETRO REFLECTOR INCORPORADO COLOR CRISTAL CON SALIDA DE CABLES ENVAINADO ,FUNCION:POSICION DELANTERA",1,1536.34,1536.34
2023-07-18,BAIML,DELIMITADOR CON RETRO REFLECTOR INCORPORADO COLOR ROJO CON SALIDA DE CABLES ENVAINADO FUNCION:POSICION LATERAL O TRASERA,1,1536.34,1536.34
2023-07-18,INOXIDABLES PIERRI,"TAPON 1"" AISI 304",1,1255.50,1255.50
2023-07-18,INOXIDABLES PIERRI,"TEE ROSC 1"" AISI 304",1,3348.00,3348.00
2023-07-18,INOXIDABLES PIERRI,"CODO ROSC 1"" AISI 304",1,2176.20,2176.20
2023-07-19,BAIRES,1210 R (1209 K),1,11681.73,11681.73
2023-07-19,BAIRES,1244. (H 309),1,1997.68,1997.68
2023-07-19,BAIRES,3896. (SN 509),1,13832.82,13832.82
2023-07-19,SP ACCESORIOS,CONO BALIZADOR 55 CM,1,3486.31,3486.31
2023-07-19,SP ACCESORIOS,AUTOPERFORANTE 8X1 1 2 TANQUE MECHA,1,20.08,20.08
2023-07-19,SP ACCESORIOS,BULON G5HEX USS 5 8X6,1,880.59,880.59
2023-07-20,SP ACCESORIOS,"BULON DE DISCO 22 X 95MM S TUERCA M, BENZ 301",1,1256.11,1256.11
2023-07-20,AGUAYO,TUERCA DE DISCO RANDDN M. BENZ 308,1,1842.77,1842.77
2023-07-20,AGUAYO,RETEN DE RUEDA BANO ACEITE. SAV 6766 W01184,1,5284.96,5284.96
2023-07-20,DISTRIBUIDORA DIEZ,BOLSA DE PRECINTOS SYBYD ALT 2,1,884.00,884.00
2023-07-20,DISTRIBUIDORA DIEZ,BOLSA DE PRECINTOS SYBYD ALT 3,1,1066.00,1066.00
2023-07-20,DISTRIBUIDORA DIEZ,BOLSA DE PRECINTOS SYBYD ALT 5 NEGRO,1,1690.00,1690.00
2023-07-20,DISTRIBUIDORA DIEZ,CABLE TIPO TALLER 2X1 MM,1,286.00,286.00
2023-07-20,DISTRIBUIDORA DIEZ,LAMPARA FORZA ALIC 55W,1,5447.00,5447.00
2023-07-20,DISTRIBUIDORA DIEZ,ROLLO DE CINTA AISLADORA VINI TAPE X 20 MTS,1,845.00,845.00
2023-07-20,DISTRIBUIDORA DIEZ,LAMPARA LED 12W INTERELEC FRIA,1,351.00,351.00
2023-07-20,DISTRIBUIDORA DIEZ,LAMPARA LED 50W IDOLER,1,2990.00,2990.00
2023-07-22,BURGOM,MANGUERA HIDROCARBUROS 19MM 300LBRS,1,3728.70,3728.70
2023-07-22,BURGOM,CORREA EVER WEAR B 067,1,4318.33,4318.33
2023-07-22,BURGOM,ADHESIVO CIANO CB1 CM1 CM2 CA3 20GS,1,2707.80,2707.80
2023-07-22,BURGOM,"AEROSOL LUBRICANTE AFLOJA TODO ""GRANDE""",1,429.68,429.68
2023-07-22,BURGOM,SELLADOR SILOC 300 GMS NEGRO TRANS BLA PROFESIONAL,1,2528.63,2528.63
2023-07-22,BURGOM,SELLADOR SINTETICO (PINTABLE) 310 GMS SELLA CARROCERIAS,1,3544.45,3544.45
2023-07-22,BURGOM,CORREA EVER WEAR B 058,1,3737.44,3737.44
2023-07-22,BURGOM,CORREA EVER WEAR B 090,1,5800.62,5800.62
2023-07-22,BURGOM,CORREA EVER WEAR A 038,1,1772.96,1772.96
2023-07-22,BURGOM,CORREA EVER WEAR B 059,1,3801.73,3801.73
2023-07-22,BURGOM,CORREA EVER WEAR A 063,1,2940.73,2940.73
2023-07-22,BURGOM,BOMBACHA CAMPO OMBU ALFORZADA,1,10938.80,10938.80
2023-07-22,BURGOM,CORREA EVER WEAR B 053,1,3416.90,3416.90
2023-07-22,BURGOM,CORREA EVER WEAR B 061,1,3930.75,3930.75
2023-07-22,BURGOM,BOTA NAUTICA C CUELLO AMAR AZUL 39 44 960,1,7732.00,7732.00
2023-07-25,DISTRIBUIDORA DIEZ,PLAFON LED SYBYD REDONDO 12 W,1,5980.00,5980.00
2023-07-25,DISTRIBUIDORA DIEZ,DISYUNTOR BIPOLAR 25AMP STECK,1,6760.00,6760.00
2023-07-25,DISTRIBUIDORA DIEZ,TERMICA BIPOLAR 10AMP STECK,1,1625.00,1625.00
2023-07-25,DISTRIBUIDORA DIEZ,TERMICA BIPOLAR 6AMP AEA,1,1690.00,1690.00
2023-07-25,DISTRIBUIDORA DIEZ,CAJA KALOP EXTERIOR,1,819.00,819.00
2023-07-25,DISTRIBUIDORA DIEZ,BASTIDOR EXULT,1,208.00,208.00
2023-07-25,DISTRIBUIDORA DIEZ,TAPA EXULT BLANCA,1,187.20,187.20
2023-07-25,DISTRIBUIDORA DIEZ,MODULO 1 PUNTO EXULT,1,312.00,312.00
2023-07-25,DISTRIBUIDORA DIEZ,TOMA EXULT 1 PUNTO,1,331.50,331.50
2023-07-25,DISTRIBUIDORA DIEZ,TAPON JELUZ,1,49.40,49.40
2023-07-25,DISTRIBUIDORA DIEZ,BASE EXTERIOR 2X10,1,633.10,633.10
2023-07-25,DISTRIBUIDORA DIEZ,LAMPARA LED 15W INTERELEC,1,403.00,403.00
2023-07-25,DISTRIBUIDORA DIEZ,CAJA TABLEPLAST PF083,1,3445.00,3445.00
2023-07-25,DISTRIBUIDORA DIEZ,"ASPIRADOR DE CONDUCTO GALAXIA 4""",1,16900.00,16900.00
2023-07-25,DISTRIBUIDORA DIEZ,PANTALLA DE POLICARBONATO 30CM,1,4940.00,4940.00
2023-07-26,AVEDIS,OXIGENO INDUSTRIAL TUBO,1,702.93,702.93
2023-07-26,AVEDIS,ARGON TUBO,1,5273.46,5273.46
2023-07-26,AVEDIS,CO2 INDUSTRIAL TUBO,1,450.00,450.00
2023-07-31,AVEDIS,ALQUILER DE TUBO (21%),1,75.00,75.00
2023-07-31,NEW GAS,GAR.10K.YPF GAS,1,2126.70,2126.70
2023-08-01,UDOR,POMPA PKC 15 15 S,1,155167.25,155167.25
2023-08-01,UDOR,BOQUILLA 1 4 NPT ACERO 15 035,1,1720.72,1720.72
2023-08-01,UDOR,PIST ML320 G 1 4M 180BAR.25L M,1,4632.71,4632.71
2023-08-01,UDOR,LANCIA 1200P15+SF12X2+U1 4NPTF TZ,1,5672.70,5672.70
2023-08-01,UDOR,"VB35 VALVOLA X:5 Y:53,5",1,28495.87,28495.87
2023-08-01,UDOR,"ENROLLA AUTOM.MANG 1 2"" 15 M ACEITE",1,133497.54,133497.54
2023-08-01,GIANNONI,TRIMAS BASE GRIS CHASIS.ACRIL X 3.5,1,16735.68,16735.68
2023-08-01,GIANNONI,TRIMAS BASE AZUL OCEANO.ACRIL X 3.5,1,17270.46,17270.46
2023-08-01,ARRIOLA,BALDE P ARENA INCENDIO ROTOMOLDEADO,1,6801.68,6801.68
2023-08-01,ITALPREN,"CANO DN 168,3 X 6,4 MM. METROS",1,16820.00,16820.00
2023-08-01,STOCCO,TORIESFERICO 1600,1,153000.00,153000.00
2023-08-01,STOCCO,TORIESFERICO 1700,1,175000.00,175000.00
2023-08-01,STOCCO,TORIESFERICO 1750,1,175000.00,175000.00
2023-08-01,STOCCO,TORIESFERICO 1800,1,203000.00,203000.00
2023-08-01,STOCCO,TORIESFERICO 1900,1,226000.00,226000.00
2023-08-01,STOCCO,TORIESFERICO 2000,1,263000.00,263000.00
2023-08-01,STOCCO,TORIESFERICO 2100,1,297000.00,297000.00
2023-08-01,STOCCO,TORIESFERICO 2200,1,330000.00,330000.00
2023-08-01,PROVIN,"CUPLAS 0 1 2"" SCH40 P SOLDAR",1,418.67,418.67
2023-08-01,ROSSI,RET 8922 LX DBH,1,1500.00,1500.00
2023-08-01,HIZA,TORCHA REPARADAS,1,15100.00,15100.00
2023-08-01,HIZA,PICOS M6 1.2,1,490.00,490.00
2023-08-01,HIZA,PICOS M8 1.2,1,890.00,890.00
2023-08-01,HIZA,VIDRIOS TRANSPARENTES,1,175.00,175.00
2023-08-01,HIZA,VIDRIOS PROTANE 11,1,480.00,480.00
2023-08-01,HIZA,TOBERAS 250,1,1730.00,1730.00
2023-08-01,HIZA,TOBERAS 360,1,3640.00,3640.00
2023-08-01,HIZA,APORTE INOX 308 1.6,1,9950.00,9950.00
2023-08-01,HIZA,SIRGAS 4 MTS.,1,4080.00,4080.00
2023-08-01,HIZA,TUNGSTENOS 2.4,1,1860.00,1860.00
2023-08-01,JORGE CD KOT,POR CERTIFICACION DE CISTERNA GLOBAL SUR STL,1,20600.00,20600.00
2023-08-01,STOCCO,TORIESFERICO 1600 6.3 A.C.,1,169000.00,169000.00
2023-08-01,STOCCO,TORIESFERICO 1700 6.3 A.C.,1,193000.00,193000.00
2023-08-01,STOCCO,TORIESFERICO 1750 6.3 A.C.,1,193000.00,193000.00
2023-08-01,STOCCO,TORIESFERICO 1800 6.3 A.C.,1,224000.00,224000.00
2023-08-01,STOCCO,TORIESFERICO 1900 6.3 A.C.,1,249000.00,249000.00
2023-08-01,STOCCO,TORIESFERICO 2000 6.3 A.C.,1,290000.00,290000.00
2023-08-01,STOCCO,TORIESFERICO 2100 6.3 A.C.,1,327000.00,327000.00
2023-08-01,STOCCO,TORIESFERICO 2200 6.3 A.C.,1,363000.00,363000.00
2023-08-02,TODO UNION,"UNIONES 3""",1,21209.00,21209.00
2023-08-02,TODO UNION,LLAVES SALIDA,1,25650.00,25650.00
2023-08-02,TODO UNION,CAMACHO CON BASE,1,31981.00,31981.00
2023-08-02,TODO UNION,DESCARGA,1,17442.00,17442.00
2023-08-02,TODO UNION,"TAPAS 4""",1,9437.00,9437.00
2023-08-02,TODO UNION,"ROLLOS AMARILLA 3""",1,92650.00,92650.00
2023-08-02,TODO UNION,"ARANDELA 4""",1,2900.00,2900.00
2023-08-02,BAIRES,22213 K,1,43165.44,43165.44
2023-08-02,BAIRES,SN 513,1,25992.00,25992.00
2023-08-02,BAIRES,H 313,1,7410.24,7410.24
2023-08-02,TER,TF ES 6306 A NEUM.MULT C PL.,1,136031.00,136031.00
2023-08-02,TER,TF DOBLE MB G221 N.MULT.AT ALTO TORQUE,1,399432.00,399432.00
2023-08-02,TER,TF DIRECTA P TF 5211 NEUM PL (ABAJO),1,84515.00,84515.00
2023-08-02,TER,TF DIRECTA P TF 5211 NEUM 215 (ARRIBA),1,84524.00,84524.00
2023-08-02,TER,EJE PROLONGADOR MB G221 C PLAC ( 211MM),1,51108.00,51108.00
2023-08-02,TRV,TRV 53 AB,1,1740.00,1740.00
2023-08-02,MICRO,ADCTUADOR 90 D. 83 2E F05 F07,1,64483.79,64483.79
2023-08-02,MICRO,ADCTUADOR 90 D.63 2E F05 F07,1,48889.60,48889.60
2023-08-02,MICRO,ADAPTADOR P ACT . POT. E C 11 A E C 14,1,359.00,359.00
2023-08-02,MICRO,ADAPTADOR 17X14X19,1,469.46,469.46
2023-08-03,HIERROS CASANOVA,TUBOS USO MECANICO 3,1,37542.56,37542.56
2023-08-03,HIERROS CASANOVA,TUBOS USO MECANICO 2 1 2,1,27667.90,27667.90
2023-08-03,HIERROS CASANOVA,TUBOS USO MECANICO 2,1,25608.97,25608.97
2023-08-03,HIERROS CASANOVA,TUBOS USO MECANICO 1,1,13061.97,13061.97
2023-08-03,HIERROS CASANOVA,TUBOS USO MECANICO 4,1,66319.65,66319.65
2023-08-03,HIERROS CASANOVA,ANGULOS 1 . 1 4X3 16,1,7359.92,7359.92
2023-08-03,HIERROS CASANOVA,ANGULOS 7 8X1 8,1,3739.69,3739.69
2023-08-03,HIERROS CASANOVA,TE 7 8X1 8,1,4119.77,4119.77
2023-08-03,HIERROS CASANOVA,"METAL DESPLEGADO 450 30 30 2(1 , 5X3)",1,26269.31,26269.31
2023-08-03,HIERROS CASANOVA,"TYROLIT DISCO SENSITIVO 350X2 , 5X25 ,4",1,2914.98,2914.98
2023-08-03,HIERROS CASANOVA,"CA. EST. RECT. 40X20X1,6",1,7153.16,7153.16
2023-08-03,HIERROS CASANOVA,"CA. EST. RECT. 100X20X1,6",1,14618.42,14618.42
2023-08-03,HIERROS CASANOVA,"CA. EST. RED. 2X1 , 24",1,7521.22,7521.22
2023-08-03,INOXIDABLES PIERRI,"NIPLE 1"" X 100 AISI 316",1,2308.00,2308.00
2023-08-03,INOXIDABLES PIERRI,NIPLES 1 2 100 AISI 316,1,1442.50,1442.50
2023-08-03,INOXIDABLES PIERRI,NIPLES 3 4 100 AISI 316,1,2452.25,2452.25
2023-08-03,INOXIDABLES PIERRI,"1 2 NIPLES 2"" AISI 316",1,3173.50,3173.50
2023-08-03,INOXIDABLES PIERRI,"TAPA 2"" AISI 304",1,2885.00,2885.00
2023-08-03,UDOR,VALV BY PASS U251,1,22201.81,22201.81
2023-08-03,HIERROS CASANOVA,UPN X 6 MTS 80,1,33439.64,33439.64
2023-08-03,HIERROS CASANOVA,IPN X 6MTS 80,1,22706.54,22706.54
2023-08-03,HIERROS CASANOVA,PLANCHUELAS 5X1 4,1,27492.39,27492.39
2023-08-03,HIERROS CASANOVA,PLANCHUELAS 1 . 1 2X1 4,1,5764.11,5764.11
2023-08-03,HIERROS CASANOVA,PLANCHUELAS 3 4X1 4,1,3233.14,3233.14
2023-08-03,HIERROS CASANOVA,PLANCHUELAS 1X3 16,1,3070.01,3070.01
2023-08-03,HIERROS CASANOVA,REDONDOS 3 4,1,6588.03,6588.03
2023-08-03,HIERROS CASANOVA,REDONDOS 1 2,1,3159.09,3159.09
2023-08-03,HIERROS CASANOVA,REDONDOS 3 8,1,2318.98,2318.98
2023-08-03,HIERROS CASANOVA,REDONDOS 5 16,1,1351.22,1351.22
2023-08-03,HIERROS CASANOVA,REDONDOS 1 4,1,884.12,884.12
2023-08-03,HIERROS CASANOVA,CUADRADOS 5 8,1,6770.15,6770.15
2023-08-03,HIERROS CASANOVA,CUADRADOS 1 2,1,4011.08,4011.08
2023-08-03,HIERROS CASANOVA,"CA. EST. RED. 5 8X1 ,6",1,2824.35,2824.35
2023-08-03,HIERROS CASANOVA,"CA. EST. RED. 1 2X1,6",1,2330.45,2330.45
2023-08-03,HIERROS CASANOVA,"CA. EST. RED. 1X1,6",1,4665.00,4665.00
2023-08-04,DI GILIO,KIT ABS 2S2M,1,28860.00,28860.00
2023-08-04,DI GILIO,"SENSOR ABS 90"" 1MT + CLIP",1,11700.00,11700.00
2023-08-04,DI GILIO,CORONA 176MM,1,8927.10,8927.10
2023-08-04,DI GILIO,VALVULA PREV,1,72150.00,72150.00
2023-08-04,DI GILIO,KIT CONEX. DESC. RAP 2 VIAS FORD,1,26789.10,26789.10
2023-08-04,DI GILIO,SPRING 30 30 303MM ROSCA 3 8,1,16087.50,16087.50
2023-08-04,DI GILIO,KIT CONEXIONES SPRING X EJE,1,7608.90,7608.90
2023-08-04,DI GILIO,TANQUE DE AIRE 75L CON SOPORTE,1,63293.10,63293.10
2023-08-04,DI GILIO,KIT CONEXIOES TANQUE DE 75 L,1,9687.60,9687.60
2023-08-04,DI GILIO,KIT A A U TBA 28D EUROBRAKE,1,31714.80,31714.80
2023-08-04,DI GILIO,TUBO POLIAMIDA 12 X 9 NEGRO,1,300.30,300.30
2023-08-04,DI GILIO,TUBO POLIAMIDA 16 X 12 NEGRO,1,479.70,479.70
2023-08-04,DI GILIO,TUBO POLIAMIDA 8 X 6 NEGRO,1,120.90,120.90
2023-08-04,DI GILIO,CORONA 176 MM,1,8927.00,8927.00
2023-08-04,DI GILIO,VALVULA DESC RAP Y 2 VIAS P FORD,1,26789.10,26789.10
2023-08-04,DI GILIO,KIT CONEXIONES TANQUE 75L,1,9687.60,9687.60
2023-08-04,VAL ARG,"VALVULAS ESF. PT BRONCE CROMADO PTFE 1 2""",1,1850.76,1850.76
2023-08-04,VAL ARG,"VALVULAS ESF. PT BRONCE CROMADO PTFE 3 4""",1,2662.65,2662.65
2023-08-04,VAL ARG,"VALVULAS ESF. PT BRONCE CROMADO PTFE 1""",1,4493.04,4493.04
2023-08-04,VAL ARG,"VALVULAS ESF. BRONCE PASO TOTAL 2""",1,14823.54,14823.54
2023-08-07,AGUA PARICE,BIDONES DE AGUA,1,665.00,665.00
2023-08-08,TORMECAN,ENGANCHE NO3 FIAT COMPLETO,1,231979.59,231979.59
2023-08-08,TORMECAN,GANCHO CADENERO DE CHAPA (JGO),1,12190.86,12190.86
2023-08-08,INOXIDABLES PIERRI,"CODOS ROSC 1"" AISI 304",1,2637.00,2637.00
2023-08-08,INOXIDABLES PIERRI,"TAPONES 1"" AISI 316",1,1465.00,1465.00
2023-08-08,INOXIDABLES PIERRI,"TEE ROSC 1"" AISI 316",1,3955.50,3955.50
2023-08-08,INDUSELL,MOTOR TRIF WEG 5.5 HP 1500 RPM IMB3 IP55 C112M A 13985922,1,188483.40,188483.40
2023-08-08,GIANNONI,GLASURIT COLOR 22 X 01,1,12096.00,12096.00
2023-08-08,GIANNONI,ENVASE X 1 (72),1,243.00,243.00
2023-08-08,GIANNONI,ESMALTE A POLIU. GRIS VISON 0100 X 03,1,17052.00,17052.00
2023-08-08,GIANNONI,CONVERTIDOR 9013 X 1,1,6434.76,6434.76
2023-08-08,GIANNONI,GLASURIT CAT. RAP. 929 91 X 0.500,1,6284.79,6284.79
2023-08-08,GIANNONI,KIT PARCHE X 10000,1,5332.60,5332.60
2023-08-08,GIANNONI,ESTOPA BLANCA X 05,1,2568.60,2568.60
2023-08-08,GIANNONI,VIRUTA FINA X 0.330,1,900.72,900.72
2023-08-08,GIANNONI,VIRUTA MEDIANA X 0.330,1,900.82,900.82
2023-08-09,ACSA,"8.25 X 22,5 10AG PHASE IV",1,59799.60,59799.60
2023-08-09,ACSA,VALVULAS TIPO SCHRADER P RUEDA,1,2058.00,2058.00
2023-08-09,VALVULAS ESTEBAN,"CODO 90"" PLASTICO 8 X 1 4",1,413.48,413.48
2023-08-09,VALVULAS ESTEBAN,CONECTOR RECTO PLASTICO 6MM X 1 4,1,318.93,318.93
2023-08-09,VALVULAS ESTEBAN,CONECTOR RECTO PLASTICO 6MM X 1 8,1,283.86,283.86
2023-08-09,VALVULAS ESTEBAN,"CODO 90"" PLASTICO 8 X 1 8",1,413.48,413.48
2023-08-09,VALVULAS ESTEBAN,CONECTOR RECTO PLASTICO 8MM X 1 8,1,312.57,312.57
2023-08-09,VALVULAS ESTEBAN,UNION DOBLE RECTA PASTICA TUBO 1 4,1,406.10,406.10
2023-08-09,VALVULAS ESTEBAN,REGULADOR 1 4,1,9532.84,9532.84
2023-08-09,GIANNONI,CINTA DOBLE A N 988 18 X 50,1,550.00,550.00
2023-08-09,GIANNONI,S.W KIT PRIMER Y ENDURECEDOR POLI P 710,1,3743.98,3743.98
2023-08-09,GIANNONI,LACA NITRO SEMI MATE NEGRO X 01,1,3361.27,3361.27
2023-08-09,GIANNONI,THINNER HYDRA ORO X 4,1,4142.82,4142.82
2023-08-09,VALVULAS ESTEBAN,UNION DOBLE AJUSTE TUBO 8,1,566.22,566.22
2023-08-09,VALVULAS ESTEBAN,TUERCA AJUSTE TUBO 8 (X10),1,2997.97,2997.97
2023-08-09,VALVULAS ESTEBAN,BUJE DE REDUCCION (ACERO) 3 8 X 1 4,1,340.66,340.66
2023-08-09,VALVULAS ESTEBAN,"CONJUNTO FRENO CAMION 1 2 PA6 C CONE.4,50MT",1,17712.03,17712.03
2023-08-09,VALVULAS ESTEBAN,VIROLA 6MM(X50),1,3685.06,3685.06
2023-08-09,VALVULAS ESTEBAN,VIROLA 8MM(X50),1,4535.41,4535.41
2023-08-09,AVEDIS,OXIGENO INDUSTRIAL TUBO,1,702.93,702.93
2023-08-09,AVEDIS,CO2 INDUSTRIAL TUBO,1,450.00,450.00
2023-08-10,CARBALLO,ACORTAR CARDAN,1,20000.00,20000.00
2023-08-10,CARBALLO,2 CRUCETAS 5 160,1,49621.78,49621.78
2023-08-10,CARBALLO,"CONJUNTO EMBRAGUE, PLACA Y DISCO SIN REC DE VOLANTE",1,68000.00,68000.00
2023-08-10,CARBALLO,JUNTA SEGURO RODILLO DE DIRECT,1,8000.00,8000.00
2023-08-10,CARBALLO,RETEN,1,2200.00,2200.00
2023-08-10,CARBALLO,BOLILLAS DE HORQUILLAS,1,800.00,800.00
2023-08-10,CARBALLO,GRAPODINA DE EMBRAGUE,1,15400.00,15400.00
2023-08-10,CARBALLO,RULEMAN 403635,1,19800.00,19800.00
2023-08-10,CARBALLO,RULEMAN 62,1,24200.00,24200.00
2023-08-10,CARBALLO,RULEMAN 403637,1,11000.00,11000.00
2023-08-10,CARBALLO,RULEMAN 403638,1,15400.00,15400.00
2023-08-10,DICA,"ACOPLE DNM 4"" ALUMINIO ( NACIONALES )",1,17718.56,17718.56
2023-08-10,DICA,"ACOPLE DNM 3"" ALUMINIO ( NACIONALES )",1,9099.04,9099.04
2023-08-10,DICA,"ACOPLE DNM 2 1 2"" ALUMINIO ( NACIONALES )",1,11307.20,11307.20
2023-08-10,DICA,"ACOPLE DTH 3"" ALUMINIO ( NACIONALES )",1,15948.48,15948.48
2023-08-10,DICA,"ACOPLE DCE 4"" ALUMINIO ( NACIONALES )",1,26284.80,26284.80
2023-08-10,DICA,"ACOPLE DCE 3"" ALUMINIO ( NACIONALES )",1,19453.12,19453.12
2023-08-10,DICA,"ACOPLE DCE 2 1 2"" ALUMINIO ( NACIONALES )",1,16570.08,16570.08
2023-08-10,DICA,"ACOPLE DCE 2"" ALUMINIO ( NACIONALES )",1,9649.60,9649.60
2023-08-10,CONSTRUMUNDO,BOLSAS CEMENTO 50KG AVELLANEDA,1,2355.37,2355.37
2023-08-10,CONSTRUMUNDO,ARENA MT3,1,8016.53,8016.53
2023-08-10,CONSTRUMUNDO,PIEDRA PARTIDA 1M3,1,14876.03,14876.03
2023-08-10,CONSTRUMUNDO,MALLA 15X15 H 6 DE 2X5M,1,18983.47,18983.47
2023-08-10,STOCCO,TORIESFERICO 1750,1,175000.00,175000.00
2023-08-10,KORMAT,VALV MARIPOSA WAFER 100 PAL,1,43364.00,43364.00
2023-08-10,DISTRIBUIDORA DIEZ,TERMICA TRIPOLAR 25A STECK,1,3120.00,3120.00
2023-08-10,DISTRIBUIDORA DIEZ,LAMPARA LED 50W IDOLER,1,2574.00,2574.00
2023-08-10,DISTRIBUIDORA DIEZ,LLAVE ELIBET INVERSORA C CAJA 32A COD.32302 0,1,15600.00,15600.00
2023-08-10,DISTRIBUIDORA DIEZ,ADAPTADOR P LAMPARA 50W,1,598.00,598.00
2023-08-10,DISTRIBUIDORA DIEZ,FICHA STECK N 5276 32 AMP,1,4030.00,4030.00
2023-08-10,BARRIOS CURBELO SANDRA JANET,CHAPA ALUMINIO 1000 X 2000 X 2 MM ESPESOR,1,37190.08,37190.08
2023-08-10,KORMAT,VALV MARIPOSA WAFER 150 PAL,1,72371.00,72371.00
2023-08-10,STOCCO,"CASQUETE TORIESFERICO 1750 6,3",1,175000.00,175000.00
2023-08-11,VALVULAS ESTEBAN,"ADAP. MACHO ROSCA MACHO 4""",1,10762.42,10762.42
2023-08-11,VALVULAS ESTEBAN,"ADAP. MACHO ROSCA MACHO 3""",1,6695.30,6695.30
2023-08-11,VALVULAS ESTEBAN,"ADAP. MACHO ROSCA MACHO 2 1 2""",1,4959.99,4959.99
2023-08-11,VALVULAS ESTEBAN,"ADAP. MACHO ROSCA MACHO 2""",1,3930.44,3930.44
2023-08-11,VALVULAS ESTEBAN,"TAPA 3""",1,8215.44,8215.44
2023-08-11,VALVULAS ESTEBAN,"CUPLA HEMBRA MANGUERA 4""",1,16115.47,16115.47
2023-08-11,VALVULAS ESTEBAN,"CUPLA HEMBRA MANGUERA 2""",1,6702.00,6702.00
2023-08-11,CONSTRUMUNDO,BOLSAS CAL CACIQUE MAX 30KG,1,1528.93,1528.93
2023-08-11,SANITARIOS ADRIANA,BUJE 3 X 2 1 2 GALVANIZADO,1,6592.00,6592.00
2023-08-11,CONSTRUMUNDO,ALAMBRE DE FARDO POR KG,1,1115.70,1115.70
2023-08-14,TORMECAN,MESA PLATO CORRUGADA 40 ALT.,1,74170.37,74170.37
2023-08-14,TORMECAN,MESA PLATO CORRUGADA 100 ALT.,1,106324.15,106324.15
2023-08-14,ZALOZE,"RED CON SCH 40 6 X 4""",1,24912.81,24912.81
2023-08-14,ZALOZE,"RED CON SCH 40 4 X 3""",1,9065.44,9065.44
2023-08-14,ZALOZE,"RED CON SCH 40 4 X 2 1 2""",1,10029.60,10029.60
2023-08-14,ZALOZE,"C.R.LARGO SCH 40 6""",1,34518.54,34518.54
2023-08-14,ZALOZE,"C.R.LARGO 90"" SCH 40 3""",1,6175.96,6175.96
2023-08-14,ZALOZE,"C.R.LARGO 90O SCH 40 2 1 2""",1,5104.35,5104.35
2023-08-14,COINGAS,"BUJE RED. GALVANIZADO 3"" X 2 1 2 DEMA",1,5642.73,5642.73
2023-08-16,GEC,DCOFQP T1890 L600 PAB0O GRASA TC PT ABS,1,595805.00,595805.00
2023-08-16,GEC,DCOFQP T1890 LA520 CSTD GRASA PT TA ABS,1,595805.00,595805.00
2023-08-16,MARBY,6.35 X 1500 X 7000 (*),1,702.80,702.80
2023-08-16,MARBY,3.20 X 1500 X 6000,1,702.80,702.80
2023-08-16,MARBY,4.80 X 1500 X 6000,1,695.45,695.45
2023-08-16,MARBY,1.60 X 1220 X 2440,1,844.55,844.55
2023-08-17,ONISZCZUK ALBERTO,VALVULA DE RETENCION 1 4,1,8000.00,8000.00
2023-08-17,AVEDIS,OXIGENO INDUSTRIAL TUBO,1,702.93,702.93
2023-08-17,AVEDIS,ARGON TUBO,1,5859.40,5859.40
2023-08-17,AVEDIS,CO2 INDUSTRIAL TUBO,1,450.00,450.00
2023-08-18,APERAM,"0102 23045 CHAPA 304 3,00 1250 X 2500 2B C1 A",1,3322.40,3322.40
2023-08-18,HIERROTAN,FONDO TORIESFERICO DIAM. 450 X 1 8,1,87720.00,87720.00
2023-08-22,ULTRACOLOR,ALBAMIX 4590020 CONV FDO EPO X 4L,1,10300.00,10300.00
2023-08-22,ELECTRO TRAILER,PLACA TEFLON PARA PLATO DE ENGANCHE JOST CON KIT DE INSTALACION,1,26720.93,26720.93
2023-08-22,BAIRES,RETEN 5432 DBH,1,610.38,610.38
2023-08-22,NEW GAS,GAR.10K.YPF GAS,1,2217.19,2217.19
2023-08-22,DALIS,BR LASER TN 660 2320,1,11314.05,11314.05
2023-08-23,FABIO,"TUERCA EXAGONAL LIVIANA UNC NATURAL 5 16""",1,11.04,11.04
2023-08-23,FABIO,"BULON GRADO 5 UNC DORADO 5 8X1 1 2""",1,267.33,267.33
2023-08-23,FABIO,"BULON GRADO 5 UNC DORADO 5 8X5""",1,687.66,687.66
2023-08-23,CONSTRUMUNDO,CEMENTO AVELLANEDA,1,3280.00,3280.00
2023-08-23,CONSTRUMUNDO,CAL HIDRAT EXTRA 25KG,1,1380.00,1380.00
2023-08-23,CONSTRUMUNDO,CAL CACIQUE MAX 30KG,1,2130.00,2130.00
2023-08-23,CONSTRUMUNDO,HIDRALIT,1,2400.00,2400.00
2023-08-23,CONSTRUMUNDO,CAL MILAGRO,1,4400.00,4400.00
2023-08-23,CONSTRUMUNDO,PEG IMPER BORGONA 30KG,1,3180.00,3180.00
2023-08-23,CONSTRUMUNDO,HIDROFUGO HOMERO X10 KG,1,4480.00,4480.00
2023-08-23,CONSTRUMUNDO,LADRILLO CORDOBA,1,88.00,88.00
2023-08-23,CONSTRUMUNDO,LADRILLO COMUN,1,50.00,50.00
2023-08-23,CONSTRUMUNDO,LADRILLO MAR DEL PLATA,1,80.00,80.00
2023-08-23,CONSTRUMUNDO,LADRILLO HUECO 8X8X33,1,170.00,170.00
2023-08-23,CONSTRUMUNDO,LADRILLO HUECO 12X18X33 (9AUJ.),1,200.00,200.00
2023-08-23,CONSTRUMUNDO,LADRILLO HUECO 18X18X33,1,323.00,323.00
2023-08-23,CONSTRUMUNDO,BLOQUE CEMENTO 13X19X39,1,343.00,343.00
2023-08-23,CONSTRUMUNDO,"HIERRO DEL 4,2",1,1560.00,1560.00
2023-08-23,CONSTRUMUNDO,HIERRO DEL 6,1,2400.00,2400.00
2023-08-23,CONSTRUMUNDO,HIERRO DEL 8,1,4200.00,4200.00
2023-08-23,CONSTRUMUNDO,HIERRO DEL 10,1,6500.00,6500.00
2023-08-23,CONSTRUMUNDO,HIERRO DEL 12,1,9500.00,9500.00
2023-08-23,CONSTRUMUNDO,KG ALAMBRE FARDO,1,1500.00,1500.00
2023-08-23,CONSTRUMUNDO,KG CLAVOS PUNTA PARIS,1,1700.00,1700.00
2023-08-23,CONSTRUMUNDO,MTS DE ARENA,1,12500.00,12500.00
2023-08-23,CONSTRUMUNDO,MTS DE PIEDRA,1,21000.00,21000.00
2023-08-23,CONSTRUMUNDO,MTS DE CASCOTE PICADO,1,7000.00,7000.00
2023-08-23,CONSTRUMUNDO,MTS DE GRANZA,1,10000.00,10000.00
2023-08-23,CONSTRUMUNDO,CHASIS DE TOSCA (8 MTS),1,29600.00,29600.00
2023-08-23,CONSTRUMUNDO,CONCHILLA (MTS),1,10900.00,10900.00
2023-08-23,CONSTRUMUNDO,YESO TUYANGO X 30 KG,1,4900.00,4900.00
2023-08-23,CONSTRUMUNDO,HORMIGON H21,1,46000.00,46000.00
2023-08-23,CONSTRUMUNDO,"VIGAS 4,20 MT",1,7641.79,7641.79
2023-08-23,CONSTRUMUNDO,LADRILLOS DE TERGOPOR,1,1120.00,1120.00
2023-08-23,CONSTRUMUNDO,"MALLA 15X15 2X5M HIERRO 4,2",1,10900.00,10900.00
2023-08-23,CONSTRUMUNDO,"MALLA 15X15 2X5M HIERRO 5,3",1,25600.00,25600.00
2023-08-23,ROSSI,601 X 10 GRS LOCTITE,1,3900.00,3900.00
2023-08-23,ROSSI,277 X 10 GRS LOCTITE,1,3900.00,3900.00
2023-08-23,DACI,MECHA A R EZETA 14.00MM,1,11405.36,11405.36
2023-08-24,TER,TF DOBLE ZF 16S 151 NEUM MULT ( ARR: Z15 X AB: C PL.),1,360019.00,360019.00
2023-08-24,TER,EJE PROLONGADOR TF ZF 16S 151 (ZF 16S 2225),1,30551.00,30551.00
2023-08-24,TER,TF FS 6306 A NEUM MULT C P1 6406 B,1,164597.00,164597.00
2023-08-24,VALVULAS ESTEBAN,ACOPLE RAPIDO 1 4 S PERNO RCA. H 1 4,1,1510.22,1510.22
2023-08-24,VALVULAS ESTEBAN,PERNO ENCHUFE 1 4 X MANG 3 8,1,432.11,432.11
2023-08-24,VALVULAS ESTEBAN,RACORD ACERO MANG 3 8 X 1 4M (X10),1,2607.18,2607.18
2023-08-24,VALVULAS ESTEBAN,PERNO ENCHUFE 1 4 X 1 4 MACHO (X10),1,2737.80,2737.80
2023-08-24,VALVULAS ESTEBAN,VALVULA RETENCION NEUM. 1 8,1,3631.68,3631.68
2023-08-24,VALVULAS ESTEBAN,VALVULA RETENCION NEUM. 1 4,1,3631.68,3631.68
2023-08-24,VALVULAS ESTEBAN,CODO 90 PLASTICO 6 X 1 8,1,429.48,429.48
2023-08-24,VALVULAS ESTEBAN,CODO 90 PLASTICO 8 X 1 8,1,522.85,522.85
2023-08-24,TANGLER,UN REFLECTIVO DOBLE,1,2119.90,2119.90
2023-08-24,MATAFUEGOS EZEIZA,MATAFUEGOS ABC X 10 KGS,1,50500.00,50500.00
2023-08-24,TER,TF MB G3 60 NEUM MULT C PLATO,1,166665.00,166665.00
2023-08-24,TER,SOPORTE TF 1114 DOBLE CARD CT 1114 COMO CT,1,185723.00,185723.00
2023-08-24,DISTRIBUIDORA DIEZ,CABLE TIPO TALLER 2X1 1.5MM,1,533.00,533.00
2023-08-24,GIANNONI,FARECLA G3 WAX (EX CERA WAX TOP) X 0.500,1,6032.88,6032.88
2023-08-24,GIANNONI,ZEOCAR MASILLA FORMULA POL X 04,1,9395.26,9395.26
2023-08-24,GIANNONI,CETOL B NATURAL X 04,1,15099.92,15099.92
2023-08-24,GIANNONI,HYDRARRAS X 04,1,4215.20,4215.20
2023-08-24,GIANNONI,DISCO AA 050,1,942.04,942.04
2023-08-24,GIANNONI,DISCO AA 120,1,874.75,874.75
2023-08-24,GIANNONI,FONDO EPOXI GRIS ANTI. 8007 X 04,1,24858.38,24858.38
2023-08-24,GIANNONI,CONVERTIDOR EPOXI 9020 X 1,1,3322.41,3322.41
2023-08-24,GIANNONI,ESMALTE A POLIU NEGRO 0100 X 03,1,19215.97,19215.97
2023-08-24,GIANNONI,ESMALTE A POLIU BERMELLON 0100 X03,1,19993.63,19993.63
2023-08-24,GIANNONI,CINTA DOBLE A N 988 18 X 50,1,701.28,701.28
2023-08-24,GIANNONI,ESMALTE A POLIU BLANCO 0100 X 03,1,19800.00,19800.00
2023-08-24,GIANNONI,ESMALTE A POLIU GRIS CHASIS 0100 X 03,1,19665.41,19665.41
2023-08-24,GIANNONI,ESMALTE A POLIU ALUMINIO LLANTA 0100 X 03,1,18136.84,18136.84
2023-08-24,GIANNONI,CONVERTIDOR 9013 X 4,1,29778.85,29778.85
2023-08-26,2MT,BUL NC 1010 5 16X18X 1 ZCJ900,1,21627.88,21627.88
2023-08-26,2MT,TUERCA H 5 16 NC18CAJA3000,1,34004.23,34004.23
2023-08-26,2MT,TOR C TQES T 3 16X3 4 EST350,1,3905.86,3905.86
2023-08-28,AVEDIS,OXIGENO INDUSTRIAL TUBO,1,702.93,702.93
2023-08-28,AVEDIS,CO2 INDUSTRIAL TUBO,1,450.00,450.00
2023-08-28,BALIO,MMA 2520S CAMARA DE AIRE TUBULAR H. 390,1,31329.46,31329.46
2023-08-28,HIZA,VIDRIOS TRANSPARENTES,1,175.00,175.00
2023-08-28,HIZA,TOBERAS 250,1,2190.00,2190.00
2023-08-28,HIZA,TOBERAS 360,1,4405.00,4405.00
2023-08-29,HIERROS CASANOVA,"CA. EST. CUAD. 40X40X3 ,2",1,21849.70,21849.70
2023-08-29,HIERROS CASANOVA,CA. EST. RECT. 40X30X2,1,13024.91,13024.91
2023-08-29,HIDRONOVA,MANG 3 4 R2 1050 HG X HG 1.1 16 JIC,1,20423.00,20423.00
2023-08-29,HIDRONOVA,MANG 3 4 R2 X 2060MM HG X HG 1.1 16 JIC,1,29967.00,29967.00
2023-08-29,HIDRONOVA,MANG 3 4 R2 X 2740MM HG X HG 1.1 16 JIC,1,36960.00,36960.00
2023-08-29,HIDRONOVA,ADAPTADOR JIC X NPT 1.1 16 X 3 4,1,2183.00,2183.00
2023-08-29,HIDRONOVA,CODO 90 JIC X NPT 1.1 16 X 3 4,1,8168.00,8168.00
2023-08-29,HIDRONOVA,BUJE RED M X H 0 7 8,1,3104.00,3104.00
2023-08-29,HIDRONOVA,"ACOPLE A PALANCA TIPO C 2.1 2""",1,9709.00,9709.00
2023-08-29,HIDRONOVA,"RACORD FORJADO DE ACERO 2.1 2""",1,13464.00,13464.00
2023-08-29,GIANNONI,GLASURIT PR.HS VOC GRIS 285 700 X 03,1,31744.25,31744.25
2023-08-29,GIANNONI,GLASU CAT RAP 929 55(SOLO PRIM) X 0.500,1,7619.25,7619.25
2023-08-29,GIANNONI,GLASURIT CAT.RAP.929 91 X 0.500,1,7541.75,7541.75
2023-08-29,GIANNONI,GLASURIT COLOR 22 X 01,1,12064.00,12064.00
2023-08-29,GIANNONI,ENVASE X4 (24),1,678.60,678.60
2023-08-29,GIANNONI,TRIMAS REVEST TEXT NEGRO X 01,1,2128.40,2128.40
2023-08-29,TER,TF FS 4205 A NEUM MULT C PL,1,172447.00,172447.00
2023-08-29,MARBY,CH LC CC 6.35X1500X7000,1,4151.00,4151.00
2023-08-29,MARBY,CH LC CC 3.20X1500X6000,1,672.00,672.00
2023-08-29,MARBY,CH LC CC 4.80X1500X6000,1,658.00,658.00
2023-08-29,MARBY,CH LF CC 1.60X1220X2440,1,374.00,374.00
2023-08-30,PROVIN,TIRAS DE TUBO DE VIDRIO 0 32MM X 4MM ESPESOR X1000MM DE LARGO,1,60673.00,60673.00
2023-08-30,AVEDIS,OXIGENO INDUSTRIAL TUBO,1,702.93,702.93
2023-08-30,AVEDIS,CO2 INDUSTRIAL TUBO,1,450.00,450.00
2023-08-30,HIERROS CASANOVA,PLANCHUELAS 1X3 8,1,8447.15,8447.15
2023-08-30,HIERROS CASANOVA,VARIOS CORTE PLANCHA 1 2,1,46.69,46.69
2023-08-30,COINGAS,TEE GALV 2 1 2 DEMA,1,8296.67,8296.67
2023-08-30,COINGAS,NIPLE GALV 1 4 X 10CM,1,448.20,448.20
2023-08-30,COINGAS,CODO GALV 1 4 90 HH DEMA,1,481.90,481.90
2023-08-30,COINGAS,CANO PN20 REDECO 20MM,1,1310.33,1310.33
2023-08-30,COINGAS,CODO 90 C INSERT MACHO 20X 1 2 REDECO,1,699.26,699.26
2023-08-30,COINGAS,BUJE RED PPP 3 4 X 1 2 IPS,1,56.70,56.70
2023-08-30,COINGAS,CODO FUSION FUSION 20MM 90 REDECO,1,95.70,95.70
2023-08-30,COINGAS,UDC ROSCA HEMBRA MET. 20 X 1 2 REDECO,1,1020.54,1020.54
2023-08-30,COINGAS,R.C.T. PPP 1 2 IPS,1,75.60,75.60
2023-08-30,COINGAS,CODO HH 1 2 X 90 PPP IPS,1,132.30,132.30
2023-08-30,COINGAS,VALVULA ESFERICA EVOLUTION 20,1,874.30,874.30
2023-08-30,COINGAS,JUNTA DE ASIENTO AP. CAPEA FLAPER FO20,1,92.25,92.25
2023-08-31,AVEDIS,ALQUILER DE TUBO (21%),1,75.00,75.00
2023-09-01,MONTEGRANDE SERVICIOS MGW S.A,NUEVO PLAN 25 MB,1,3140.50,3140.50
2023-09-01,MONTEGRANDE SERVICIOS MGW S.A,ABONO CORPORATIVO,1,619.83,619.83
2023-09-01,TER,NEUM. MULT. C P1 VW DELIVERY,1,267441.00,267441.00
2023-09-01,BURGOM,CORREA EVER WEAR A 027,1,1645.87,1645.87
2023-09-01,BURGOM,CORREA EVER WEAR A 028,1,1708.89,1708.89
2023-09-01,BURGOM,1319 MANCHON 85MM X 6 AGUJ.,1,2353.93,2353.93
2023-09-01,BURGOM,ADHESIVO DIGOCOL 250 CC.,1,1305.60,1305.60
2023-09-01,BURGOM,ADHESIVO CIANO CB1 CM1 CM2 CA3 20GS,1,3745.43,3745.43
2023-09-01,BURGOM,AFLOJA TODO 170X250 DIGOCOL,1,1082.40,1082.40
2023-09-01,BURGOM,BURLETE DE GOMA ESPONJA 15X50,1,1978.50,1978.50
2023-09-01,BURGOM,BURLETE DE GOMA ESPONJA 25X50,1,3294.86,3294.86
2023-09-01,BURGOM,CORREA EVER WEAR B 055,1,4632.06,4632.06
2023-09-01,BURGOM,CORREA EVER WEAR B 056,1,4716.09,4716.09
2023-09-01,BURGOM,MANGUERA AIRE AGUA 19MM 300LBRS.,1,4628.44,4628.44
2023-09-01,BURGOM,CORREA EVER WEAR B 045,1,3791.10,3791.10
2023-09-01,BURGOM,BURLETE DE GOMA ESPONJA 6X30,1,492.64,492.64
2023-09-01,BURGOM,AFLOJA TODO DIAGOCOL X440,1,1338.24,1338.24
2023-09-01,BURGOM,YUMA 732 RR 732 RT 732 TT,1,1530.38,1530.38
2023-09-01,BURGOM,PLANCHA GOMA EVA ESP 5MM,1,7839.20,7839.20
2023-09-01,BURGOM,PLANCHA GOMA EVA ESP 10MM,1,15678.40,15678.40
2023-09-01,BURGOM,SINTETICA 1 TELA 6MM GU,1,2466.99,2466.99
2023-09-01,BURGOM,CORREA EVER WEAR B 054,1,4547.40,4547.40
2023-09-01,BURGOM,CORREA EVER WEAR B 061,1,5138.05,5138.05
2023-09-01,BURGOM,CORREA EVER WEAR B 070,1,6050.42,6050.42
2023-09-01,BURGOM,CORREA EVER WEAR B 035,1,2947.18,2947.18
2023-09-04,BAIRES,22211 KMBC3W33,1,41465.98,41465.98
2023-09-04,BAIRES,SN 511,1,25365.70,25365.70
2023-09-04,BAIRES,H 311,1,8333.40,8333.40
2023-09-04,TODO UNION,"MACHO ROSCA MACHO MANIJA BRONCE 2"" 1 2",1,17102.00,17102.00
2023-09-04,TODO UNION,"TAPON 2"" 1 2",1,8805.00,8805.00
2023-09-04,TODO UNION,LLAVE SALIDA,1,32000.00,32000.00
2023-09-04,TODO UNION,"CAMACHO C BASE 2"" 1 2",1,38700.00,38700.00
2023-09-04,TODO UNION,"ARANDELA 4""",1,4000.00,4000.00
2023-09-06,DACI,CHAVETAS MEDIA LUNAS 1 8 X 5 8,1,900.02,900.02
2023-09-06,NEW GAS,GAR.10K.YPF GAS,1,2488.69,2488.69
2023-09-06,NEW GAS,GAR 45K YPF GAS,1,10407.24,10407.24
2023-09-06,BAIRES,1209 K,1,47.68,47.68
2023-09-06,BAIRES,H 309,1,9.62,9.62
2023-09-06,BAIRES,SN 509,1,57.35,57.35
2023-09-06,BAIRES,POLEA 5 CAN 100MM DIAM,1,295.00,295.00
2023-09-06,BAIRES,POLEA 5 CAN 260MM DIAM,1,415.00,415.00
2023-09-07,DISTRIBUIDORA DIEZ,PANTALLA DE POLICARBONATO 30CM,1,4940.00,4940.00
2023-09-07,DISTRIBUIDORA DIEZ,"1MTS CANO SICA DE 20"" PVC",1,325.00,325.00
2023-09-07,DISTRIBUIDORA DIEZ,CURVA SICA DE 20 PVC,1,299.00,299.00
2023-09-07,DISTRIBUIDORA DIEZ,CAJA EXULTT 10X10,1,1040.00,1040.00
2023-09-07,DISTRIBUIDORA DIEZ,CONECTOR SICA DE 20 PVC,1,412.10,412.10
2023-09-07,DISTRIBUIDORA DIEZ,CUPLA DE UNION 20 SICA,1,403.00,403.00
2023-09-07,DISTRIBUIDORA DIEZ,1MTS CABLE 1X1.5 MM,1,195.00,195.00
2023-09-07,DISTRIBUIDORA DIEZ,1MTS CABLE 1X2.5 MM,1,318.50,318.50
2023-09-07,DISTRIBUIDORA DIEZ,"CONECTOR CURVO 90"" MACHO 1 2"" ESTANCO S T F52",1,4560.40,4560.40
2023-09-07,DISTRIBUIDORA DIEZ,"CONECTOR RECTO 1 2"" DAISA FT33",1,1807.00,1807.00
2023-09-07,DISTRIBUIDORA DIEZ,TUERCA 1 2,1,326.30,326.30
2023-09-07,DISTRIBUIDORA DIEZ,KIT DE TARUGOS C TORNILLOS 6MM TASCA X 100 UNID,1,1560.00,1560.00
2023-09-07,DISTRIBUIDORA DIEZ,GRAMPA SICA DE 20,1,130.00,130.00
2023-09-07,ULTRACOLOR,DIPROEL DILUY POLIURETANO X18L,1,20832.00,20832.00
2023-09-07,ULTRACOLOR,DIPROEL DILUY ACRILICO X 200L,1,167400.00,167400.00
2023-09-11,BULONES COIRO,TUERCA ESPECIAL ROSCA CUAD. 3 4 4H 38X31 CIL,1,2055.75,2055.75
2023-09-11,BULONES COIRO,BULON EXAGONAL A109 T RE 16 150 065,1,1088.64,1088.64
2023-09-11,BULONES COIRO,TUERCA AUTOF ME HACER TOZA 12 15 0 C ALA,1,262.55,262.55
2023-09-12,BULONES COIRO,BULON EXAGONAL A109 T RE 16 150 075,1,1335.05,1335.05
2023-09-12,BULONES COIRO,BULON EXAGONAL A8.8 Z PD 3 4 10 H 155,1,1327.63,1327.63
2023-09-12,BULONES COIRO,BULON EXAGONAL A8.8 Z PD 3 4 10 H 165,1,2098.15,2098.15
2023-09-12,BULONES COIRO,BULON EXAGONAL A8.8 Z PD 3 4 11 H 175,1,1735.07,1735.07
2023-09-12,BULONES COIRO,BULON EXAGONAL A8.8 Z PD 3 4 12 H 200,1,1961.48,1961.48
2023-09-12,BULONES COIRO,BULON EXAGONAL A8.8 Z PD 3 4 13 H 215,1,2667.60,2667.60
2023-09-12,BULONES COIRO,BULON EXAGONAL A8.8 Z PD 3 4 14 H 225,1,2555.39,2555.39
2023-09-12,DISTRIBUIDORA DIEZ,CUPLA DE UNION 20 SICA,1,200.20,200.20
2023-09-12,DISTRIBUIDORA DIEZ,CONECTOR DE PVC 20 SICA,1,204.10,204.10
2023-09-12,DISTRIBUIDORA DIEZ,MODULO DE COMBINACION JELUZ,1,533.00,533.00
2023-09-12,DISTRIBUIDORA DIEZ,CAJA TABLEPLAS XCB 10 77,1,975.00,975.00
2023-09-12,DACI,BULON G5 HEX USS 7 8 X 3,1,1463.21,1463.21
2023-09-12,DACI,BULON G5 HEX USS 7 8 X 4 1 2,1,2033.86,2033.86
2023-09-12,DACI,ARANDELA PLANA 7 8 ZINC,1,171.48,171.48
2023-09-12,DACI,TUERCA AUTOFRENANTE 7 8 9 USS,1,470.86,470.86
2023-09-12,DISTRIBUIDORA DIEZ,MODULO TAPON CIEGO RICHI,1,65.00,65.00
2023-09-12,DISTRIBUIDORA DIEZ,"CANO SICA DE 20"" PVC",1,549.90,549.90
2023-09-12,DISTRIBUIDORA DIEZ,PLAFON ROKER R 216,1,3380.00,3380.00
2023-09-12,DISTRIBUIDORA DIEZ,ROLLO DE CINTA AISLADORA VINI TAPE X 20 MTS,1,1107.60,1107.60
2023-09-12,DISTRIBUIDORA DIEZ,LAMPARA LED 15W INTERELEC,1,520.00,520.00
2023-09-12,AGUA PARICE,BIDONES DE AGUA,1,665.00,665.00
2023-09-12,DISTRIBUIDORA DIEZ,CURVA SICA DE 20 PVC,1,370.50,370.50
2023-09-12,DISTRIBUIDORA DIEZ,CABLE 1 X 2.5MM,1,318.50,318.50
2023-09-12,DISTRIBUIDORA DIEZ,CAJA KALOP RECT EXTERIOR,1,923.00,923.00
2023-09-12,DISTRIBUIDORA DIEZ,KIT DE TORNILLOS Y TARUGOS NA6,1,2080.00,2080.00
2023-09-12,DISTRIBUIDORA DIEZ,DISYUNTOR BIPOLAR 25AMP STECK,1,9394.00,9394.00
2023-09-12,DISTRIBUIDORA DIEZ,TERMICA BIPOLAR 16AMP STECK,1,2570.00,2570.00
2023-09-12,DISTRIBUIDORA DIEZ,TERMICA BIPOLAR 10AMP STECK,1,2470.00,2470.00
2023-09-12,DISTRIBUIDORA DIEZ,TERMICA BIPOLAR 6AMP STECK,1,2683.20,2683.20
2023-09-12,DISTRIBUIDORA DIEZ,GRAMPA SICA DE 20,1,244.40,244.40
2023-09-12,DISTRIBUIDORA DIEZ,CAJA TABLEPLAST PF08S,1,4030.00,4030.00
2023-09-12,DISTRIBUIDORA DIEZ,PAR DE BOTINES OMBU FRANCES C P NEGRO,1,24300.00,24300.00
2023-09-12,DISTRIBUIDORA DIEZ,MODULO DE TOMA JELUZ,1,431.60,431.60
2023-09-12,DISTRIBUIDORA DIEZ,MODULO DE TOMA EXULT,1,416.00,416.00
2023-09-12,DISTRIBUIDORA DIEZ,BASTIDOR EXULT,1,273.00,273.00
2023-09-12,DISTRIBUIDORA DIEZ,TAPAS JELUX,1,234.00,234.00
2023-09-12,HIZA,ROLLO INOX 308 15KG,1,235000.00,235000.00
2023-09-14,HIZA,PICOS 1.2,1,640.00,640.00
2023-09-14,HIZA,ANILLO AISLANTE C70,1,9490.00,9490.00
2023-09-14,HIZA,JUEGOS PLASMA C70 CORTOS,1,4480.00,4480.00
2023-09-14,CARBALLO,FABRICAR CARDAN 720MM C BALANCEO,1,60000.00,60000.00
2023-09-14,AVEDIS,CO2 INDUSTRIAL TUBO,1,562.50,562.50
2023-09-14,AVEDIS,OXIGENO INDUSTRIAL TUBO,1,913.81,913.81
2023-09-14,MACEGO,PIEZAS ESCUADRAS SEGUN PLANO X 1 2,1,49650.00,49650.00
2023-09-14,MACEGO,BRIDA 0 183 0 100 X 3 8,1,3321.00,3321.00
2023-09-14,SP ACCESORIOS,P BARRANDA CICLISTA PLASTICA SEMIACOPLAD,1,473.05,473.05
2023-09-14,SP ACCESORIOS,BARAN CICLISTA SOLA Y BRUSA CHICA,1,356.31,356.31
2023-09-14,SP ACCESORIOS,PROTECTOR TRAS PLAS 32 100,1,154.99,154.99
2023-09-14,SP ACCESORIOS,R.C.T. GALV. 3 4 LATYN,1,662.38,662.38
2023-09-14,COINGAS,TEE GALV 3 8 DEMA,1,559.31,559.31
2023-09-14,COINGAS,"TE GALV 1"" LATYN",1,1692.73,1692.73
2023-09-14,COINGAS,TEE GALV 2 1 2 DEMA,1,8615.81,8615.81
2023-09-14,VENTURI,"ADAPTADOR MF JIG 7 8 % MF CONI (25,00%)",1,1633.28,1633.28
2023-09-14,VENTURI,"JUEGO DE CODOS ALUMINIO (25,00%)",1,22744.84,22744.84
2023-09-14,COINGAS,NIPLE GALV 3 4 X 15CM,1,668.14,668.14
2023-09-14,COINGAS,"NIPLE GALV 1"" X 15CM",1,934.97,934.97
2023-09-14,COINGAS,NIPLE GALV 1 1 4 X 15CM,1,1279.89,1279.89
2023-09-14,COINGAS,"NIPLE GALV 2"" X 15CM",1,3015.33,3015.33
2023-09-14,COINGAS,"NIPLE GALV 2"" 1 2 X 15CM",1,3362.42,3362.42
2023-09-14,COINGAS,"NIPLE GALV 2"" X 25CM",1,5021.93,5021.93
2023-09-14,COINGAS,CURVA GALV 1 2 45 HH LATYN,1,1280.59,1280.59
2023-09-14,COINGAS,"CURVA GALV 1"" 45 HH LATYN",1,2472.88,2472.88
2023-09-14,COINGAS,CURVA GALV 1 1 4 45 HH LATYN,1,4195.07,4195.07
2023-09-14,COINGAS,CURVA GALV 1 1 2 45O HH LATYN,1,6182.21,6182.21
2023-09-14,COINGAS,CURVA GALV 1 1 4 45 MH LATYN,1,3459.08,3459.08
2023-09-14,COINGAS,"CURVA GALV 2"" 45 MH LATYN",1,7065.35,7065.35
2023-09-14,COINGAS,CURVA GALV 2 1 2 45 MH DEMA,1,12658.77,12658.77
2023-09-14,COINGAS,"R.C.T GALV 2"" LATYN",1,2767.26,2767.26
2023-09-14,COINGAS,CODO GALV 1 4 90 HH DEMA,1,500.43,500.43
2023-09-14,COINGAS,CODO GALV 1 4 90 MH DEMA,1,520.06,520.06
2023-09-14,COINGAS,CODO GALV 3 4 90 MH LATYN,1,824.26,824.26
2023-09-14,COINGAS,"CODO GALC 2"" 90 MH LATYN",1,4975.23,4975.23
2023-09-14,COINGAS,CUPLA C B GALV 1 2 LATYN,1,500.46,500.46
2023-09-14,COINGAS,CUPLA C B GALV 1 1 4 LATYN,1,1457.21,1457.21
2023-09-14,COINGAS,CUPLA C B GALV 1 1 2 LATYN,1,2090.17,2090.17
2023-09-14,COINGAS,CUPLA C B GALV 2 1 2 DEMA,1,5740.60,5740.60
2023-09-14,COINGAS,"CUPLA C B GALV 3"" DEMA",1,7801.34,7801.34
2023-09-14,COINGAS,TAPON GALV 1 1 4 M LATYN,1,883.14,883.14
2023-09-14,COINGAS,TAPON GALV 1 1 2 M LATYN,1,1221.72,1221.72
2023-09-14,COINGAS,TAPA GALV 1 1 4 H LATYN,1,1045.07,1045.07
2023-09-14,COINGAS,TAPA GALV 2 1 2 H DEMA,1,4857.47,4857.47
2023-09-14,COINGAS,NIPLE GALV 1 2 X 15CM,1,580.96,580.96
2023-09-15,COINGAS,TEFLON 3 4 X 10 MTS,1,151.85,151.85
2023-09-15,DALIS,RESMITA A4 80GRS 6222 2 BOREAL,1,2807.53,2807.53
2023-09-15,LUBRICENTRO RUTA,80W90,1,1983.48,1983.48
2023-09-18,BEARINGS,BULONES DE CARDAN MERCEDES,1,520.00,520.00
2023-09-18,BEARINGS,MANIJA ACCESO MERCEDES BENZ,1,6800.00,6800.00
2023-09-18,BEARINGS,PORTA LAMPARAS H1,1,2900.00,2900.00
2023-09-18,BEARINGS,LAMPARA H1,1,2400.00,2400.00
2023-09-18,LOS PORTUGUESES,PITONES DE 10 2 C T,1,8000.00,8000.00
2023-09-19,DISTRIBUIDORA DIEZ,CABLE TIPO TALLER 4X4MM,1,2520.00,2520.00
2023-09-19,DISTRIBUIDORA DIEZ,BOLSA DE PRECINTOS SYBYD ALT3,1,1276.60,1276.60
2023-09-19,DISTRIBUIDORA DIEZ,BOLSA DE PRECINTOS SYBYD ALT4 NEGRO,1,1651.00,1651.00
2023-09-19,DISTRIBUIDORA DIEZ,BOLSA DE PRECINTOS SYBYD ALT5 NEGRO,1,2080.00,2080.00
2023-09-19,DISTRIBUIDORA DIEZ,LAMPARA LED 15W INTERELEC,1,520.00,520.00
2023-09-19,STOCCO,"CASQUETE TORIESFERICO 1800 6,3",1,224000.00,224000.00
2023-09-19,SANITARIOS ADRIANA,PUNTO CAPSULADO,1,1480.00,1480.00
2023-09-19,ADORNO GUILLERMO JAVIER,VIDRIO REDONDO 12.5CM,1,400.00,400.00
2023-09-19,ADORNO GUILLERMO JAVIER,"VIDRIO 13,5 X 17,5CM",1,520.00,520.00
2023-09-19,TRV,TRV 53 AB,1,2100.00,2100.00
2023-09-20,GIANNONI,DUR LADRILLO SAT CON PEL CERAM X C4,1,11505.11,11505.11
2023-09-20,ROSSI,H 307 MANGUITO,1,3500.00,3500.00
2023-09-20,ROSSI,1207 K ARB,1,6900.00,6900.00
2023-09-20,ROSSI,SN 507 SOPORTE,1,14900.00,14900.00
2023-09-20,GIANNONI,SUPER LAVABLE NETCOLOR BLANCO X 10,1,13971.67,13971.67
2023-09-21,DACI,BULON G5 HEX USS 3 4X2 1 2,1,926.48,926.48
2023-09-21,DACI,TUERCA AUTOFRENANTE 3 4 10 USS,1,324.57,324.57
2023-04-20,MACEGO,"BRIDA 130 73 X 1 2"" EXCLUSA",1,1588.00,1588.00
2023-04-20,MACEGO,"DISCO 105 X 3 8"" EXCLUSA",1,720.00,720.00
2023-04-20,MACEGO,"BRIDA 170 70 X 1 2""",1,2715.00,2715.00
2023-04-20,MACEGO,"DISCO 140 X 3 8"" EXCLUSA",1,1288.00,1288.00
2023-04-20,MACEGO,"PLACA 350 X 110 X 5 8"" CON 2 AGUJ",1,6950.00,6950.00
2023-04-20,MACEGO,"PLACA 300 X 110 X 5 8""",1,5930.00,5930.00
2023-04-20,MACEGO,"BRIDA 135 67 X 1 4""",1,850.00,850.00
2023-04-20,MACEGO,"TAPAS PORTAFILTRO X 3 8""",1,1700.00,1700.00
2023-04-20,MACEGO,"PIEZAS LAGRIMAS X 3 8""",1,40.00,40.00
2023-04-20,MACEGO,"BRIDA BRIDA 135 80 X 3 8""",1,1270.00,1270.00
2023-09-22,BULONERA MIAN,CHAV CUADRADA HACER 8 X 8 X 300,1,1545.46,1545.46
2023-09-22,GALPA,SK 509 AL 2 ACOPLE,1,18700.00,18700.00
2023-09-21,NEW GAS,GAR.10K.YPF GAS,1,2488.69,2488.69
2023-09-25,AVEDIS,ZOLDAR 20 TUBO,1,5332.65,5332.65
2023-09-25,AVEDIS,CO2 INDUSTRIAL TUBO,1,562.50,562.50
2023-09-25,AVEDIS,OXIGENO INDUSTRIAL TUBO,1,913.81,913.81
2023-09-25,TER,TF ZF 16AS 2630TO NEUM.M. C PL,1,173198.00,173198.00
2023-09-25,TER,EJE PROLONG. TF ZF 16AS 2630 (16AS 2230),1,60437.00,60437.00
2023-09-25,TANGOMA,CORREAS CP 62 CARLISLE,1,25810.00,25810.00
2023-09-26,SOLBEMT,REJILLA COCINA DOBLE SCHEZ,1,181.82,181.82
2023-09-26,SOLBEMT,TRAPO DE PISO ALPARGATA G,1,479.34,479.34
2023-09-26,SOLBEMT,SECADOR BLANCO DE 50CM,1,1016.53,1016.53
2023-09-26,SOLBEMT,QUITASARRO T H X6 LTS,1,4677.67,4677.67
2023-09-26,SOLBEMT,GUANTES DE LATEX TALLE XL,1,520.66,520.66
2023-09-26,SOLBEMT,ESCOBILLON BARRENDERO CHICO,1,826.45,826.45
2023-09-26,SOLBEMT,CABO DE MADERA 150MT,1,413.22,413.22
2023-09-26,ACCEPLASTIC,GUARDABARRO UNIVERSAL,1,25800.00,25800.00
2023-09-26,CERSOSIMO,BURLETE ESPONJA 6 X 30MM,1,453.22,453.22
2023-09-26,CERSOSIMO,BURLETE CABURE CAUCHO EPDM,1,4605.30,4605.30
2023-09-26,MECANSUR,BOMBA 180 LTS PORTAVOLQUETES SIN VALVULA SIN LLAVE ( GIRO DERECHO),1,181600.00,181600.00
2023-09-26,MECANSUR,MANGUITO ESTRIADO COMUN SIN CEMENTAR Z 15,1,13500.00,13500.00
2023-09-26,CARBALLO,CARDAN 1085MM C BALANCEO,1,60000.00,60000.00
2023-09-26,CARBALLO,BALANCEO 2 CARDANES DE TOMA DE FUERZA,1,50000.00,50000.00
2023-09-26,REPUESTOS LLAVALLOL,TORNILLO ARBOL TRANSMIS,1,2809.91,2809.91
2023-09-26,HIDRONOVA,MANCHON 170 X 25 ASPIRANTE ESPELENTE,1,57720.00,57720.00
2023-09-26,HIDRONOVA,MANG 1 2 R2 X 6500MM HG 7 8 JIC X HG 1 2 AS MACHO,1,47250.00,47250.00
2023-09-26,HIDRONOVA,MANG 3 8 R2 X 8000MM HG X HG 7 8 JIC,1,52250.00,52250.00
2023-09-26,HIDRONOVA,MANG 1 4 R2 X 15 MTS MG 1 4 GAS X MG 1 2 GAS,1,73500.00,73500.00
2023-09-26,HIDRONOVA,ADAPTADOR CODO 90M X H 1 4,1,4370.00,4370.00
2023-09-26,HIDRONOVA,ADAPTADOR 9 16 JIC X 1 2 NPT,1,1101.00,1101.00
2023-09-26,HIDRONOVA,MANOMETRO C GLICERINA 0 160 BAR,1,6840.00,6840.00
2023-09-26,HIDRONOVA,ADAPTADOR JIC X NPT 7 8 X 3 8,1,1101.54,1101.54
2023-09-26,HIDRONOVA,CODO 90 JIC X NPT 7 8 X 3 8,1,6378.64,6378.64
2023-09-26,HIDRONOVA,CODO 90 DE BRONCE M X H R 1 4,1,1705.00,1705.00
2023-09-26,HIDRONOVA,MANOMETRO DIAM 63 ROSCA INF 1 4 0 160 BAR,1,6480.00,6480.00
2023-09-26,HIDRONOVA,FIBRON AMARILLO TINTE,1,2327.00,2327.00
2023-09-26,HIDRONOVA,MANGUERA 3 4 R1 X 1300MM HG X MG 1.3 16,1,26070.00,26070.00
2023-09-26,HIDRONOVA,MANGUERA 3 8 R1 X 1400MM HG X HG 7 8 JIC,1,12760.00,12760.00
2023-09-26,HIDRONOVA,MANGUERA 1 2 R2 X 1000MM HG 7 8 JIC X HG 1.1 16 JIC,1,14300.00,14300.00
2023-09-26,HIDRONOVA,MANGUERA 1 2 R2 X 1300MM HG X HG 1.1 16,1,17380.00,17380.00
2023-09-26,HIDRONOVA,MANGUERA 3 8 R1 X 1000MM HG X HG 7 8 JIC,1,12100.00,12100.00
2023-09-26,HIDRONOVA,MANGUERA 3 4 R2 X 1500MM HG X HG 1.1 16 JIC,1,23650.00,23650.00
2023-09-26,HIDRONOVA,MANGUERA 3 8 R2 X 1500MM HG X HG 7 8 JIC,1,16500.00,16500.00
2023-09-26,HIDRONOVA,MANG 1 2 R2 X 500MM HG X MF 7 8 JIC,1,9900.00,9900.00
2023-09-26,HIDRONOVA,"MANG 1"" R4 X 1500MM",1,13440.00,13440.00
2023-09-26,HIDRONOVA,ADAPTADOR JIC X NPT 1.1 16 X 1 2,1,1788.11,1788.11
2023-09-26,HIDRONOVA,ADAPTADOR JIC X NPT 1.1 16 X 3 4,1,2182.91,2182.91
2023-09-26,HIDRONOVA,ABRAZADERA DE BAJA PRESION,1,757.94,757.94
2023-09-26,HIDRONOVA,BUJE DE REDUCCION DE BRONCE M X H T1 4 X R 1 8,1,540.00,540.00
2023-09-26,HIDRONOVA,CONECT AUTOMAT TEE ROSCA CENTRAL T6 X R1 8,1,844.13,844.13
2023-09-26,HIDRONOVA,ADAPTADOR JIC X NPT 7 8 X 3 4,1,2183.00,2183.00
2023-09-27,TANGOMA,CUPLA DE 75 X 250MM,1,14650.00,14650.00
2023-09-27,TANGOMA,ABRAZADERAS REFORZADAS AB 112,1,1730.00,1730.00
2023-09-27,TER,TF FS 6306 A NEUM MULT C P1,1,181057.00,181057.00
2023-09-27,TER,TF FS 6306 A NEUM MULT C PL (6406 B),1,181057.00,181057.00
2023-09-27,TER,TF ZF 16AS 2630TO NEUM.M. C PL,1,173198.00,173198.00
2023-09-27,TER,EJE PROLONGADO TF ZF 16AS 2630 TF 1344 (16AS 2230),1,60437.00,60437.00
2023-10-02,DACI,LLAVES ALLEN DE 4MM,1,284.08,284.08
2023-10-02,DACI,BROCA SDS PLUS 8 X350,1,3219.29,3219.29
2023-10-02,ROSSI,RET 8347 LX DBH,1,1300.00,1300.00
2023-10-02,ROSSI,2. 117 O'RING,1,150.00,150.00
2023-10-02,BULL VIAL,"6,50 10 WEST LAKE SERIE 0304 OCA",1,25000.00,25000.00
2023-10-02,DACI,"BROCA MIL G8 HEX MB P1,50 12 X 30",1,3219.29,3219.29
2023-10-03,INOXIDABLES PIERRI,CODOS P SOLD 76 X 1.5 AISI 304,1,10782.25,10782.25
2023-10-03,DICA,"MANGUERA MARCA INDUSTRIAS DICA MODELO DICAFLEX GG 4"" LARGO 3000MM EXTREMOS PRENSADOS EN ACERO CARBONO MF X MF 4"" BSPT",1,594036.19,594036.19
2023-10-03,DICA,"ACOPLE DCH 4"" ALUMINIO ( NAC )",1,32273.65,32273.65
2023-10-03,DICA,ACOPLE DCH 2 1 2 ALUMINIO ( NAC ),1,25994.36,25994.36
2023-10-03,HIERROS CASANOVA,"TYROLIT DISCO SENSITIVO 350X2 5X25,4",1,4245.26,4245.26
2023-10-04,BURGOM,CORREA EVER WEAR A 042,1,2564.23,2564.23
2023-10-04,SARABIA MARIO FABIAN,CANO DE 60 X 3MM CILINDRADO SEGUN PLANTILLA,1,6200.00,6200.00
2023-10-04,FERRIN,CUERDA VITON DIAM 5MM,1,1884.00,1884.00
2023-10-05,MARBY,CH LC CC 6.35X1500X6000,1,778.22,778.22
2023-10-05,DICA,"ACOPLE DNH 2 1 2"" ALUMINIO",1,7328.28,7328.28
2023-10-06,WURTH,WURTH BONDER 20G,1,1804.00,1804.00
2023-10-06,WURTH,CINTA DE ENMASCARAR 18MM X 50M,1,589.00,589.00
2023-10-06,TER,"REPARACION DE CAJA DE TRANF NO1726 CAMBIO DE CUERPO NA1726 CORONA N4100 PINON N4102 RETENES ORING DESARME, ARMADO , PRUEBA DE BANCO 1621",1,1058000.00,1058000.00
2023-10-06,HIDRONOVA,MANG 3 8 R1 X 2040MM HG X HG 9 16 AS T,1,18150.00,18150.00
2023-10-06,GIANNONI,S W KIT PRIMER Y ENDURECEDOR POLI P 710,1,4567.65,4567.65
2023-10-06,GIANNONI,S W SELLADOR PARA CORRECTORES X 0.200 (77029),1,1672.98,1672.98
2023-10-06,GIANNONI,LIJA AL AGUA AA 1200,1,314.29,314.29
2023-10-06,GIANNONI,THINNER HYDRA ORO X 18,1,23314.27,23314.27
2023-10-06,GIANNONI,SW KIT PRIMER Y ENDURECEDOR POLI P 710,1,4567.65,4567.65
2023-10-06,GIANNONI,GLASURIT COLOR 55X 1L,1,17750.00,17750.00
2023-10-06,GIANNONI,ENVASE X 4,1,678.60,678.60
2023-10-06,GIANNONI,SW BARNIZ ALT SOLIDO 8937 X 05,1,20436.71,20436.71
2023-10-06,GIANNONI,"SW ENDURECEDOR RAPIDO 066 X 0,834",1,7274.37,7274.37
2023-10-09,GIANNONI,S.W OPEX ENDURECEDOR P PRIMER X 0.100,1,1067.60,1067.60
2023-10-09,GIANNONI,S.W OPEX PRIMER GRIS X 0.800,1,4022.41,4022.41
2023-10-09,GIANNONI,ENVASE X 4 (24),1,678.60,678.60
2023-10-09,GIANNONI,GLASURIT COLOR 55 X 1L,1,17750.00,17750.00
2023-10-10,SANITARIOS VIAMONTE,BUJE 63 X 51 GALVANIZADO,1,4193.30,4193.30
2023-10-10,SANITARIOS VIAMONTE,CODO MH 6 GALVANIZADO,1,712.87,712.87
2023-10-10,SANITARIOS VIAMONTE,MANGUITO H 19 POLIETIL,1,107.40,107.40
2023-10-10,SANITARIOS VIAMONTE,MANGUITO MACHO 19 X ROSCA 13 POLIETILENO,1,77.90,77.90
2023-10-10,FERRETERIA FH,JGO TUBOS X 24PZ (1 2) 10 32MM,1,53303.66,53303.66
2023-10-10,FERRETERIA FH,SPOT DE 1 LUZ CON CAPUCHON DE CHAPA,1,3036.50,3036.50
2023-10-11,PROVEEDURIA HIDRAULICA,ADAPTADOR C45 M H 1 4 ALTA,1,3043.18,3043.18
2023-10-11,PROVEEDURIA HIDRAULICA,CUPLA 1 4 ALTA,1,816.53,816.53
2023-10-11,METALURGICA GABRIELLI,2 CANOS AISI 304 CURVADOS SEGUN PLANTILLA,1,15000.00,15000.00
2023-10-11,GIANNONI,VIRUTA FINA X 0.330,1,1188.95,1188.95
2023-10-11,GIANNONI,VIRUTA MEDIANA X 0.330,1,1189.09,1189.09
2023-10-11,GIANNONI,ESTOPA BLANCA X 05,1,2950.93,2950.93
2023-10-11,COINGAS,SELLADOR H3 2S CC SALADILLO,1,913.10,913.10
2023-10-11,COINGAS,BUJE RED GALV 2 1 2 DEMA,1,4542.15,4542.15
2023-10-11,GIANNONI,ESMALTE A POLIU TURQUESA 0100 X 03,1,26686.29,26686.29
2023-10-11,GIANNONI,CONVERTIDOR 9013 X 4,1,9947.55,9947.55
2023-10-11,BALIO,TANQUE REMOLQUE CON SOPORTE,1,87458.72,87458.72
2023-10-12,PIJUAN,LENTE LIBUS TRANSPARENTE ARGON,1,900.00,900.00
2023-10-12,PIJUAN,LENTE LIBUS OSCURO ARGON,1,900.00,900.00
2023-10-12,PIJUAN,CINTA METRICA EVEL 5 METROS,1,3700.00,3700.00
2023-10-12,PIJUAN,GUANTE CUERO GUANTE SOLDADOR,1,1900.00,1900.00
2023-10-12,PIJUAN,DELANTAL CUERO 60X90 CENTIMETROS,1,3200.00,3200.00
2023-10-12,PIJUAN,MANGA CUERO,1,2430.00,2430.00
2023-10-12,PIJUAN,POLAINA CUERO,1,2500.00,2500.00
2023-10-12,PIJUAN,"MECHA ACERO RAPIDO EZETA 5,25MM",1,1207.26,1207.26
2023-10-12,PIJUAN,MECHA ACERO RAPIDO EZETA 6MM,1,1289.43,1289.43
2023-10-12,PIJUAN,MECHA ACERO RAPIDO EZETA 7MM,1,1748.66,1748.66
2023-10-12,PIJUAN,"MECHA ACERO RAPIDO EZETA 9,5MM",1,3300.35,3300.35
2023-10-12,PIJUAN,MECHA ACERO RAPIDO EZETA 10MM,1,3903.73,3903.73
2023-10-12,PIJUAN,MECHA ACERO RAPIDO EZETA 11MM,1,5144.77,5144.77
2023-10-12,PIJUAN,VARIOS MECHA ACERO RAPIDO EZETA 13.5,1,11700.00,11700.00
2023-10-12,PIJUAN,VARIOS MECHA ACERO RAPIDO EZETA 14,1,12200.00,12200.00
2023-10-12,PIJUAN,VARIOS MECHA ACERO RAPIDO EZETA 17,1,20400.00,20400.00
2023-10-12,PIJUAN,VARIOS MECHA ACERO RAPIDO EZETA 19,1,28360.00,28360.00
2023-10-12,PIJUAN,LLAVE COMBINADA BREMEN 11MM,1,3150.00,3150.00
2023-10-12,PIJUAN,LLAVE COMBINADA BREMEN 13MM,1,3700.00,3700.00
2023-10-12,PIJUAN,LLAVE COMBINADA BREMEN 14MM,1,4300.00,4300.00
2023-10-12,PIJUAN,CARETA SOLDAR FRAVIDA VISOR MOVIL,1,3000.00,3000.00
2023-10-12,PIJUAN,VARIOS ARNES PARA CARETA SOLDADOR FRAVIDA,1,2000.00,2000.00
2023-10-12,PIJUAN,VARILLA ROSCADA 3 4 PULGADA ZINCADA,1,3900.00,3900.00
2023-10-12,PIJUAN,VARIOS LLAVE COMBINADA DE 1 2 BREMEN,1,3800.00,3800.00
2023-10-12,PIJUAN,VARIOS MECHA ACERO RAPIDO EZETA 8.5,1,2600.00,2600.00
2023-10-12,PIJUAN,PANTALON OMBU BLANCO TALLE ROPA 40,1,8900.00,8900.00
2023-10-12,PIJUAN,PANTALON OMBU BLANCO TALLE ROPA 44,1,8900.00,8900.00
2023-10-12,GONZALEZ SOTO SH,FARO PATENTE S10 12,1,10330.58,10330.58
2023-10-12,HERRATURR,BISAGRA MUNICION 100 X 37 H. PULIDO,1,821.82,821.82
2023-10-12,CONSTRUMUNDO,MALLA 15X15 H 6 DE 2X5M,1,25950.41,25950.41
2023-10-12,ELECTRO TRAILER,JUEGOS DE PATAS DE APOYO B200 ALTA JOST,1,529045.35,529045.35
2023-10-12,AVEDIS,CO2 INDUSTRIAL TUBO,1,562.50,562.50
2023-10-12,AVEDIS,ARGON TUBO,1,7617.21,7617.21
2023-10-12,AVEDIS,OXIGENO INDUSTRIAL TUBO,1,913.81,913.81
2023-10-12,HOSE & FITTINGS S.A,"ACOPLE DC 2""",1,9500.00,9500.00
2023-10-14,REVICAR SA,OBLEA CARGA Y PASAJEROS,1,2495.00,2495.00
2023-10-14,REVICAR SA,HONORARIOS CAMIONES N1 1 ANO,1,15293.39,15293.39
2023-10-17,HERRATURR,RUEDA INTER BLANCA ECO 32 C BASE,1,248.02,248.02
2023-10-17,DACI,"BULON MIL G8 HEX MB P1,50 12 X 30",1,287.90,287.90
2023-10-17,DACI,MACHOS PASO MILIMETRICO CONO 2 Y 3 9X1MM,1,2895.87,2895.87
2023-10-17,COINGAS,"LLAVES EXCLUSAS BRONCE 3"" J.M.",1,77718.66,77718.66
2023-10-17,COINGAS,"BUJE RED GALV 4"" X (NA NA) DEMA",1,14700.16,14700.16
2023-10-17,SANITARIOS ADRIANA,"CODO 2"" M H GALVANIZADO",1,7150.00,7150.00
2023-10-18,MICRO,"ACTUADOR 90 D 83"" 2E F05 F07",1,467.02,467.02
2023-10-18,MICRO,ADAPTADOR 17*14*19,1,3.40,3.40
2023-10-18,CHEVRO GUILLON,JUEGO BARREROS S 10,1,8264.46,8264.46
2023-10-18,MICRO,ACTUADOR 90 D.83A ZE F05 F07,1,467.02,467.02
2023-10-19,AGUAYO,"TETON REPARACION TENSOR 3 4 7 8 1"" ESP 9MM",1,1364.42,1364.42
2023-10-19,SOCAM COOPERATIVA DE TRABAJO LIMITADA,ESTRIBOS S10 12+,1,74380.16,74380.16
2023-10-19,MERCEDES BENZ,FA PARASOL A LA IZQ,1,53658.50,53658.50
2023-10-19,MERCEDES BENZ,FA SOPORTE SUPERIOR IZQ,1,1134.00,1134.00
2023-10-20,INOXIDABLES PIERRI,"BULONES C HEX 5 16 X 1"" COMPLETO AISI 304",1,365.50,365.50
2023-10-20,SANITARIOS VIAMONTE,BUJE DE 100 X 63 GALVANIZADO,1,14338.38,14338.38
2023-10-20,NEW GAS,GAR.10K.YPF GAS,1,2488.69,2488.69
2023-10-23,PIJUAN,VARIOS APLIVADORES PARA CARTUCHOS DE SILICONA,1,3800.00,3800.00
2023-10-23,TANGOMA,CUPLA DE 88 X 250MM,1,17171.00,17171.00
2023-10-23,TANGOMA,ABRAZADERAS REFORZADAS AB 113,1,2230.00,2230.00
2023-10-24,FOURCADE,ESPARRAGOS 3 4 X 420 C TUERCAS,1,3120.00,3120.00
2023-10-24,PROVEEDURIA HIDRAULICA,"RACORD 1"" 1 4 X 1"" GAS BSPT",1,7082.64,7082.64
2023-10-24,VENETO,PERNO LANZA MH 38 X 150 UTIL,1,8217.44,8217.44
2023-10-24,VENETO,"TUERCA AUTOFRENANTE 1"" 1 4 ( SAE UNF 12 PASO FINO)",1,2474.50,2474.50
2023-10-24,VENETO,ARANDELA REPARACION TETON LANZA 38 (MH),1,1951.03,1951.03
2023-10-24,HIERROS CASANOVA,"TYROLIT DISCO SENSITIVO 350X2 5X25,4",1,5737.38,5737.38
2023-10-24,TER,TF ZF 16AS 130 1650 NEUM.M. C PL,1,190306.00,190306.00
2023-10-24,TER,EJE PROLONGADOR TF ZF 16S 1650,1,37639.00,37639.00
2023-10-24,TER,REPARACION DE CAJA DE TRANF N1726 CAMBIO DE PLATO N4576 TODOS RODAMIENTOS TODOS LOS RETENES DESARME ARMADO PRUEBA DE BANCO 1631,1,463930.00,463930.00
2023-10-25,IVECAM,ACEITE CAJA ( PROV 7464 75W90) (PROV 898 75W80),1,5123.97,5123.97
2023-10-25,IVECAM,INTERRUPTOR BOCINA 1 PUNTO HIWAY,1,14713.29,14713.29
2023-10-25,IVECAM,INTERRUPTOR BOCINA EX 504168698 (1 PUNTO),1,12861.76,12861.76
2023-10-25,REPUESTOS LLAVALLOL,SOPORTE CABINA,1,29534.40,29534.40
2023-10-25,FABIO,"TUERCA AUTOFRENANTE 5 16""",1,22.00,22.00
2023-10-25,FABIO,TUERCA EXAGONAL LIVIANA WHT GALV AZUL 1 2,1,61.00,61.00
2023-10-26,GIANNONI,INTERSEAL 670 HS BITUMEN NEGRO : KIT ( A+B) X 3.31,1,36898.89,36898.89
2023-10-26,GIANNONI,DILUYENTE P EPOXI X 04,1,10813.06,10813.06
2023-10-26,DACI,BULON G5 HEX USS 3 4X8,1,3646.74,3646.74
2023-10-26,DACI,TUERCA AUTOFRENANTE 3 4 10 USS,1,426.01,426.01
2023-10-26,BEARINGS,BULON CARDAN,1,537.19,537.19
2023-10-26,PENTRON,ARANDELA AXIAL RCA 235,1,1957.82,1957.82
2023-10-26,PENTRON,BUJE CORTO RCA 235,1,24624.15,24624.15
2023-10-26,PENTRON,BUJE LARGO RCA 235,1,28699.01,28699.01
2023-10-26,PENTRON,PERNO CORTO RCA 235,1,11839.02,11839.02
2023-10-26,PENTRON,TUERCA 1 1 2 SAE,1,2950.45,2950.45
2023-10-26,PENTRON,"PERNO PIVOT 1 1 4 X 9,5 12H",1,10704.03,10704.03
2023-10-26,PENTRON,TUERCA 1 1 4 SAE AUTOFRENANTE,1,3925.13,3925.13
2023-10-26,PENTRON,BUJE PIVOT,1,1288.00,1288.00
2023-10-26,PENTRON,GUIA EXTERIOR 380,1,7860.51,7860.51
2023-10-26,PENTRON,GUIA INTERIOR 380,1,7572.04,7572.04
2023-10-26,PENTRON,"ARANDELA GROWER 1 1 2""",1,1960.00,1960.00
2023-10-26,PENTRON,AMORTIGUADOR (72076) (9473 4),1,29196.22,29196.22
2023-10-26,PENTRON,"BULON 3 4"" X 11 1 2"" 10H G8",1,4624.95,4624.95
2023-10-26,PENTRON,TUERCA 3 4 AUTOFRENANTE 10H,1,660.67,660.67
2023-10-26,VALVULAS ESTEBAN,ACOPLE RAPIDO 1 4 S PERNO RCA. H 1 4,1,2036.08,2036.08
2023-10-26,VALVULAS ESTEBAN,UNION DOBLE AJUSTE TUBO 12,1,1619.96,1619.96
2023-10-26,VALVULAS ESTEBAN,TUERCA AJUSTE TUBO 12MM,1,1365.64,1365.64
2023-10-26,VALVULAS ESTEBAN,VIROLA 12MM (X50),1,15960.50,15960.50
2023-10-26,VALVULAS ESTEBAN,ADAPTADOR H M 16X 3 8,1,1707.16,1707.16
2023-10-26,VALVULAS ESTEBAN,ADAPTADOR H M 16X 1 4,1,1707.16,1707.16
2023-10-26,VALVULAS ESTEBAN,CUPLA PASACHAPA H 3 8,1,3624.43,3624.43
2023-10-26,VALVULAS ESTEBAN,CODO 90 AJUSTE TU 8 X 1 4M,1,2146.87,2146.87
2023-10-26,VALVULAS ESTEBAN,TUERCA AJUSTE TUBO 8 (X10),1,5069.33,5069.33
2023-10-26,VALVULAS ESTEBAN,VIROLA 8MM (X50),1,7669.01,7669.01
2023-10-26,VALVULAS ESTEBAN,UNION DOBLE AJUSTE TUBO 3 8,1,904.15,904.15
2023-10-26,VALVULAS ESTEBAN,TUERCA AJUSTE C GUIA 3 8,1,583.17,583.17
2023-10-26,VALVULAS ESTEBAN,VIROLA 3 8 (X50),1,8473.86,8473.86
2023-10-26,VALVULAS ESTEBAN,BUJE REDUCCION (ACERO) M H 3 4 X 1 4,1,1597.52,1597.52
2023-10-26,VALVULAS ESTEBAN,ALEMITES CODO RECTOS 6 X 1MM,1,90.32,90.32
2023-10-26,VALVULAS ESTEBAN,ALEMITES CODO 45 6 X 1MM,1,215.43,215.43
2023-10-26,VALVULAS ESTEBAN,BUJE REDUCCION M 22 X H 1 4,1,1937.56,1937.56
2023-10-26,VALVULAS ESTEBAN,TAPON 22,1,1501.15,1501.15
2023-10-26,VALVULAS ESTEBAN,TAPON (ACERO) 1 8 NPT,1,164.89,164.89
2023-10-26,VALVULAS ESTEBAN,UNION DOBLE ACERO MANG 5 16,1,351.51,351.51
2023-10-26,VALVULAS ESTEBAN,PERNO ENCHUFE 1 4 X MANG 5 16,1,501.80,501.80
2023-10-26,VALVULAS ESTEBAN,RACORD ACERO MANG 5 16 X 1 4M (X10),1,3040.03,3040.03
2023-10-26,VALVULAS ESTEBAN,UNION DOBLE RECTA PLASTICA TUBO 3 8,1,842.77,842.77
2023-10-26,AVEDIS,CO2 INDUSTRIAL TUBO,1,562.50,562.50
2023-10-26,AVEDIS,OXIGENO INDUSTRIAL TUBO,1,913.81,913.81
2023-10-26,HIDRONOVA,CILINDRO PERFILADO DIAM 100 X 150,1,165000.00,165000.00
2023-10-26,HIDRONOVA,HORQUILLA HEMBRA,1,19600.00,19600.00
2023-10-26,HIDRONOVA,OXILANTE MACHO Y HEMBRA,1,64300.00,64300.00
2023-10-26,HIDRONOVA,PURGADORES DESCARGA RAPIDA R1 4,1,6277.70,6277.70
2023-10-26,HIDRONOVA,CONECT. AUTOMAT. CODO 90 T10 X R1 2,1,1955.90,1955.90
2023-10-26,ZZTEST,DCOFQP T1820 D5 L600 PABOA GRASA TA PT,1,680800.00,680800.00
2023-10-27,BULONES BROWN,BULON CARDAN 1112 1,1,6611.00,6611.00
2023-10-27,BULONES BROWN,5 32 X 5 8 HA T,1,2948.00,2948.00
2023-10-27,BULONES BROWN,TUERCA HEX ZN,1,2590.00,2590.00
2023-10-27,BALIO,PELLA 21843 FRENO CONEK CODO 90 TUBO 6 ROSCA,1,1487.60,1487.60
2023-10-27,CARBALLO,JUEGO DE CARDANES CAMBIAR CANO Y REFORMA BALANCEO,1,180000.00,180000.00
2023-10-27,CARBALLO,CANO,1,60600.00,60600.00
2023-10-27,DISTRIBUIDORA DIEZ,CABLE TIPO TALLER 4X1MM,1,962.00,962.00
2023-10-27,DISTRIBUIDORA DIEZ,CABLE TIPO TALLER 2X1MM,1,546.00,546.00
2023-10-27,DISTRIBUIDORA DIEZ,ROLLO DE CINTA AISLADORA VINI TAPE X 20MTS,1,1118.00,1118.00
2023-10-28,INDRIERI LEANDRO MAXIMILIANO,"ANGULO 1 3 16 25,4MM 4,7625MM PESO 10;2",1,12838.51,12838.51
2023-10-28,INDRIERI LEANDRO MAXIMILIANO,CAJA CERROJO CORREDIZO PLEGADA 96X77X25 W:77MM H:96MM,1,1115.54,1115.54
2023-10-28,INDRIERI LEANDRO MAXIMILIANO,CORTES A 2000,1,168.60,168.60
2023-10-30,VENETO,VALV BOTON 5 2 VIAS SALIDA 1 4,1,15686.10,15686.10
2023-10-30,PIJUAN,"VARIOS VARILLA ROSCADA ZINCADA 5 16""",1,750.00,750.00
2023-10-30,PIJUAN,"VARIOS VARILLA ROSCADA ZINCADA 3 8""",1,1100.00,1100.00
2023-10-30,PIJUAN,"VARIOS VARILLA ROSCADA ZINCADA 1 2""",1,1910.00,1910.00
2023-10-30,PLASMA CONTROL,ELECTRODO,1,5700.00,5700.00
2023-10-30,PLASMA CONTROL,TOBERA,1,5100.00,5100.00
2023-10-30,PLASMA CONTROL,ESCUDO,1,9100.00,9100.00
2023-10-30,VALVULAS ESTEBAN,CODO 90A PLASTICO 6 X 1 4,1,661.12,661.12
2023-10-30,VALVULAS ESTEBAN,CODO 90A PLASTICO 6 X 1 8,1,567.73,567.73
2023-10-30,VALVULAS ESTEBAN,UNION DOBLE RECTA PLASTICA 8MM,1,470.76,470.76
2023-10-30,VALVULAS ESTEBAN,VALVULA BOTON 5 VIAS X 1 4,1,12752.84,12752.84
2023-10-30,VALVULAS ESTEBAN,S 2 SIMPLE SOLENOIDE 1 4 BSP 12V,1,18497.19,18497.19
2023-10-30,VALVULAS ESTEBAN,BEBEDERO DE CONEJO RCA MACHO 1 8 BSPT,1,2693.93,2693.93
2023-10-30,VALVULAS ESTEBAN,PICO P DESTAPAR CANERIA 1 4 M (HIDRO),1,3344.39,3344.39
2023-10-31,ROBERTO JOSE HELOU,SILOC SP TRANS X 280G ( 0665 ),1,2781.89,2781.89
2023-10-31,ROBERTO JOSE HELOU,CARROCERIAS X 310G (0659),1,3696.61,3696.61
2023-10-31,ROBERTO JOSE HELOU,CIANO CM1 X 20G (0087),1,2776.86,2776.86
2023-10-31,AVEDIS,ALQUILER DE TUBO,1,1457.00,1457.00
2023-10-31,SANITARIOS ADRIANA,TORNILLO Y TARUGO DE 10,1,120.00,120.00
2023-10-31,SANITARIOS VIAMONTE,BUJE 13 X 9 GALVANIZADO,1,828.14,828.14
2023-10-31,IVECAM,INTERRUPTOR BOCINA 1 PUNTO HIWAY,1,14713.29,14713.29
2023-10-31,TER,TF EF 16S 130 1650 N.M. C PL,1,190306.00,190306.00
2023-10-31,TER,PROLONGADOR TF ZR 16A 1650,1,37639.00,37639.00
2023-10-31,PREGOM,GUARDA FANGO WEBER 2000X380,1,8050.00,8050.00
2023-10-31,PREGOM,GUARDA FANGO WEBER 630X500,1,4520.00,4520.00
2023-10-31,AGUAYO,LANZA SIN BUJES MONTENEGRO LA1,1,341415.53,341415.53
2023-10-31,AGUAYO,BUJE LANZA DE 38 X 120 MM MONT 2008,1,6205.25,6205.25
2023-10-31,AGUAYO,PERNO DE LLANZA DE 38 X 120MM MONT,1,18793.79,18793.79
2023-10-31,AGUAYO,"TUERCA AUTOF 1 "" 1 4 P PERNO EXCEN S NEUM 3010",1,5773.01,5773.01
2023-10-31,AGUAYO,OJO DE LANZA NA :3 COMPLETO HOMOLOGADO 40151,1,97710.04,97710.04
2023-10-31,AGUAYO,"PERNO TENSOR 1"" X 152 4MM (6"") MALDONADO 3978",1,5575.43,5575.43
2023-10-31,AGUAYO,"PERNO TENSOR 1"" X 165.1MM 6""1 2 3937",1,7820.24,7820.24
2023-10-31,AGUAYO,"TUERCA AUTOF 1"" SAE 2985",1,1805.23,1805.23
2023-10-31,AGUAYO,"BUJE TENSOR 1"" X 47 X 78MM 2046 302104",1,2549.61,2549.61
2023-11-01,ESTACION BIG BLUE,BIDON DE AUXILIO X 5 LT,1,2666.90,2666.90
2023-11-01,INTERNET,NUEVO PLAN 25MB,1,3801.65,3801.65
2023-11-01,INTERNET,ABONO CORPORATIVO,1,619.83,619.83
2023-11-01,IVECAM,ACEITE CAJA ( PROV 7464 75W90) (PROV 898 75W80),1,5636.15,5636.15
2023-11-02,SOLBEMT,HIPOCLORITO DE SODIO,1,206.61,206.61
2023-11-02,ORGANIZACION SD,REGULADOR DE PH,1,688.71,688.71
2023-11-02,AGUA PARICE,BIDONES DE AGUA,1,900.00,900.00
2023-11-02,BURGOM,SELLADOR SINTETICO(PINTABLE) 310 GMS SELLA CARROCERIAS,1,5758.37,5758.37
2023-11-02,BURGOM,GUANTE DE JERSEY MOTEADO,1,601.88,601.88
2023-11-02,BURGOM,CORREA EVER WEAR B 091,1,11521.24,11521.24
2023-11-02,BURGOM,SELLADOR SILOC 300 GMS NEGRO TRANS BLA PROFESIONAL,1,4332.80,4332.80
2023-11-02,BURGOM,AFLOJA TODO DIAGOCOL X 440,1,2056.56,2056.56
2023-11-02,BURGOM,BARBIJOS INDUSTRIAL MEDIO 503,1,117.26,117.26
2023-11-02,BURGOM,PISCINA N 32MM,1,686.14,686.14
2023-11-02,BURGOM,CORREA EVER WEAR B 095,1,12029.05,12029.05
2023-11-02,BURGOM,CORREA EVER WEAR A 039,1,3578.25,3578.25
2023-11-02,BURGOM,"TRICOFLEX AL ALIMENTARIO ASP EXP 1"" 1 4",1,2688.38,2688.38
2023-11-02,BURGOM,ABR.SUPER PRESION 37 46,1,861.98,861.98
2023-11-02,BURGOM,CUBRE VAPREN TRASERO UNIVERSAL,1,4133.00,4133.00
2023-11-02,TRV,TRV53 AB,1,3100.00,3100.00
2023-11-03,FABIO,"TUERCA AUTOFRENANTE 3 8""",1,29.90,29.90
2023-11-03,COINGAS,ROSCA C T GALV 1 1 2 DEMA,1,3641.15,3641.15
2023-11-03,COINGAS,"ROSCA C T GALV 2"" DEMA",1,5810.36,5810.36
2023-11-03,COINGAS,BUJE RED GALV 3 4 X 1 2 DEMA,1,1316.93,1316.93
2023-11-03,COINGAS,"BUJE RED GALV 1"" X 1 2 DEMA",1,1446.07,1446.07
2023-11-03,COINGAS,BUJE RED GALV 1 2 X 3 8 DEMA,1,929.64,929.64
2023-11-03,COINGAS,"CODO GALV 2"" 90 HH DEMA",1,9373.99,9373.99
2023-11-03,COINGAS,CODO GALV 3 4 90 MH DEMA,1,1704.31,1704.31
2023-11-03,COINGAS,"CODO GALV 1"" 90 MH DEMA",1,3176.31,3176.31
2023-11-03,COINGAS,CODO GALV 1 1 4 90 MH DEMA,1,5242.21,5242.21
2023-11-03,COINGAS,"CODO GALV 2"" 90 MH DEMA",1,10122.88,10122.88
2023-11-03,COINGAS,CUPLA C B GALV 1 2 DEMA,1,1007.12,1007.12
2023-11-03,COINGAS,CUPLA C B GALV 1 1 4 DEMA,1,3098.83,3098.83
2023-11-03,COINGAS,TAPON GALV 1 2 M DEMA,1,774.69,774.69
2023-11-03,COINGAS,NIPLE GALV 3 4 X 15CM,1,1590.82,1590.82
2023-11-03,COINGAS,"CURVA GALV 1"" 45 HH DEMA",1,5500.46,5500.46
2023-11-03,COINGAS,UNION D C GALV 1 2 HH DEMA,1,4467.50,4467.50
2023-11-03,COINGAS,ROSCA C T GALV 3 4 DEMA,1,1601.01,1601.01
2023-11-03,COINGAS,"ROSCA C T GALV 1"" DEMA",1,2014.23,2014.23
2023-11-03,COINGAS,ROSCA C T GALV 1 1 4 DEMA,1,3227.95,3227.95
2023-11-03,LIDERES,"MW TANQUES Y CISTERNAS LIQ SEGUN CONTRATO SERV SEG PRIV BRINDANDO DURANTE OCTUBRE 2023 46,5 HS DIURNAS",1,3412.51,3412.51
2023-11-03,LIDERES,MW TANQUES Y CISTERNAS HS NOCTURNAS S CONTRATO 139.5 HORAS NOCTURNAS,1,3808.10,3808.10
2023-11-06,SANITARIOS ADRIANA,ALICATE TOTAL,1,9855.00,9855.00
2023-11-06,CESKIAVIKUS JORGE ROBERTO,POR CERTIFICACION DE CISTERNA LOPEZ COPPOLA,1,31700.00,31700.00
2023-11-07,DACI,BULON CAB EXAG ACERO INOX 5 16X3 4,1,404.37,404.37
2023-11-07,DACI,MARIPOSA CPO 2 5 16,1,187.20,187.20
2023-11-07,COINGAS,CURVA GALV 1 1 2 45 MH LATYN,1,5287.43,5287.43
2023-11-07,ILUZ,BASTIDOR LUZ 100X 50MM PVC BO REGINA MODEN 3M,1,163.66,163.66
2023-11-07,ILUZ,MOO TOMA 220+T VLA 10A 1M CONEX LATER VERONA,1,334.69,334.69
2023-11-07,ILUZ,TAPA 5X10 BLA 3B PVC VERONA PLATINUM,1,179.37,179.37
2023-11-07,ILUZ,"TERMOMAGNETICA DIN 2X 32A 6KA ""C"" NXB",1,3055.73,3055.73
2023-11-07,ILUZ,MOD LLAVE 1X10 BLA 1M VERONA,1,305.07,305.07
2023-11-07,YACCUZZI,NIPLE TE (T) C TUERCAS 5 16,1,900.83,900.83
2023-11-07,YACCUZZI,VALVULA FIJA P CONEXION DE ACOPLADO 5 16 ( CHASIS),1,6818.18,6818.18
2023-11-08,FRENOS MONTEVERDE,REPUESTOS VIGIA,1,1487.61,1487.61
2023-11-08,ACOPLADOS PETINARI,PORTA VOLQUETE GRANDE NEUM,1,12340000.00,12340000.00
2023-11-08,SCANIA,INTERRUPTOR TAG AXLE LIFT,1,29116.50,29116.50
2023-11-08,SCANIA,CONECTOR 10 POLOS,1,1764.00,1764.00
2023-11-08,SCANIA,TERMINAL ELECTRICO,1,196.00,196.00
2023-11-08,GIANNONI,ESMALTE A POLIU AMARILLO MED 0100 X 03,1,39310.00,39310.00
2023-11-08,GIANNONI,CONVERTIDOR 9013 X 1,1,11368.63,11368.63
2023-11-08,CONSTRUMUNDO,BOLSAS CEMENTO 50 KG AVELLANEDA,1,3471.07,3471.07
2023-11-09,HIZA,PICOS M6 1.2,1,1170.00,1170.00
2023-11-09,HIZA,TOBERAS 250,1,4070.00,4070.00
2023-11-09,HIZA,DIFUSORES 2.4,1,3120.00,3120.00
2023-11-09,HIZA,MORDAZAS 2.4,1,1090.00,1090.00
2023-11-09,HIZA,APORTE 308 2.4,1,17200.00,17200.00
2023-11-09,ILUZ,BOTONERA C 1 AGUJ D22 PVC GRI,1,4212.03,4212.03
2023-11-09,ILUZ,SELECTORA 3P D22 NEG 2NA LARG FIJA MET,1,10300.88,10300.88
2023-11-09,REPUESTOS SANKAR,BULBO Y CONEXION,1,5950.41,5950.41
2023-11-09,TER,"TF DOBLE ZF 16S""1650 NEUM MULT (ARR : Z15 X AB : C PL )",1,443544.00,443544.00
2023-11-09,TER,EJE PROLONGADOR TF ZF 16S 1650,1,37639.00,37639.00
2023-11-10,HIERROS CASANOVA,"TRYLOLIT DISCO SENSITIVO 350 X2 5X25,4",1,5737.38,5737.38
2023-11-11,AVEDIS,ARGON TUBO,1,8988.31,8988.31
2023-11-11,AVEDIS,OXIGENO INDUSTRIAL TUBO,1,1005.19,1005.19
2023-11-11,AVEDIS,CO2 INDUSTRIAL TUBO,1,646.88,646.88
2023-11-13,HIZA,TORCHAS REPARADAS,1,28700.00,28700.00
2023-11-14,GIANNONI,ESMALTE A POLIU NEGRO 0100 X 03,1,25656.58,25656.58
2023-11-14,GIANNONI,ZEOCAR MASILLA FORMULA POL X 04,1,13468.00,13468.00
2023-11-14,GIANNONI,CONVERTIDOR 9013 X 4,1,40470.67,40470.67
2023-11-14,HIZA,TORCHAS NUEVAS X 4MTS,1,107000.00,107000.00
2023-11-14,COINGAS,BOMBA PRESURIZADA PRESS 260W,1,94824.66,94824.66
2023-11-14,RIVADAVIA REPUESTOS,BOMBA AGUA,1,23553.72,23553.72
2023-11-14,RIVADAVIA REPUESTOS,CONTRACUERPO BOMBA,1,9584.13,9584.13
2023-11-14,RIVADAVIA REPUESTOS,CAND BOMBA AGUA,1,4297.52,4297.52
2023-11-14,COINGAS,NIPLE GALV 2 1 2 X 15 CM,1,5203.74,5203.74
2023-11-14,CESKIAVIKUS JORGE ROBERTO,POR CERTIFICACION DE CISTERNA IRIZAR SA,1,31700.00,31700.00
2023-11-15,DI GILIO,TUBO POLIAMIDA 6 X 4 NEGRO,1,288.00,288.00
2023-11-15,DI GILIO,TUBO POLIAMIDA 3 8 NEGRO,1,834.00,834.00
2023-11-15,DI GILIO,TUBO POLIAMIDA 12 X 9 NEGRO,1,462.00,462.00
2023-11-15,ROBERTO JOSE HELOU,TRABASIL RM1 15G,1,3121.61,3121.61
2023-11-15,ROBERTO JOSE HELOU,TRABASIL VB1 X 15G,1,3121.61,3121.61
2023-11-15,ROBERTO JOSE HELOU,ABRAZADERA 9MM 16,1,301.07,301.07
2023-11-15,ROBERTO JOSE HELOU,ABRAZADERA 12MM 80 100,1,629.86,629.86
2023-11-15,RUBINETTI,650.,1,2700.00,2700.00
2023-11-15,DANIEL SALINAS,"TUBO 5 16"" XMT",1,1450.00,1450.00
2023-11-15,GALPA,SK 513 AL 3 ACOPLE,1,17177.68,17177.68
2023-11-15,CONSTRUMUNDO,TOSCA MT3,1,4214.88,4214.88
2023-11-16,DI GILIO,TANQUE DE AIRE 40L CON SOPORTE,1,153.86,153.86
2023-11-16,DI GILIO,TANQUE DE AIRE 115L C SOPORTE,1,180.32,180.32
2023-11-16,DISTRIBUIDORA DIEZ,INTERRUPTOR VEFBEN 12B,1,5583.50,5583.50
2023-11-16,DISTRIBUIDORA DIEZ,CAJA ROKER MOD PR994 50,1,2106.00,2106.00
2023-11-17,PENTRON,AMORTIGUADOR (72076) (9473 4),1,30656.03,30656.03
2023-11-17,PENTRON,BULON 3 4 X 9 1 2 10H G8,1,4336.50,4336.50
2023-11-17,PENTRON,"BULON 3 4"" X 11 1 2"" 10H G8",1,5087.44,5087.44
2023-11-17,PENTRON,TUERCA 3 4 AUTOFRENANTE 10H,1,1350.00,1350.00
2023-11-17,PENTRON,CAJA NEUMATICA STD + REG 24VCC,1,125065.25,125065.25
2023-11-17,AVEDIS,OXIGENO INDUSTRIAL TUBO,1,1005.19,1005.19
2023-11-17,AVEDIS,CO2 INDUSTRIAL TUBO,1,646.88,646.88
2023-11-17,CASABLANCA,CUBRE PLATO TIPO JOST CON 12 BULONES,1,44050.50,44050.50
2023-11-17,ILUZ,"CABLE TALLER 12 X 1,5MM2 NEG",1,3747.87,3747.87
2023-11-17,DACI,BARRITAS MANT 12 X 12 X 180,1,1778.85,1778.85
2023-11-17,DISTRIBUIDORA DIEZ,CAJA TABLETPLAST P TERMICAS PF 045,1,5980.00,5980.00
2023-11-17,DISTRIBUIDORA DIEZ,TERMICA BIPOLAR 20AMP STECK,1,2291.90,2291.90
2023-11-17,DISTRIBUIDORA DIEZ,DISYUNTOR BIPOLAR 25AMP STECK,1,9490.00,9490.00
2023-11-17,DISTRIBUIDORA DIEZ,CAJA TABLEPAST MOD.XCB 23 82,1,5460.00,5460.00
2023-11-17,DISTRIBUIDORA DIEZ,FICHA KALOP H3 MACHO KALOPS,1,572.00,572.00
2023-11-17,DISTRIBUIDORA DIEZ,FICHA HEMBRA H3 KALOPS,1,629.20,629.20
2023-11-21,DI GILIO,PORTA SENSOR ABS EBS,1,1734.00,1734.00
2023-11-21,RIZZOTTO,ANTICIPOS DE CLIENTES 100% SOBRE O.V. 53519,1,346702.00,346702.00
2023-11-21,TER,"TF DOBLE ZF 16S""1650 NEUM MULT ARR: Z15 X AB: PL)",1,443544.00,443544.00
2023-11-21,TER,EJE PROLONGADOR TF ZF 16S 1650,1,37639.00,37639.00
2023-11-22,LUBRICENTRO RUTA,LLAVE DE UN PUNTO,1,1256.20,1256.20
2023-11-22,DICA,"MANGUERA MARCA INDUSTRIAS DICA MOD DICAFLEX GG 3"" LARGO 1800MM EXTREMOS DE ACERO CARBONO MF 2 1 2"" BSPT + ACOPLE ALUMINIO MOD DCH 2 1 2"" IDEM",1,412086.38,412086.38
2023-11-22,TOFEMA,CAJA ESTANCA BLANCA IP 65 115X165X110 TAPA TRANSPARENTE,1,7018.80,7018.80
2023-11-22,HIZA,TORCHAS TIG REPARADAS,1,18400.00,18400.00
2023-11-22,HIZA,TORCHAS MIG REPARADAS,1,26800.00,26800.00
2023-11-22,GIANNONI,ENVASE PLASTICOS C TAPAS X 0.700,1,404.93,404.93
2023-11-22,GIANNONI,GLASURIT22 X 100GR VERDE S M,1,3100.00,3100.00
2023-11-22,GIANNONI,GLASURIT COLOR 22 X 01,1,31000.00,31000.00
2023-11-22,GIANNONI,GLASURIT CAT RAP 929 91 X 0500,1,8619.14,8619.14
2023-11-22,GIANNONI,ENVASE X 4 (24),1,1152.00,1152.00
2023-11-22,GIANNONI,DILUYENTE 600 MASTER X 18,1,56365.35,56365.35
2023-11-23,NEW GAS,GAR.10K.YPF GAS,1,3067.87,3067.87
2023-11-23,EL PIONERO,TOSCA,1,4958.68,4958.68
2023-11-23,DALIS,CARP A4 T T NEGRA V OPACA LAMA O,1,313.71,313.71
2023-11-23,DALIS,FOLIOS A4 X100 40MIC LAMA OFFICE,1,4584.80,4584.80
2023-11-23,DALIS,BOLIG OPACO T G AZ C U BIC,1,319.87,319.87
2023-11-23,DALIS,BIBLIOR A4 L7CM CART AZUL EIFFEL,1,2687.55,2687.55
2023-11-23,DALIS,TIZA BLANCA X 144 ALBORADA,1,1632.65,1632.65
2023-11-23,DALIS,PH LASER 35 36 78 85 A,1,18522.31,18522.31
2023-11-23,DALIS,BR LASER TB 660 2320 TN 2370 I,1,15342.15,15342.15
2023-11-23,DALIS,MARC PX 21 AMARILLO UNI,1,3762.38,3762.38
2023-11-23,DALIS,DETECTOR LAPIZ BILLETES PELIKAN,1,959.45,959.45
2023-11-23,DANIEL SALINAS,"TUBO 1 4"" XMT",1,1113.00,1113.00
2023-11-23,DANIEL SALINAS,"TUBO 5 6"" XMT",1,1595.00,1595.00
2023-11-23,DANIEL SALINAS,"TUBO ESPIRALADO 5 16""",1,20414.00,20414.00
2023-11-23,DANIEL SALINAS,"UNION RECTA PLASTICA 5 16""",1,208.00,208.00
2023-11-23,DANIEL SALINAS,BAJADA CON CONECTORES,1,27395.00,27395.00
2023-11-23,DANIEL SALINAS,"ROTOR NPT 3 4"" CORTO",1,12619.00,12619.00
2023-11-23,DANIEL SALINAS,ACOPLE CARROCERIA 86MM REDONDO,1,12744.00,12744.00
2023-11-23,DANIEL SALINAS,SOPORTE ACOPLE CARROCERIA 120MM,1,1024.00,1024.00
2023-11-23,DANIEL SALINAS,ACOPLE SISTEMA INTERNO 37CM REGULABLE PARA EJE HUECO,1,29413.00,29413.00
2023-11-23,DANIEL SALINAS,KIT DE ACOPLE SITEMA INTERNO EJE HUECO 43 50MM CON RESPIRO,1,12922.00,12922.00
2023-11-23,RIZZOTTO,ANTICIPOS DE CLIENTES 100% S POLEA 65V280E B,1,382252.05,382252.05
2023-11-24,COINGAS,BUJE RED GALV 2 1 2 X (2) DEMA,1,4005.28,4005.28
2023-11-24,AUTOSUR,BULBO STOP,1,10743.80,10743.80
2023-11-24,ACO FLEX,"ACOPLE ALUM TIPO DC 2""",1,14302.00,14302.00
2023-11-24,EL PIONERO,CEMENTO,1,3719.01,3719.01
2023-11-24,DI GILIO,ACOPLE CANO = 12X9 Y ROSCA = 22X1,1,3475.50,3475.50
2023-11-24,DI GILIO,ACOPLE CANO = 12X9 Y ROSCA = 3 8,1,2520.00,2520.00
2023-11-24,DI GILIO,UNION T CON A5 EN CABEZA 16X,1,2730.00,2730.00
2023-11-24,DI GILIO,"ACOPLE A5 ROSCA =16X1,5",1,1711.50,1711.50
2023-11-24,EL PIONERO,ARENA,1,12016.53,12016.53
2023-11-24,EL PIONERO,PIEDRA,1,26000.00,26000.00
2023-11-24,SANITARIOS ADRIANA,TANQUE TRICAPA 750L HIDROLIT,1,85000.00,85000.00
2023-11-25,CESKIAVIKUS JORGE ROBERTO,POR CERTIFICACION DE CISTERNA VALLADARES,1,31700.00,31700.00
2023-11-27,ELECTRO TRAILER,"CONJUNTO PERNO REY 2"" JOST",1,229655.90,229655.90
2023-11-27,PEM NEORED,"KONDUSEAL CONECTOR RECTO MACHO 1 2"" BSP C TUERCA",1,4472.00,4472.00
2023-11-27,PEM NEORED,"KONDUSEAL CONECTOR MACHO A 90A 1 2"" NPT BSP",1,9552.00,9552.00
2023-11-27,PEM NEORED,"KONDUSEAL TUERCA ALUM ROSCA 1 2"" NPT BSP",1,688.00,688.00
2023-11-27,PEM NEORED,ARGENPLAS CABLE TIPO TALLER DE 2X2.5 MM,1,1231.00,1231.00
2023-11-27,TER,TF FS 6306 A NEUM MULT C PL,1,227118.00,227118.00
2023-11-28,COINGAS,"NIPLE GALV 2"" X 8CM",1,3019.46,3019.46
2023-11-28,DISTRIBUIDORA DIEZ,CAJA EXULTT 32X32X50,1,2133.30,2133.30
2023-11-28,DISTRIBUIDORA DIEZ,CAJA ROKER MOD PR994 50,1,2106.00,2106.00
2023-11-28,PINTURERIA SERRENTINO,MASILLA FORMULA ZEOCAR 4K,1,29670.93,29670.93
2023-11-28,QUIMWEY,SHAMPOO TEFLONADO,1,7071.00,7071.00
2023-11-28,MONSTER TOOLS,TALADRO PERCUTOR 800W 13MM 2 VELOCIDADES DEWALT,1,135867.76,135867.76
2023-11-28,AVEDIS,ARGON TUBO,1,8988.31,8988.31
2023-11-28,AVEDIS,OXIGENO INDUSTRIAL TUBO,1,1005.19,1005.19
2023-11-28,AVEDIS,CO2 INDUSTRIAL TUBO,1,646.88,646.88
2023-11-28,DISTRIBUIDORA DIEZ,ROLLO DE CINTA AISLADORA VINI TAPE X 20MTS,1,1136.00,1136.00
2023-11-28,DISTRIBUIDORA DIEZ,PRENSACABLE PVC 3 4 PERCAN PLAST,1,182.00,182.00
2023-11-28,DISTRIBUIDORA DIEZ,BOLSA DE PRECINTOS SYBYD ALT3,1,2766.40,2766.40
2023-11-28,DISTRIBUIDORA DIEZ,BOLSA DE PRECINTOS ALT4,1,3606.20,3606.20
2023-11-28,DISTRIBUIDORA DIEZ,BOLSA DE PRECINTOS SYBYD ALT5 NEGRO,1,4446.00,4446.00
2023-11-28,DISTRIBUIDORA DIEZ,CABLE TIPO TALLER 2X1MM,1,618.80,618.80
2023-11-28,DISTRIBUIDORA DIEZ,CABLE T.T 3X1 MM,1,845.00,845.00
2023-11-28,DISTRIBUIDORA DIEZ,CAJA TABLEPLAST DE PASE XCB 13 87,1,3572.40,3572.40
2023-11-28,DISTRIBUIDORA DIEZ,CAJA EXULT 115X115X80,1,3572.40,3572.40
2023-11-28,DICA,"ACOPLE DNM 3"" ALUMINIO",1,14294.67,14294.67
2023-11-28,DICA,"ACOPLE DNM 2"" ALUMINIO",1,7430.08,7430.08
2023-11-28,DICA,"ACOPLE DTH 3"" ALUMINIO",1,22574.86,22574.86
2023-11-28,DICA,"ACOPLE DCE 3"" ALUMINIO",1,28027.58,28027.58
2023-11-28,DICA,ACOPLE DCE 2 1 2 ALUMINIO,1,25084.01,25084.01
2023-11-28,ULTRACOLOR,DIPROEL DILUY ACRILICO X200L,1,256500.00,256500.00
2023-11-28,ULTRACOLOR,DIPROEL DILUY POLIURETANO X18L,1,35100.00,35100.00
2023-11-28,ULTRACOLOR,ZEOCAR MASILLA POLIESTER X 4K,1,14610.00,14610.00
2023-11-29,PIJUAN,REMERA CUELLO REDONDO AZUL TALLE S A XL,1,6300.00,6300.00
2023-11-29,PIJUAN,REMERA CUELLO REDONDO AZUL TALLE XXL A XXXL,1,7600.00,7600.00
2023-11-29,PIJUAN,CHOMBA PIQUE AZUL TALLE S A XL,1,12030.00,12030.00
2023-11-29,PIJUAN,CHOMBA PIQUE AZUL TALLE XXL A XXXL,1,14500.00,14500.00
2023-11-29,STOCCO,CASQUETE TORIESFERICO 1600 ESP 6.3 A.C. R 1600 R150 DISCO 1840,1,226000.00,226000.00
2023-11-29,STOCCO,CASQUETE TORIESFERICO 1700 ESP 6.3 A.C. R 1700 R175 DISCO 1970,1,259000.00,259000.00
2023-11-29,STOCCO,CASQUETE TORIESFERICO 1750 ESP 6.3 A.C. R 1750 R175 DISCO 2020,1,259000.00,259000.00
2023-11-29,STOCCO,CASQUETE TORIESFERICO 1800 ESP 6.3 A.C. R 1800 R175 DISCO 2070,1,300000.00,300000.00
2023-11-29,STOCCO,CASQUETE TORIESFERICO 1900 ESP 6.3 A.C. R1900 R200 DISCO 2190,1,333000.00,333000.00
2023-11-29,STOCCO,CASQUETE TORIESFERICO 2000 ESP 6.3 A.C. R 2000 R200 DISCO 2300,1,387000.00,387000.00
2023-11-29,STOCCO,CASQUETE TORIESFERICO 2100 ESP 6.3 A.C. R 2100 R200 DISCO 2400,1,436000.00,436000.00
2023-11-29,STOCCO,CASQUETE TORIESFERICO 2200 ESP 6.3 A.C. R 2200 R200 DISCO 2500,1,484000.00,484000.00
2023-11-29,COINGAS,"NIPLE GALV 2"" X 8CM",1,3019.46,3019.46
2023-11-29,COINGAS,"CODO GALV 2"" 90 HH DEMA",1,4405.78,4405.78
2023-11-29,HIDRONOVA,MANOMETRO INOX C GLICERINA DIAM 63 SALIDA INFERIOR,1,7683.00,7683.00
2023-11-29,HIDRONOVA,MANGUERA R1 3 4 X 1250MM HG 3 4 ASIENTO MACHO X MG 3 4 NPT,1,27562.00,27562.00
2023-11-29,HIDRONOVA,MANGUERA R1 3 4 X 650MM MG 3 4 NPT X MG 3 4 NPT,1,25042.00,25042.00
2023-11-29,HIDRONOVA,CODO 90 MF 1.1 16 JIC X 3 4 NPT,1,9433.00,9433.00
2023-11-29,HIDRONOVA,BOCA DE CARGA GRANDE,1,31410.00,31410.00
2023-11-29,HIDRONOVA,"ACOPLE A PALANCA TIPO F2""",1,11253.00,11253.00
2023-11-29,AGUA PARICE,BIDONES DE AGUA,1,900.00,900.00
2023-11-30,FERRIN,CANO DOBLE TELA DE 60MM,1,11002.00,11002.00
2023-11-30,FERRIN,CANO DOBLE TELA DE 76MM,1,12654.35,12654.35
2023-11-30,FERRIN,CANO DOBLE TELA DE 90MM,1,15470.60,15470.60
2023-11-30,FERRIN,CUERDA VITON DIAM 5MM,1,2448.26,2448.26
2023-11-30,SANITARIOS ADRIANA,VALVULA ESFERICA PASO TOTAL 2 IMP L.T.H H,1,55000.00,55000.00
2023-11-30,SANITARIOS ADRIANA,FICHA MACHO 20 AMP,1,1500.00,1500.00
2023-11-30,SANITARIOS ADRIANA,FICHA HEMBRA 20 AMP,1,1500.00,1500.00
2023-11-30,HIDRONOVA,"ACOPLE A PALANCA TIPO F2""",1,11253.00,11253.00
2023-11-30,HIDRONOVA,RACOR DE CHAPA DE 2 1 2,1,27100.00,27100.00
2023-11-30,AVEDIS,ALQUILER DE TUBO,1,115.00,115.00
2023-11-30,DACI,PRISIONERO C CUADRADA 3 8X11 2,1,263.92,263.92
2023-11-30,DACI,TUERCA DI ZN 3 8 16 USS X UNID,1,49.95,49.95
2023-11-30,DACI,400 2000 450 2000 400 2000 500 2000 TORNILLO TANQUE ZINC 5 3,1,23134.92,23134.92
2023-11-30,DACI,TUERCA ZINC BAJAS 32,1,8.22,8.22
2023-11-30,COINGAS,"CODO GALV 2"" 90 MH LATYN",1,5673.51,5673.51
2023-11-30,COINGAS,TEFLON 3 4 X 20 MTS,1,641.44,641.44
2023-11-30,FRENOS MONTEVERDE,CONECTOR,1,3305.79,3305.79
2023-12-01,HIERROS CASANOVA,RUEDA RULEMAN REFORZADAS 105MM,1,16361.15,16361.15
2023-12-01,HIERROS CASANOVA,TYROLIT DISCO SENSITIVO 350X3 2 X 25.4,1,8746.78,8746.78
2023-12-01,HIERROS CASANOVA,"METAL DESPLEGADO 450 30 30 2 (1,5X3)",1,64392.98,64392.98
2023-12-01,HIERROS CASANOVA,TE 1 .1 4X1 8,1,10304.73,10304.73
2023-12-01,HIERROS CASANOVA,ANGULOS 1X1 8,1,7402.17,7402.17
2023-12-01,HIERROS CASANOVA,"CA EST RECT 60X40X1,6",1,32155.56,32155.56
2023-12-01,HIERROS CASANOVA,CA EST RECT 100X40X2,1,53230.93,53230.93
2023-12-04,CESKIAVIKUS JORGE ROBERTO,POR CERTIFICACION DE CISTERNA MALDONADO,1,31700.00,31700.00
2023-12-04,HIERROS CASANOVA,SINUSOIDAL CINCALUM 25 LARGO 5.00MT,1,47018.19,47018.19
2023-12-04,LENOX TANYX,BOBINAUTPEXBOBINA 305M CABLE UTP EXTERIOR CAT 5E FURUKAV TFURU,1,149229.75,149229.75
2023-12-04,HIZA,TORCHAS REPARADAS CON CAMBIO DE CABLE DE PODER,1,38400.00,38400.00
2023-12-05,VALVULAS ESTEBAN,CODO PLASTICO 90O TUBO 1 4 X 1 4M,1,2110.53,2110.53
2023-12-05,VALVULAS ESTEBAN,CONECTOR RECTO PLASTICO TUBO 1 4 X 1 4M,1,1697.84,1697.84
2023-12-05,VALVULAS ESTEBAN,CODO PLASTICO 90O TUBO 1 4 X 1 8M,1,2110.53,2110.53
2023-12-05,VALVULAS ESTEBAN,CONECTOR RECTO PLASTICO TUBO 1 4 X 1 8M,1,1401.98,1401.98
2023-12-05,VALVULAS ESTEBAN,5 2 SIMPLE SOLENOIDE 1 4 BSP 24V,1,42022.78,42022.78
2023-12-05,VALVULAS ESTEBAN,CODO 90 AJUSTE TU 6X1 8M,1,1823.97,1823.97
2023-12-05,VALVULAS ESTEBAN,CONECTOR RECTO AJUSTE TU 6X 1 8M,1,845.50,845.50
2023-12-05,VALVULAS ESTEBAN,TUERCA AJUSTE TUBO 6 (X10),1,4157.57,4157.57
2023-12-05,VALVULAS ESTEBAN,CUPLA ( ACERO) 1 4 (X10),1,3632.19,3632.19
2023-12-05,VALVULAS ESTEBAN,BUJE DE REDUCCION (ACERO) M H 3 8 X 1 4,1,560.33,560.33
2023-12-05,VALVULAS ESTEBAN,BUJE DE REDUCCION (ACERO) M H 3 8 X 1 8,1,559.99,559.99
2023-12-05,VALVULAS ESTEBAN,CONECTOR RECTO AJUSTE TU 10 X 1 4M,1,1541.57,1541.57
2023-12-05,VALVULAS ESTEBAN,CODO 90 AJUSTE TU 10 X 1 4M,1,2800.45,2800.45
2023-12-05,VALVULAS ESTEBAN,CODO 90 AJUSTE TU 10 X 3 8M,1,3126.25,3126.25
2023-12-05,VALVULAS ESTEBAN,CONECTOR RECTO AJUSTE TUBO 1 4 X 1 8M (X10),1,6361.04,6361.04
2023-12-05,VALVULAS ESTEBAN,CODO AJUSTE 90 TUBO 1 4 X 1 8M,1,1552.20,1552.20
2023-12-05,VALVULAS ESTEBAN,CONECTOR RECTO AJUSTE TUBO 1 4 X 1 4M (X10),1,5069.33,5069.33
2023-12-05,VALVULAS ESTEBAN,TUERCA AJUSTE C GUIA 1 4,1,460.28,460.28
2023-12-05,VALVULAS ESTEBAN,VIROLA 10MM (X50),1,9719.94,9719.94
2023-12-05,VALVULAS ESTEBAN,ENTREROSCA ( ACERO ) 1 8(X10),1,2533.11,2533.11
2023-12-05,VALVULAS ESTEBAN,ENTREROSCA ( ACERO) 1 4 (X10),1,3683.13,3683.13
2023-12-05,VALVULAS ESTEBAN,ENTREROSCA ( ACERO ) 3 8 (X10),1,5207.27,5207.27
2023-12-05,VALVULAS ESTEBAN,CUPLA PASACHAPA H 3 8,1,3624.43,3624.43
2023-12-05,TER,TF FS 6306 A NEUM R LENT C PL,1,253668.00,253668.00
2023-12-05,TER,"REPARACION DE TOMA DE FUERZA TF DOBLE ZF 16S 1650 NEUM MULT (Z15 X C PL) (2 541) 5 2022 CAMBIO PINON NO 2383B PLATO NO 3201 RETENES , ORIG JUEGO DE JUNTAS C BULONES DESARME , LIMPIEZA, ARMADO",1,134200.00,134200.00
2023-12-05,TORMECAN,ENGANCHE NO3 FIAT SCANIA COMP.,1,419201.96,419201.96
2023-12-05,TORMECAN,GANCHO CADENERO DE CHAPA,1,22029.66,22029.66
2023-12-06,DANIEL SALINAS,ACOPLE CARROCERIA 86 MM REDONDO,1,14337.00,14337.00
2023-12-06,DANIEL SALINAS,BAJADA CON CONECTORES,1,27934.50,27934.50
2023-12-06,DANIEL SALINAS,"ROTOR NPT 3 4"" CORTO",1,14196.00,14196.00
2023-12-06,DANIEL SALINAS,"TUBO 1 4"" (XMT)",1,1252.00,1252.00
2023-12-06,DANIEL SALINAS,"ESPARRAGO 64 MM 5 16"" X 18 MACHO 5 16"" X 18 HEMBRA",1,5731.00,5731.00
2023-12-06,DANIEL SALINAS,SOPORTE ROTOR DISCO 160MM,1,14835.00,14835.00
2023-12-06,DANIEL SALINAS,"ESPARRAGO 80MM 5 8"" X 18 HEMBRA",1,4731.00,4731.00
2023-12-06,DANIEL SALINAS,"TUERCA CIEGA NF 3 8"" CROMADA",1,621.00,621.00
2023-12-06,DANIEL SALINAS,"SOPORTE ROTOR DOBLE ""T"" 210MM",1,11709.00,11709.00
2023-12-06,BURGOM,ZAPATILLA OMBU KRIPTON,1,61893.60,61893.60
2023-12-06,BURGOM,CORREA EVER WEAR B 045,1,6267.09,6267.09
2023-12-06,BURGOM,AGROTILENO 3 X200 NEGRO,1,803.60,803.60
2023-12-06,BURGOM,CORREA EVER WEAR B 044,1,6127.28,6127.28
2023-12-06,BURGOM,CORREA EVER WEAR B 068,1,9471.00,9471.00
2023-12-06,BURGOM,MANGUERA CALEFACCION 19MM CYM,1,5635.69,5635.69
2023-12-06,BURGOM,CORREA EVER WEAR B 071,1,9888.62,9888.62
2023-12-06,BURGOM,CORREA EVER WEAR B 081,1,11278.63,11278.63
2023-12-06,BURGOM,CORREA EVER WEAR B 082,1,11416.63,11416.63
2023-12-06,BURGOM,CUBRE VAPREN HONDA FIT,1,33000.00,33000.00
2023-12-06,BURGOM,CORREA EVER WEAR B 049,1,6825.45,6825.45
2023-12-06,BURGOM,CORREA EVER WEAR B 065,1,9051.57,9051.57
2023-12-06,BURGOM,CORREA EVER WEAR B 089,1,12394.36,12394.36
2023-12-06,BURGOM,CORREA EVER WEAR A 034,1,3430.30,3430.30
2023-12-06,BURGOM,CORREA EVER WEAR B 056,1,7795.98,7795.98
2023-12-06,BURGOM,CORREA EVER WEAR B 087,1,12114.74,12114.74
2023-12-06,DANIEL SALINAS,"ESPARRAGO 64MM 5 16"" X 18 HEMBRA",1,5731.00,5731.00
2023-12-07,DANIEL SALINAS,VAVLVULA DE INFLADO CORTA,1,5625.00,5625.00
2023-12-07,DANIEL SALINAS,"ACOPLE ""U"" A NEUMATICO",1,3369.00,3369.00
2023-12-07,DI PRIMO,LAMP REGLAM,1,4958.68,4958.68
2023-12-07,DI PRIMO,ART BEPO,1,16198.35,16198.35
2023-12-11,DI GILIO,"SENSOR ABS 90"" 1MT + CLIP",1,21000.00,21000.00
2023-12-13,HIZA,TROCHAS REFRIGERADAS REPARADAS,1,58400.00,58400.00
2023-12-14,GRAFICA EL TOKE,JGOS TARA CARGA BRUTO 45 TN (6 NEGRAS+ 6 BLANCAS),1,1520.00,1520.00
2023-12-14,GRAFICA EL TOKE,BANDERA WEBER IND ARG,1,1750.00,1750.00
2023-12-14,GRAFICA EL TOKE,BANDERA WEBER REPARADO POR,1,1750.00,1750.00
2023-12-14,GRAFICA EL TOKE,TANQUE TRAMPA 120X60MM,1,195.00,195.00
2023-12-14,GRAFICA EL TOKE,TANQUE DE ACEITE 120X60MM,1,195.00,195.00
2023-12-14,GRAFICA EL TOKE,TANQUE DE AGUA 120X60MM,1,195.00,195.00
2023-12-14,GRAFICA EL TOKE,NIVEL DE ACEITE 120X25MM,1,95.00,95.00
2023-12-14,GRAFICA EL TOKE,NIVEL DE AGUA 120X25MM,1,95.00,95.00
2023-12-14,GRAFICA EL TOKE,FILTRO DE ACEITE 120X60MM,1,195.00,195.00
2023-12-14,GRAFICA EL TOKE,FILTRO DE AGUA 120X60MM,1,195.00,195.00
2023-12-14,GRAFICA EL TOKE,VALV DE SEGURIDAD 120X25MM,1,95.00,95.00
2023-12-14,GRAFICA EL TOKE,VACUOMETRO 120X25MM,1,95.00,95.00
2023-12-14,GRAFICA EL TOKE,MANOMETRO 120X25MM,1,95.00,95.00
2023-12-14,GRAFICA EL TOKE,20 FILTRO 01 +20 FILTRO 02 120X35MM,1,120.00,120.00
2023-12-14,GRAFICA EL TOKE,BOMBA DE VACIO 120 X 60MM,1,195.00,195.00
2023-12-14,GRAFICA EL TOKE,BOCA DE CARGA 120X60MM,1,195.00,195.00
2023-12-14,GRAFICA EL TOKE,TANQUE LAVAMANOS 200X30MM,1,165.00,165.00
2023-12-14,GRAFICA EL TOKE,CALZA RUEDAS 200X30MM,1,165.00,165.00
2023-12-14,GRAFICA EL TOKE,MATAFUEGO 200X30MM,1,165.00,165.00
2023-12-14,GRAFICA EL TOKE,CONO BALIZA 200X30MM,1,165.00,165.00
2023-12-14,GRAFICA EL TOKE,CARRETEL 120X30MM,1,110.00,110.00
2023-12-14,GRAFICA EL TOKE,"JGOS TARA CARGA BRUTO 7,5 TN (2 NEGRAS + 2 BLANCAS )",1,1520.00,1520.00
2023-12-14,GRAFICA EL TOKE,NO CIRCULAR CON TF CONECTADA ( CORTE),1,750.00,750.00
2023-12-14,GRAFICA EL TOKE,MAX 750 RPM ( CORTE ),1,650.00,650.00
2023-12-14,GRAFICA EL TOKE,C1 30.000 LTS,1,650.00,650.00
2023-12-14,GRAFICA EL TOKE,C1 36.000 LTS,1,650.00,650.00
2023-12-14,GRAFICA EL TOKE,C1 31.500 LTS,1,650.00,650.00
2023-12-14,GRAFICA EL TOKE,"LARGO TOTAL 15,5 MTS",1,650.00,650.00
2023-12-14,GRAFICA EL TOKE,LARGO TOTAL 8 MTS,1,650.00,650.00
2023-12-14,GRAFICA EL TOKE,"LARGO TOTAL 13,5MTS",1,650.00,650.00
2023-12-14,GRAFICA EL TOKE,OVALO WEBER CON FONDO CHICO,1,640.00,640.00
2023-12-14,GRAFICA EL TOKE,WEBER LARGO C TEL NEGRO,1,1280.00,1280.00
2023-12-14,GRAFICA EL TOKE,WEBER LARGO C TEL BLANCO,1,1280.00,1280.00
2023-12-14,GRAFICA EL TOKE,WEBER CORTO C TEL NEGRO,1,385.00,385.00
2023-12-14,GRAFICA EL TOKE,WEBER CORTO C TEL BLANCO,1,385.00,385.00
2023-12-14,GRAFICA EL TOKE,C1 14000 LTS ( W BLANCOS + 2 NEGROS),1,770.00,770.00
2023-12-14,GRAFICA EL TOKE,C1 14500 LTS (2 BLANCOS + 2 NEGROS),1,770.00,770.00
2023-12-14,GRAFICA EL TOKE,C1 25500 LTS (4 BLANCOS + 4 NEGROS),1,770.00,770.00
2023-12-14,GRAFICA EL TOKE,C1 31500 LTS (4BLANCOS+ 4NEGROS),1,770.00,770.00
2023-12-14,GRAFICA EL TOKE,C1 3000 LTS ( 4 BLANCOS + 4 NEGROS),1,770.00,770.00
2023-12-14,GRAFICA EL TOKE,C1 8000 LTS (2 BLANCOS + 2 NEGROS),1,770.00,770.00
2023-12-14,GRAFICA EL TOKE,C1 12000 LTS (2BLANCOS + 2 NEGROS ),1,770.00,770.00
2023-12-14,GRAFICA EL TOKE,C1 16000 LTS (2 BLANCOS + 2 NEGROS ),1,770.00,770.00
2023-12-14,GRAFICA EL TOKE,LARGO TOTAL 8 MTS (NEGROS),1,770.00,770.00
2023-12-14,GRAFICA EL TOKE,"10 JGOS DE CALCOS "" PRECAUCION Y MANT PARA SEMIRREMOLQUES0KM"" NO CIRCULAR CON TF CONECT 750 RPM MAX",1,1960.00,1960.00
2023-12-14,GRAFICA EL TOKE,IMPRESION OPP CON CORTE CALCO INSTRUCCIONES P ASHIRA PUNTO DE ENGRASE,1,2290.00,2290.00
2023-12-14,GRAFICA EL TOKE,JGOS TARA CARGA BRUTO 45 TNS,1,2240.00,2240.00
2023-12-14,GRAFICA EL TOKE,C1 33000 LTS,1,770.00,770.00
2023-12-14,GRAFICA EL TOKE,C1 36000 LTS,1,770.00,770.00
2023-12-14,GRAFICA EL TOKE,"CALCOS "" NO REALIZAR MANIOBRA SUCCION SOPLADO CON EL EQUIPO EN MARCHA"" ""NO USAR 2 TF A LA VEZ"" TIEMPO MAXIMO DE TRABAJO 1 HR""",1,2900.00,2900.00
2023-12-14,GRAFICA EL TOKE,"IMPRESION OPP CON CORTE 12 CALCOS ""UTILICE HIDRO LAVADO A 4 BAR MAX""",1,2900.00,2900.00
2023-12-14,GRAFICA EL TOKE,CALCOS UNIDAD EQUIPADA C HIDRO JET (CORTE),1,2350.00,2350.00
2023-12-14,GRAFICA EL TOKE,ALIVIO 130 X 40MM,1,350.00,350.00
2023-12-14,GRAFICA EL TOKE,CANO VIZCACHA 120 X 60MM,1,490.00,490.00
2023-12-14,GRAFICA EL TOKE,BALDE DE ARENA 200 X 30MM,1,410.00,410.00
2023-12-14,GRAFICA EL TOKE,CARGA 150 X35,1,585.00,585.00
2023-12-14,GRAFICA EL TOKE,CARGA VENTRAL 200X30MM,1,410.00,410.00
2023-12-14,GRAFICA EL TOKE,LANZA,1,205.00,205.00
2023-12-14,GRAFICA EL TOKE,IMPRESON OPP CON CORTE P BOTONERA MI PAIS DISENO INTRUMENTAL BOTONERA MI PAIS,1,17900.00,17900.00
2023-12-14,GRAFICA EL TOKE,IMPRESION OPP CON CORTE CALCOS ACCIONAMIENTO TF DE CAJAS AUTOM ACCIONAMIENTO PARA TF DE CAJAS MANUALES,1,3260.00,3260.00
2023-12-14,DISTRIBUIDORA DIEZ,MTS CANO FLEXITEC DE 1 2 CONDUIT,1,2548.00,2548.00
2023-12-14,DISTRIBUIDORA DIEZ,CONECTOR RECTO DAISA 3 4 FT33,1,4637.10,4637.10
2023-12-14,DISTRIBUIDORA DIEZ,CONECTOR CURVO FT52 DAISA,1,11719.50,11719.50
2023-12-14,DISTRIBUIDORA DIEZ,MTS CABLE TIPO TALLER 7X1.5MM,1,4160.00,4160.00
2023-12-14,DISTRIBUIDORA DIEZ,CAJA TABLEPLAST XCB 13 87,1,3887.00,3887.00
2024-12-16,BURGOM,CORREA EVER WEAR B 052,1,12379.05,12379.05
2023-12-19,AVEDIS,OXIGENO INDUSTRIAL TUBO,1,1105.70,1105.70
2023-12-19,AVEDIS,CO2 INDUSTRIAL TUBO,1,711.57,711.57
2023-12-20,RUIZ DIAZ RAUL MARTIN,REPARACION INTEGRAL MOTOR 1HP 220V,1,124845.45,124845.45
2023-12-21,DISTRIBUIDORA DIEZ,MTS CABLE 1X4MM,1,947.70,947.70
2023-12-21,DISTRIBUIDORA DIEZ,MICROCONTACTO AEA M 300,1,5460.00,5460.00
2023-12-21,DISTRIBUIDORA DIEZ,CAJA AEA X1P,1,4940.00,4940.00
2023-12-21,DISTRIBUIDORA DIEZ,SELECTORA AEA MOD 8200,1,9620.00,9620.00
2023-12-21,DISTRIBUIDORA DIEZ,TERMICA BIPOLAR 20 AMP STECK,1,5980.00,5980.00
2023-12-21,DISTRIBUIDORA DIEZ,ROLLO DE CINTA AISLADORA VINI TAPE X 20 MTS,1,1446.90,1446.90
2023-12-21,DISTRIBUIDORA DIEZ,BOLSA DE PRECINTOS SYBYD ALT 2,1,2912.00,2912.00
2023-12-21,DISTRIBUIDORA DIEZ,"MTS CABLE TIPO TALLER 2X1,5MM",1,1023.10,1023.10
2023-12-21,DISTRIBUIDORA DIEZ,CAJA TABLEPLAST PF08S,1,11570.00,11570.00
2023-12-21,DISTRIBUIDORA DIEZ,CURVA SICA DE 20 PVC,1,505.70,505.70
2023-12-21,DISTRIBUIDORA DIEZ,CONECTOR SICA DE 20 PVC,1,412.10,412.10
2023-12-21,DISTRIBUIDORA DIEZ,UNION SICA DE 20 PVC,1,169.00,169.00
2023-12-21,DISTRIBUIDORA DIEZ,MTS CANO SICA DE 20O PVC,1,717.60,717.60
2023-12-21,DISTRIBUIDORA DIEZ,CAJA TABLEPLAST DE PASE XCB 13 87,1,3890.90,3890.90
2023-12-21,DISTRIBUIDORA DIEZ,MODULO TOMA 20 AMP EXULT,1,1690.00,1690.00
2023-12-21,DISTRIBUIDORA DIEZ,DISYUNTOR BIPOLAR 25 AMP SICA,1,44200.00,44200.00
2023-12-21,DISTRIBUIDORA DIEZ,FOTOCONTROL 10 AMP 220V VC,1,9360.00,9360.00
2023-12-21,DISTRIBUIDORA DIEZ,ZOCALO P FOTOCONTROL,1,2860.00,2860.00
2023-12-21,DISTRIBUIDORA DIEZ,BASTIDOR EXULT,1,510.90,510.90
2023-12-21,DISTRIBUIDORA DIEZ,TAPA EXULT BLANCA,1,458.90,458.90
2023-12-21,DISTRIBUIDORA DIEZ,TAPON EXULT,1,119.60,119.60
2023-12-21,HIDRONOVA,"ACOPLE PALANCA POLIPROPILENO (TIPO) 2""",1,9375.00,9375.00
2023-12-21,HIDRONOVA,BUJE DE REDUCCION H NPT X M NPT 1 X 1.1 2,1,19943.04,19943.04
2023-12-21,HIDRONOVA,BUJE GALV M 2 X H 1 1 2,1,7136.00,7136.00
2023-12-31,AVEDIS,ALQUILER DE TUBO (21%),1,225.00,225.00
2024-01-01,INTERNET,NUEVO PLAN 25MB,1,6033.06,6033.06
2024-01-01,INTERNET,ABONO CORPORATIVO,1,619.83,619.83
2024-01-08,PREGOM,GUARDA FANGO WEBER 2000X380,1,16200.00,16200.00
2024-01-08,PREGOM,GUARDA FANGO WEBER 630 X 500,1,9100.00,9100.00
2024-01-09,ACOPLADOS PETINARI,CONEXION HIDRAULICA PARA ACOPLADO,1,1666900.00,1666900.00
2024-01-09,AGUA PARICE,BIDONES DE AGUA,1,1076.00,1076.00
2024-01-15,GIANNONI,S.W KIT PRIMER Y ENDURECEDOR POLI P 710,1,14767.88,14767.88
2024-01-15,GIANNONI,GLASURIT FORD PLA X 1L,1,31942.16,31942.16
2024-01-15,GIANNONI,ESMALTE A. POLIU VERDE STA TERESITA 0100 X 03,1,54460.87,54460.87
2024-01-15,GIANNONI,CONVERTIDOR 9013 X 1,1,24853.72,24853.72
2024-01-15,GIANNONI,S.W KIT BARNIZ Y ENDURECEDOR 7100,1,15811.34,15811.34
2024-01-15,GIANNONI,DILUYENTE 600 MASTER X 18,1,98683.35,98683.35
2024-01-15,BULL VIAL,SERVICIO ARME Y DESARME P NEUM AUTOELEVADOR,1,4155.80,4155.80
2024-01-15,BULL VIAL,CAMARA 8.25 15 TR75A,1,34757.00,34757.00
2024-01-15,SOLBEMT,GUANTES LATEX TALLE M,1,826.45,826.45
2024-01-15,SOLBEMT,BLEM ORIGINAL Y LAVANDA AEROSOL,1,2528.93,2528.93
2024-01-15,SOLBEMT,BOLSAS DE CONSORCIO 90 X 120,1,1561.98,1561.98
2024-01-15,SOLBEMT,BALERINA CHICA,1,99.17,99.17
2024-01-15,SOLBEMT,LIMPIAVIDRIO X 1LT,1,4371.90,4371.90
2024-01-15,LUBRICENTRO RUTA,FILTRO DE GAS OIL,1,4214.87,4214.87
2024-01-15,LUBRICENTRO RUTA,VASO DE FILTRO,1,1446.29,1446.29
2024-01-16,MICRO,VAN 354 13 3,1,35300.00,35300.00
2024-01-16,SANITARIOS ADRIANA,RUEDA C BASE,1,900.00,900.00
2024-01-17,DALIS,BIBLIOR A4 PVC ROJO LAMA OFFICE,1,3166.95,3166.95
2024-01-17,DALIS,BIBLIOR A4 L7CM CART AZUL EIFFEL,1,3838.79,3838.79
2024-01-17,DALIS,BILBIOR OF L7 PVC AZUL THE PEL,1,3521.93,3521.93
2024-01-17,DALIS,RESMITA OF 80GRS 6233 6 BOREAL,1,6997.62,6997.62
2024-01-17,DALIS,RESMITA A4 80 GRS 6222 2 BOREAL,1,4816.15,4816.15
2024-01-17,DALIS,FOLIOS A4 40MIC X100 CRISTAL LIG,1,4939.43,4939.43
2024-01-17,DALIS,MARC PX 20 AMARILLO UNI,1,3383.46,3383.46
2024-01-17,EL CERROJO,MANIJAS DE ALUMINIO,1,1600.00,1600.00
2024-01-18,ZALOZE,"C.R.LARGO 90O SCH 40 6""",1,106625.40,106625.40
2024-01-18,COINGAS,"CODO GALV 2"" 90 MH LATYN",1,8798.30,8798.30
2024-01-19,ACOPLES SANCHEZ,"ACOPLE ATMOSFERICO HEMBRA ROSCA MACHO 3""",1,18100.00,18100.00
2024-01-19,ACOPLES SANCHEZ,"ACOPLE ATMOSFERICO HEMBRA ROSCA HEMBRA 2"" 1 2",1,16500.00,16500.00
2024-01-19,ACOPLES SANCHEZ,"ACOPLE ATMOSFERICO HEMBRA ROSCA HEMBRA 3""",1,18100.00,18100.00
2024-01-19,ACOPLES SANCHEZ,"ACOPLE ATMOSFERICO HEMBRA 2""1 2 R 3""",1,18800.00,18800.00
2024-01-19,ACOPLES SANCHEZ,"ACOPLE ATMOSFERICO MACHO ROSCA MACHO 2"" 1 2",1,22500.00,22500.00
2024-01-19,ACOPLES SANCHEZ,"ACOPLE ATMOSFERICO MACHO ROSCA MACHO 3""",1,24100.00,24100.00
2024-01-19,ACOPLES SANCHEZ,"ACOPLE ATMOSFERICO COLA TRASERA 2"" 1 2",1,13100.00,13100.00
2024-01-19,ACOPLES SANCHEZ,"ACOPLE ATMOSFERICO COLA TRASERA 3""",1,13600.00,13600.00
2024-01-19,ACOPLES SANCHEZ,"ACOPLE ATMOSFERICO HEMBRA P M 2"" 1 2",1,9900.00,9900.00
2024-01-19,ACOPLES SANCHEZ,"ACOPLE ATMOSFERICO HEMBRA P M 3""",1,13200.00,13200.00
2024-01-19,ACOPLES SANCHEZ,"ACOPLE ATMOSFERICO MACHO P M BRONCE 2 "" 1 2",1,22600.00,22600.00
2024-01-19,ACOPLES SANCHEZ,"ACOPLE ATMOSFERICO MACHO P M ALUMINIO 2"" 1 2",1,15700.00,15700.00
2024-01-19,ACOPLES SANCHEZ,"ACOPLE ATMOSFERICO MACHO P M 3""",1,31500.00,31500.00
2024-01-19,ACOPLES SANCHEZ,"ACOPLE ATMOSFERICO MACHO P M ALUMINIO 3""",1,24500.00,24500.00
2024-01-19,ACOPLES SANCHEZ,"ACOPLE ATMOSFERICO HEMBRA REDUCCION C3"" M2"" 1 2",1,12500.00,12500.00
2024-01-19,ACOPLES SANCHEZ,"ACOPLE ATMOSFERICO MACHO REDUCCION BRONCE 3"" A 2 1 2",1,33100.00,33100.00
2024-01-19,ACOPLES SANCHEZ,"ACOPLE ATMOSFERICO MACHO REDUCCION ALUMINIO 3"" A 2""1 2",1,26500.00,26500.00
2024-01-19,ACOPLES SANCHEZ,"ACOPLE ATMOSFERICO UNION BRONCE 2"" 1 2",1,32500.00,32500.00
2024-01-19,ACOPLES SANCHEZ,"ACOPLE ATMOSFERICO UNION ALUMINIO 2"" 1 2",1,27000.00,27000.00
2024-01-19,ACOPLES SANCHEZ,"ACOPLE ATMOSFERICO UNION BRONCE 3""",1,49000.00,49000.00
2024-01-19,ACOPLES SANCHEZ,"ACOPLE ATMOSFERICO UNION ALUMINIO 3""",1,43000.00,43000.00
2024-01-19,ACOPLES SANCHEZ,"ACOPLE ATMOSFERICO REDUCCION BRONCE C3 A M2"" 1 2",1,46200.00,46200.00
2024-01-19,ACOPLES SANCHEZ,"ACOPLE ATMOSFERICO REDUCCION ALUMINIO C3"" A M2"" 1 2",1,39500.00,39500.00
2024-01-19,ACOPLES SANCHEZ,ACOPLE ATMOSFERICO DESCARGA,1,32900.00,32900.00
2024-01-19,ACOPLES SANCHEZ,"ACOPLE ATMOSFERICO CAMACHO C B 2""1 2",1,66800.00,66800.00
2024-01-19,ACOPLES SANCHEZ,"ACOPLE ATMOSFERICO CAMACHO C B 3""",1,71600.00,71600.00
2024-01-19,ACOPLES SANCHEZ,"ACOPLE ATMOSFERICO CAMACHO HIERRO 2"" 1 2",1,46500.00,46500.00
2024-01-19,ACOPLES SANCHEZ,"ACOPLE ATMOSFERICO CAMACHO 3""",1,50000.00,50000.00
2024-01-19,ACOPLES SANCHEZ,ACOPLE ATMOSFERICO LLAVE SALIDA,1,57500.00,57500.00
2024-01-19,ACOPLES SANCHEZ,"ACOPLE ATMOSFERICO NIPLE 2""1 2",1,13100.00,13100.00
2024-01-19,ACOPLES SANCHEZ,"ACOPLE ATMOSFERICO NIPLE 3""",1,15300.00,15300.00
2024-01-19,ACOPLES SANCHEZ,"ACOPLE ATMOSFERICO TAPA MANIJA BRONCE 2""1 2",1,22500.00,22500.00
2024-01-19,ACOPLES SANCHEZ,"ACOPLE ATMOSFERICO TAPA MANIJA BRONCE 3""",1,23200.00,23200.00
2024-01-19,ACOPLES SANCHEZ,"ACOPLE ATMOSFERICO TAPA CIEGA 4""",1,17200.00,17200.00
2024-01-19,ACOPLES SANCHEZ,"ACOPLE ATMOSFERICO TAPA MANIJA DE ALUMINIO 2""1 2",1,15700.00,15700.00
2024-01-19,ACOPLES SANCHEZ,"ACOPLE ATMOSFERICO TAPA MANIJA ALUMINIO 3""",1,17800.00,17800.00
2024-01-19,ACOPLES SANCHEZ,"ACOPLE ATMOSFERICO TAPON 2"" 1 2",1,13200.00,13200.00
2024-01-19,ACOPLES SANCHEZ,ACOPLE ATMOSFERICO MANIJA BRONCE,1,6600.00,6600.00
2024-01-19,ACOPLES SANCHEZ,ACOPLE ATMOSFERICO MANIJA ALUMINIO,1,1350.00,1350.00
2024-01-19,ACOPLES SANCHEZ,"ACOPLE ATMOSFERICO MANIJA 4""",1,6600.00,6600.00
2024-01-19,ACOPLES SANCHEZ,"ACOPLE ATMOSFERICO MACHO BRONCE 2"" 1 2 A 2""",1,27400.00,27400.00
2024-01-19,ACOPLES SANCHEZ,"ACOPLE ATMOSFERICO MACHO ALUMINIO 2"" 1 2 A 2""",1,21400.00,21400.00
2024-01-19,ACOPLES SANCHEZ,"ACOPLE ATMOSFERICO HEMBRA ROSCA MACHO 2"" 1 2",1,16500.00,16500.00
2024-01-19,ELECTRO TRAILER,"ABRAZ DES 840 380 7 8"" MEDIDA INTERIOR 80 MH ( SOLA)",1,8993.16,8993.16
2024-01-19,ELECTRO TRAILER,"TUERCA 7 8"" AUTOFR UNF P BULON DE TENSOR 7 8""",1,1171.31,1171.31
2024-01-19,ELECTRO TRAILER,CHAPA PLAQUETA INFERIOR ELASTICO DE CHAPA ( BANANITA),1,8674.57,8674.57
2024-01-19,ELECTRO TRAILER,"BULON DE TENSOR 7 8"" X 5 1 2"" (140MM) SOLO",1,3399.54,3399.54
2024-01-19,ELECTRO TRAILER,"TUERCA ABRAZADERA DE 7 8"" P ABRAZADERA DE ELASTICO",1,1885.75,1885.75
2024-01-19,ELECTRO TRAILER,"BUJE DE TENSOR SILENT BLOCK M.H 7 8"" X 47 X 78",1,5821.72,5821.72
2024-01-19,AVEDIS,OXIGENO INDUSTRIAL TUBO,1,1437.42,1437.42
2024-01-19,AVEDIS,CO2 INDUSTRIAL TUBO,1,996.19,996.19
2024-01-19,DI GILIO,SENSOR ABS 90O 1MT + CLIP,1,29565.94,29565.94
2024-01-19,ELECTRO TRAILER,"ABRAZ DES 840 380 7 8"" MEDIDA INTERIOR 80MH (SOLA)",1,8993.16,8993.16
2024-01-19,ELECTRO TRAILER,"TUERCA 7 8 AUTOFR UNF P BULON DE TENSOR 7 8""",1,1171.31,1171.31
2024-01-19,ELECTRO TRAILER,CHAPA PAQUETA INTERIOR ELASTICO DE CHAPA (BANANITA),1,8674.57,8674.57
2024-01-19,ELECTRO TRAILER,"BUJE DE TENSOR SILENT BLOCK M.H. 7 8"" X 47 X 78",1,5821.72,5821.72
2024-01-19,ACOPLES SANCHEZ,"HELIFLEX AMARILLA 2"" 10MTS",1,63333.00,63333.00
2024-01-19,ACOPLES SANCHEZ,"HELIFLEX AMARILLA 2"" 30MTS",1,180000.00,180000.00
2024-01-19,ACOPLES SANCHEZ,"HELIFLEX AMARILLA 2""1 2 10MTS",1,74000.00,74000.00
2024-01-19,ACOPLES SANCHEZ,"HELIFLEX AMARILLA 2""1 2 30MTS",1,190000.00,190000.00
2024-01-19,ACOPLES SANCHEZ,"HELIFLEX AMARILLA 3"" 10MTS",1,102737.00,102737.00
2024-01-19,ACOPLES SANCHEZ,"HELIFLEX AMARILLA 3"" 30MTS",1,298210.00,298210.00
2024-01-19,ACOPLES SANCHEZ,"VALVULA ESFERICA H H STD 1 4""",1,15227.00,15227.00
2024-01-19,ACOPLES SANCHEZ,"VALVULA ESFERICA H H STD 3 8""",1,15227.00,15227.00
2024-01-19,ACOPLES SANCHEZ,"VALVULA ESFERICA H H STD 1 2""",1,15480.00,15480.00
2024-01-19,ACOPLES SANCHEZ,"VALVULA ESFERICA H H STD 3 4""",1,17840.00,17840.00
2024-01-19,ACOPLES SANCHEZ,"VALVULA ESFERICA H H STD 1""",1,23319.00,23319.00
2024-01-19,ACOPLES SANCHEZ,"VALVULA ESFERICA H H STD 1"" 1 4",1,28209.00,28209.00
2024-01-19,ACOPLES SANCHEZ,"VALVULA ESFERICA H H STD 1""1 2",1,41444.00,41444.00
2024-01-19,ACOPLES SANCHEZ,"VALVULA ESFERICA H H STD 2""",1,59342.00,59342.00
2024-01-19,ACOPLES SANCHEZ,"VALVULA ESFERICAH H STD 2"" 1 2",1,118041.00,118041.00
2024-01-19,ACOPLES SANCHEZ,"VALVULA ESFERICA H H STD 3""",1,182135.00,182135.00
2024-01-19,ACOPLES SANCHEZ,"VALVULA ESFERICA H H STD 4""",1,274217.00,274217.00
2024-01-22,TER,TF ZF 9S 1110 NEUM MULT P Z15 9S 1310,1,302163.00,302163.00
2024-01-22,TER,EJE PROLONGADOR TF ZF 9S 1110,1,211868.00,211868.00
2024-01-22,MECANSUR,TOMA DE FUERZA S9 1110 1310 TO LATERAL MULT T NEUMAT,1,373000.00,373000.00
2024-01-22,MECANSUR,BOMBA 180 LTS SIN LLAVE GIRO DERECHO,1,415000.00,415000.00
2024-01-22,MECANSUR,"ACOPLES RAPIDOS DE 3 4""",1,104000.00,104000.00
2024-01-22,MECANSUR,VALVULA SOBRE PRESION,1,156000.00,156000.00
2024-01-23,HIERROS CASANOVA,UPN X 6 MTS 80,1,99076.51,99076.51
2024-01-23,HIERROS CASANOVA,IPN X 6 MTS 80,1,67277.35,67277.35
2024-01-23,HIERROS CASANOVA,PLANCHUELAS 5X 1 4,1,67939.37,67939.37
2024-01-23,HIERROS CASANOVA,PLANCHUELAS 1 X 3 16,1,8345.34,8345.34
2024-01-23,HIERROS CASANOVA,PLANCHUELAS 3 4 X 1 4,1,8788.96,8788.96
2024-01-23,HIERROS CASANOVA,PLANCHUELAS 1.1 2 X 1 4,1,15668.84,15668.84
2024-01-23,HIERROS CASANOVA,PLANCHUELA 1X3 8,1,17813.27,17813.27
2024-01-23,HIERROS CASANOVA,"CA EST RED 1X1,6",1,16616.17,16616.17
2024-01-23,HIERROS CASANOVA,"CA EST RED 5 8X 1,6",1,10060.03,10060.03
2024-01-23,HIERROS CASANOVA,"CA EST RED 1 2 X 1,6",1,8300.69,8300.69
2024-01-23,HIERROS CASANOVA,"CA EST RED 2X 1,6",1,34341.21,34341.21
2024-01-23,HIERROS CASANOVA,"CA EST RECT 60X40X1,6",1,43203.73,43203.73
2024-01-23,HIERROS CASANOVA,CA EST RECT 100X40X2,1,71520.48,71520.48
2024-01-23,HIERROS CASANOVA,CA EST CUAD 40X40X2,1,34942.09,34942.09
2024-01-23,HIERROS CASANOVA,"CA EST CUAD 40X40X3,2",1,58615.67,58615.67
2024-01-23,HIERROS CASANOVA,TUBOS USO MECANICO 3,1,135854.17,135854.17
2024-01-23,HIERROS CASANOVA,TUBOS USO MECANICO 4,1,239988.96,239988.96
2024-01-23,HIERROS CASANOVA,TUBOS USO MECANICO 2 1 2,1,100121.00,100121.00
2024-01-23,HIERROS CASANOVA,TUBOS USO MECANICO 1,1,47266.62,47266.62
2024-01-23,HIERROS CASANOVA,TUBOS USO MECANICO 2,1,92670.41,92670.41
2024-01-23,HIERROS CASANOVA,ANGULOS 1.1 4 X 3 16,1,19921.47,19921.47
2024-01-23,HIERROS CASANOVA,ANGULOS 7 8 X 1 8,1,10122.14,10122.14
2024-01-23,HIERROS CASANOVA,TE 7 8 X 1 8,1,11572.54,11572.54
2024-01-23,HIERROS CASANOVA,"METAL DESPLEGADO 450 30 30 2 (1 ,5X3)",1,104658.75,104658.75
2024-01-23,HIERROS CASANOVA,DEWALT 355X3.2 DISCO SENSITIVO,1,7218.08,7218.08
2024-01-23,HIERROS CASANOVA,REDONDOS 3 4,1,18107.94,18107.94
2024-01-23,HIERROS CASANOVA,REDONDOS 1 2,1,8682.64,8682.64
2024-01-23,HIERROS CASANOVA,REDONDOS 3 8,1,6373.92,6373.92
2024-01-23,HIERROS CASANOVA,REDONDOS 5 16,1,3713.96,3713.96
2024-01-23,HIERROS CASANOVA,REDONDOS 1 4,1,2430.03,2430.03
2024-01-23,HIERROS CASANOVA,CUADRADOS 5 8,1,18603.01,18603.01
2024-01-23,HIERROS CASANOVA,CUADRADOS 1 2,1,11024.95,11024.95
2024-01-23,JMH,"72100 R 1 2"" NPT 2,5 BAR PSI MANOMETRO MARCA CENI SERIE:72 CAJA:ACERO INOXIDABLE CIERRE:BAYONETA SALIDA:INFERIOR 1 2""NPT RANGO :0 2,5 BAR PSI CLASE:1% APTO PARA CARGA CON GLISERINA APTO REPARACION",1,73703.70,73703.70
2024-01-23,JMH,"BANO GLICERINA 100 BANO DE GLISERINA PARA MANOMETROS DE LA SERIE 70,72 Y 74",1,3593.70,3593.70
2024-01-23,JMH,CERTIFICADO CALIBRACION CLASE 1% LOS PATRONES UTILIZADOS EN LAS CALIBRACIONES TIENEN TRAZABILIDAD A LOS PATRONES DEL INTI,1,26185.50,26185.50
2024-01-23,JMH,"70100R 1 2""NPT 76 CMHG VACUOMETRO MARCA CENI SERIE:70 CAJA:ACERO INOXIDABLE 100MM INTERNOS:ACERO INOXIDABLE CIERRE:BORDONEADO SALIDA:INFERIOR 1 2""NPT RANGO: 76CM HG CLASE: 1,6% APTO PARA CARGA CON GLICERINA NO APTO PARA REPARACION",1,48035.70,48035.70
2024-01-23,JMH,"BANO GLICERINA 100 BANO GLICERINA PARA MANOMETROS DE LA SERIE 70,72 Y 74",1,3593.70,3593.70
2024-01-23,JMH,"CERTIFICADO CALIBRACION CLASE 1,6% LOS PATRONES UTILIZADOS EN LAS CALIBRACIONES TIENEN TRAZABILIDAD A LOS PATRONES DEL INTI",1,21424.50,21424.50
2024-01-23,NEPOTE,POLEA FUND. 4 B 160,1,55637.00,55637.00
2024-01-23,TIENDA DE CARDAN,PUNTA ESTRIA M.BENZ 1114,1,88000.00,88000.00
2024-01-23,TIENDA DE CARDAN,PLATO 6 AGUJS M.BENZ 1114,1,37000.00,37000.00
2024-01-23,TIENDA DE CARDAN,SPICER,1,78000.00,78000.00
2024-01-23,TIENDA DE CARDAN,HORQUILLA MB 1114,1,132000.00,132000.00
2024-01-23,TIENDA DE CARDAN,ACOP SOLDAR MB 1114 3500,1,40000.00,40000.00
2024-01-26,BAIRES,MB 11,1,720.00,720.00
2024-01-26,BAIRES,1209 KTVH.C3,1,26218.00,26218.00
2024-01-26,BAIRES,H 309,1,5460.00,5460.00
2024-01-26,BAIRES,1209 KTVH C3,1,26218.00,26218.00
2024-01-26,DISTRIBUIDORA DIEZ,LAMPARA LED 15 W INTERLEC,1,1136.20,1136.20
2024-01-26,DISTRIBUIDORA DIEZ,LAMPARA LED 12 W INTERLEC FRIA,1,978.90,978.90
2024-01-26,DISTRIBUIDORA DIEZ,RELOJ DIGITAL INTERLEC MOD TC GE2,1,12850.60,12850.60
2024-01-26,GIANNONI,RUCAR PANO C CORDON,1,11804.22,11804.22
2024-01-29,DISTROPAR,"DISCO C DEPRIM OXIDO XPERT 178X6,4",1,2376.80,2376.80
2024-01-29,DISTROPAR,"DISCO PLANO OXIDO XPERT 178X1,6",1,135778.88,135778.88
2024-01-29,LUGANO LUBRICENTRO,ACCESORIOS,1,63057.85,63057.85
2024-01-30,CARBALLO,FABRICAR CARDAN CON BALANCEO MB 1114 700MM CON CANO 70MM SIN COSTURA,1,220000.00,220000.00
2024-01-30,CARBALLO,FUELLE,1,16528.93,16528.93
2024-01-30,AVEDIS,OXIGENO INDUSTRIAL TUBO,1,1437.42,1437.42
2024-01-30,AVEDIS,CO2 INDUSTRIAL TUBO,1,996.19,996.19
2024-01-30,AVEDIS,ZOLDAR 20 TUBO,1,8998.32,8998.32
2024-01-30,RUBINETTI,FARO 650 CRISTAL,1,5184.00,5184.00
2024-01-30,RUBINETTI,FARO 650 AMBAR,1,5184.00,5184.00
2024-01-30,DISTRIBUIDORA DIEZ,CAJA P 12 TERMICAS CONEXTUBE EXTERIOR,1,23400.00,23400.00
2024-01-30,DISTRIBUIDORA DIEZ,CAJA TABLEPLAST XCB 13 87,1,4550.00,4550.00
2024-01-30,DISTRIBUIDORA DIEZ,CAJA RECTANGULAR EXT PVC RICHI,1,1378.00,1378.00
2024-01-30,DISTRIBUIDORA DIEZ,CURVA 20 SICA,1,362.70,362.70
2024-01-30,DISTRIBUIDORA DIEZ,CUPLA DE UNION 20 SICA,1,200.20,200.20
2024-01-30,DISTRIBUIDORA DIEZ,GRAMPA SICA DE 20,1,244.40,244.40
2024-01-30,DISTRIBUIDORA DIEZ,FOTOCONTROL 3 CABLES MOD VCF 03,1,9360.00,9360.00
2024-01-30,DISTRIBUIDORA DIEZ,CONECTOR SICA DE 20 PVC,1,412.10,412.10
2024-01-30,DISTRIBUIDORA DIEZ,ZOCALO P FOTOCONTROL,1,2860.00,2860.00
2024-01-30,DISTRIBUIDORA DIEZ,ROLLO DE CINTA AISLADORA VINI TAPE X 20 MTS,1,1764.10,1764.10
2024-01-30,DISTRIBUIDORA DIEZ,REFLECTOR LED 50W JEG,1,27462.50,27462.50
2024-01-30,DISTRIBUIDORA DIEZ,"CANO SICA DE 20""PVC",1,717.60,717.60
2024-01-30,DISTRIBUIDORA DIEZ,TERMICA BIPOLAR 25 AMP STECK,1,6130.15,6130.15
2024-01-30,DISTRIBUIDORA DIEZ,TERMICA BIPOLAR 10AMP STECK,1,6130.15,6130.15
2024-01-30,DISTRIBUIDORA DIEZ,DISYUNTOR BIPOLAR 40AMP STECK,1,25541.10,25541.10
2024-01-30,DISTRIBUIDORA DIEZ,KIT DE TORNILLOS Y TARUGOS NO6,1,4550.00,4550.00
2024-01-30,ROSSI,UPC 206 BLP,1,17500.00,17500.00
2024-01-31,SOLBEMT,HIPERCLORITO DE SODIO,1,289.26,289.26
2024-01-31,ELECTRO TRAILER,PERNO TENSOR 125MM SUSPEMSYS,1,19437.77,19437.77
2024-01-31,ELECTRO TRAILER,TUERCA M24 SUSPENSYS 2000 ADEL SUSPENSYS,1,5716.86,5716.86
2024-01-31,ELECTRO TRAILER,BUJE DE TENSOR SILENTBLOCK 2000 ADEL SUSPENSYS,1,17728.88,17728.88
2024-01-31,ELECTRO TRAILER,CONJUNTO COMPLEJO PERNO SUSP NEUMATICA SUSPENSYS,1,129208.39,129208.39
2024-01-31,RVS,PERNOS DE TENSOR DE 24 X 150MM CON TUERCA AUTOFRENANTE,1,10300.00,10300.00
2024-01-31,ELECTRO TRAILER,ARO GIRATORIO 1108 X 90 SIMPLE HILERA SIMIL R,1,1199431.16,1199431.16
2024-01-31,BURGOM,CORREA EVER WEAR B 061,1,14515.67,14515.67
2024-01-31,BURGOM,ADHESIVO DIGOCOL 250 CC.,1,2617.44,2617.44
2024-01-31,BURGOM,AFLOJA TODO DIGOCOL X 440,1,3669.09,3669.09
2024-01-31,BURGOM,BARBIJOS INDUSTRIAL MEDIO 503,1,200.41,200.41
2024-01-31,BURGOM,REMERAS REFORZADAS LISAS XXL XXXL,1,9370.96,9370.96
2024-01-31,BURGOM,CORREA EVER WEAR B 046,1,10948.46,10948.46
2024-01-31,BURGOM,CORREA EVER WEAR B 063,1,14993.56,14993.56
2024-01-31,BURGOM,CORREA EVER WEAR B 067,1,15946.35,15946.35
2024-01-31,BURGOM,PANTALON CARGO PAMPERO,1,38064.40,38064.40
2024-01-31,BURGOM,CAMISA OMBU AZULINO BEIGE 36 48,1,17365.56,17365.56
2024-01-31,BALIO,VALVULA DESCARGA RAPIDA M 16 M 22 M 16,1,14214.48,14214.48
2024-01-31,BALIO,VALVULA DESC RAPIDA 1XM22 3XM16,1,15540.67,15540.67
2024-01-31,AVEDIS,ALQUILER DE TUBO,1,225.00,225.00
2024-01-31,BALIO,VALVULA DESCARGA RAPIDA 1XM22 3XM16,1,15540.67,15540.67
2024-01-31,BALIO,BUJE SUSP 68 2X30X104,1,14876.13,14876.13
2024-01-31,COINGAS,"NIPLE GALV 2"" X 15CM",1,7947.23,7947.23
2024-02-01,INTERNET,PLAN 25 MB FTTH,1,6611.57,6611.57
2024-02-01,INTERNET,ABONO CORPORATIVO,1,619.83,619.83
2024-02-01,HIZA,PICOS 1.2,1,1420.00,1420.00
2024-02-01,HIZA,VIDRIOS TRANSPARENTES,1,245.00,245.00
2024-02-01,HIZA,TOBERAS,1,5480.00,5480.00
2024-02-01,HIZA,PORTA PICOS,1,3150.00,3150.00
2024-02-01,RVS,"ARANDELAS TETONES DE 24MM X 1 4"" ESP",1,2500.00,2500.00
2024-02-02,HIERROS CASANOVA,CA EST RECT 60X40X2,1,43303.12,43303.12
2024-02-02,HIERROS CASANOVA,VARIOS CORTES TUBO,1,109.24,109.24
2024-02-02,TANGOMA,CORREAS SPBX 2000 5VX 790 CARLISIE,1,67812.00,67812.00
2024-02-02,DACI,BULON C REDONDA C C SIN TUERCA 8X44,1,172.07,172.07
2024-02-02,DACI,200 2000 TORNILLO TANQUE ZINC 5 32X1 2 X 2000,1,37799.96,37799.96
2024-02-02,DACI,TUERCA ZINC BAJAS 32,1,8.22,8.22
2024-02-02,COINGAS,CODO HH 1 2 X 90O PPP IPS,1,379.73,379.73
2024-02-02,COINGAS,TE PPP 1 2 IPS,1,461.10,461.10
2024-02-02,COINGAS,CANO BICAPA 1 2 T AZUL POLIPROPILENO IZZ,1,4987.22,4987.22
2024-02-02,COINGAS,CUPLA RED PPP 3 4 X 1 2 IPS,1,406.85,406.85
2024-02-02,COINGAS,U.D.C. PPP 3 4 IPS,1,1301.93,1301.93
2024-02-02,COINGAS,BUJE RED PPP 3 4 X 1 2 IPS,1,162.74,162.74
2024-02-02,COINGAS,CODO HH 3 4 X 90O PPP IPS,1,542.47,542.47
2024-02-02,COINGAS,LLAVE DE PASO PPP 1 2 IPS,1,4556.75,4556.75
2024-02-05,SOLBEMT,DETER AL 30% C COLOR,1,2173.55,2173.55
2024-02-05,SOLBEMT,BIDON X6,1,578.51,578.51
2024-02-05,SOLBEMT,REVIVIDOR NEGRO X 500CC,1,3305.79,3305.79
2024-02-05,SOLBEMT,REVIVIDOR SILICONADO X 250 CC,1,5867.77,5867.77
2024-02-05,CARDENUTO,JUEGOS POR DUPLICADO REMITOS TIPO R NUMEADOS,1,40000.00,40000.00
2024-02-05,TRYTECH,DECAPANTE LIQUIDO BIDON X 30 LITROS,1,292042.50,292042.50
2024-02-05,GALPA,"SK 510 AL 3 4""",1,7208.00,7208.00
2024-02-05,GALPA,"SK 513 AL 3 4""",1,10600.00,10600.00
2024-02-05,GALPA,"SK 509 AL 3 4""",1,23744.00,23744.00
2024-02-05,GALPA,"SK 508 AL 3 4""",1,22048.00,22048.00
2024-02-05,MECANSUR,"PLACA DE SEPARACION DE 0,5MM",1,7666.67,7666.67
2024-02-05,MECANSUR,PLACA DE SEPARACION DE 1MM,1,7666.67,7666.67
2024-02-05,MECANSUR,"PLACA DE SEPARACION DE 1,5MM",1,7666.67,7666.67
2024-02-05,CHEMPO COMPANY,"RUEDA PILOTO COCIDO 8"" X 2""",1,8075.00,8075.00
2024-02-05,CHEMPO COMPANY,PASTA DE PULIR ROSA ALTO BRILLO,1,9095.00,9095.00
2024-02-06,BAIRES,274 JB MB 13,1,1200.00,1200.00
2024-02-06,TODO UNION,"CAMACHO C HIERRO 3""",1,50000.00,50000.00
2024-02-06,SP ACCESORIOS,CONO BALIZADOR DE 55CM,1,10551.71,10551.71
2024-02-06,SP ACCESORIOS,TANQUE DE AGUA 25 L NEGRO C JABONERA,1,23881.18,23881.18
2024-02-06,TANGOMA,CUPLAS DE 75 X 250,1,37476.00,37476.00
2024-02-06,TANGOMA,ABRAZADERAS REFORZ AB112,1,4428.00,4428.00
2024-02-07,AGUA PARICE,BIDONES DE AGUA,1,917.60,917.60
2024-02-07,HIERROS CASANOVA,UPN X 6 MTS 100,1,108474.70,108474.70
2024-02-07,METALCONF,"CHA ACAN GALVA 0,50 PROC 44 4500X2",1,9873.99,9873.99
2024-02-07,METALCONF,"CHA ACAN GALVA 0,50 PROC 44 3500X1",1,9873.99,9873.99
2024-02-08,TER,TF ZF 16S 1585 TD NEUM M C PL,1,392655.00,392655.00
2024-02-08,TER,EJE PROLONGADOR TF ZF 16S 1585,1,77662.00,77662.00
2024-02-08,TER,TF ZF 16AS 2630T0 NEUM M C PLALTRONIC 16S 2230,1,400241.00,400241.00
2024-02-08,TER,EJE PROLONGADOR TF ZF 16AS 2630 TF 1344,1,139663.00,139663.00
2024-02-09,SANITARIOS ADRIANA,COD GALVANIZADO 3 4,1,1879.75,1879.75
2024-02-09,DISTRIBUIDORA DIEZ,BOLSA DE PRECINTOS SYBYD ALT4 NEGRO,1,4030.00,4030.00
2024-02-09,DISTRIBUIDORA DIEZ,BOLSA DE PRECINTOS SYBYD ALT5 NEGRO,1,4929.60,4929.60
2024-02-09,DISTRIBUIDORA DIEZ,BOLSA DE PRECINTOS SYBYD ALT3,1,3120.00,3120.00
2024-02-09,BULONES COIRO,BULL EXAGONAL A8.8 1 X 250 14H,1,14687.89,14687.89
2024-02-09,BULONES COIRO,"TUER AUTOF AL ACER TOZA 1""X14""",1,1392.68,1392.68
2024-02-09,BULONES COIRO,TORN ALLEN CI A 129 RE 3 8 16H 13,1,218.78,218.78
2024-02-14,COINGAS,"CODO GALV 1 4 90"" MH DEMA",1,1341.35,1341.35
2024-02-14,TODO UNION,"COLA TRASERA 2""1 2",1,123820.00,123820.00
2024-02-14,TODO UNION,"CAMACHO HIERRO 2"" 1 2",1,49770.00,49770.00
2024-02-14,TODO UNION,"HEMBRA ROSCA MACHO 2""1 2",1,21250.00,21250.00
2024-02-14,TODO UNION,"TAPA MANIJA BRONCE 2"" 1 2",1,24310.00,24310.00
2024-02-15,BALIO,ARANDELA PERNO DE BALANCIN M.H.,1,491.40,491.40
2024-02-15,BALIO,"BUJE BALAN POLIPRO 100 X 86,5",1,3235.05,3235.05
2024-02-15,BALIO,CENTRO DE ELASTICO 7 16X160 SAE,1,2503.73,2503.73
2024-02-15,BURGOM,CORREA EVER WEAR B 059,1,11904.16,11904.16
2024-02-15,BURGOM,CRISTALINO 8X12,1,623.74,623.74
2024-02-15,BURGOM,CRISTALINO 5X10,1,484.41,484.41
2024-02-15,BURGOM,PV 08 PTA AUTO GRANDE,1,3295.64,3295.64
2024-02-15,BURGOM,PV 14 BAUL GRANDE C ESTANA,1,3073.80,3073.80
2024-02-15,BURGOM,"CA,MISA OMBU AZULINO BEIGE 36 43",1,19421.53,19421.53
2024-02-15,BURGOM,PANTALON OMBU AZULINO BEIGE BLANCO 35 50,1,19424.70,19424.70
2024-02-15,BURGOM,BURLETE DE GOMA ESPONJA 6X30,1,1495.49,1495.49
2024-02-15,BURGOM,ADHESIVO DIGOCOL 250 CC.,1,2731.17,2731.17
2024-02-16,TECNOPEG,NITRILO,1,76.70,76.70
2024-02-16,MECANSUR,LATERAL MULTIPLICADA SEP 1MM SALIDA Z15,1,373000.00,373000.00
2024-02-16,MECANSUR,PORTAVOLQUETE S LLAVE GIRO DERECHO,1,415000.00,415000.00
2024-02-16,MECANSUR,"JUEGO DE ACOPLES RAPIDOS 3 4"" MACHO HEMBRA",1,104000.00,104000.00
2024-02-19,SOLBEMT,REGULADOR PH X 6 LTS,1,3760.33,3760.33
2024-02-19,AVEDIS,CO2 INDUSTRIAL TUBO,1,1215.35,1215.35
2024-02-19,AVEDIS,OXIGENO INDUSTRIAL TUBO,1,1724.90,1724.90
2024-02-20,SANITARIOS ADRIANA,SELLAROSCAS H3,1,1800.00,1800.00
2024-02-20,SANITARIOS ADRIANA,HOJA DE SIERRA BIMETAL 18 DTS,1,2500.00,2500.00
2024-02-20,SANITARIOS ADRIANA,RUEDAS,1,15000.00,15000.00
2024-02-20,SANITARIOS ADRIANA,FLEXIBLE C GOMA RAMALLADO AGUA 1 2 X 40 CM,1,1520.00,1520.00
2024-02-20,SANITARIOS ADRIANA,GOMA ASIENTO,1,1250.00,1250.00
2024-02-20,SANITARIOS ADRIANA,CABLE BIPOLAR 2 X 1,1,530.00,530.00
2024-02-20,SANITARIOS ADRIANA,FASTIX,1,3850.00,3850.00
2024-02-20,AVEDIS,CO2 INDUSTRIAL TUBO,1,1215.35,1215.35
2024-02-20,AVEDIS,OXIGENO INDUSTRIAL TUBO,1,1724.90,1724.90
2024-02-20,AVEDIS,ARGON TUBO,1,11864.57,11864.57
2024-02-21,METALURGICA PENALVA HNOS. S.A.,HOJA DE CHAPA PERFORADA R 8 18 ( 1000 X 2000 MM),1,81404.96,81404.96
2024-02-21,BANCU,HIDRAULICO BP 68,1,333145.50,333145.50
2024-02-21,GIANNONI,ESMALTE A POLIU NARANJA 0100 X 03,1,64579.51,64579.51
2024-02-21,GIANNONI,ESMALTE A POLIU GRIS QUIMIGUAY 0100 X 03,1,51979.18,51979.18
2024-02-21,GIANNONI,CONVERTIDOR 9013 X 4,1,88475.67,88475.67
2024-02-22,GIANNONI,SATINOL BLANCO X 01,1,8999.82,8999.82
2024-02-22,GIANNONI,PINCEL SERIE L J N 20,1,2253.71,2253.71
2024-02-22,DISTRIBUIDORA DIEZ,TERMICA BIPOLAR 25 AMP SCHNEIDER,1,20800.00,20800.00
2024-02-22,DISTRIBUIDORA DIEZ,LAMPARA GOTA 7W ALIC CALIDA,1,585.00,585.00
2024-02-22,VAL ARG,"VALV ESF BRONCE PASO TOTAL 2""",1,58.26,58.26
2024-02-23,HIDRONOVA,ENTRERROSCA NPT 3 4,1,4628.72,4628.72
2024-02-23,HIDRONOVA,ADAPTADOR JIC X NPT 1.1 16 X 1,1,2414.85,2414.85
2024-02-23,HIDRONOVA,"ACOPLE A PALANCA POLIPROPILENO (TIPO A) 1""",1,3450.00,3450.00
2024-02-23,HIDRONOVA,"ACOPLE A PALANCA POLIPROPILENO (TIPO D) 1""",1,13508.00,13508.00
2024-02-23,HIDRONOVA,VACUOMETRO DIAM 100 SALIDA INF R 1 2 NPT,1,32180.00,32180.00
2024-02-23,HIDRONOVA,ACOPLE A PALANCA POLIPROPILENO (TIPO B) 1,1,12630.00,12630.00
2024-02-23,HIDRONOVA,MANG 3 4 R1 X 700MM MG X MG 3 4 NPT,1,44830.00,44830.00
2024-02-23,HIDRONOVA,MANG 1 2 R1 X 700MM CODO 90 MG 1 4 NPT X MG 3 4,1,43900.00,43900.00
2024-02-23,GIANNONI,ESMALTE A POLIU NEGRO 0100 X 03,1,49879.58,49879.58
2024-02-23,GIANNONI,CONVERTIDOR 9013 X 4,1,88475.67,88475.67
2024-02-23,GIANNONI,CONVERTIDOR 9013 X 1,1,24853.72,24853.72
2024-02-26,FABIO,"KRG DE ARANDELA PLANA HO GALV AZUL 1 4""",1,6003.00,6003.00
2024-02-26,FABIO,"BULON PULIDO UNC GALV.AZUL 5 16X1""",1,55.02,55.02
2024-02-26,FABIO,"TUERCA AUTOPERFORANTE 5 16""",1,45.47,45.47
2024-02-26,FABIO,"BULON GRADO 5 UNC DORADO 1 2 X 1 1 2""",1,273.60,273.60
2024-02-26,HIERROS CASANOVA,PLANCHUELAS 1.1 2 X 1 4,1,15367.77,15367.77
2024-02-26,HIERROS CASANOVA,VARIOS CORTE PLANCH,1,95.00,95.00
2024-02-26,ROBERTO JOSE HELOU,ABRAZADERAS 12MM 90 110,1,1036.64,1036.64
2024-02-26,ROBERTO JOSE HELOU,ABRAZADERAS 12MM 60 80,1,800.28,800.28
2024-02-26,ROBERTO JOSE HELOU,ABRAZADERAS 12MM 23 35,1,640.68,640.68
2024-02-27,DI GILIO,SENSOR ABS 90O 1MT + CLIP,1,30297.50,30297.50
2024-02-27,DI GILIO,"CABLE EXTENSION SENSOR 5,1 MTS",1,31509.27,31509.27
2024-02-28,NEW GAS,GAR.10K.YPF GAS,1,6334.84,6334.84
2024-02-28,TANGOMA,CUPLA DE 75 X 250,1,37917.00,37917.00
2024-02-28,TANGOMA,ABRAZADERAS REFORZ AB 112,1,3586.00,3586.00
2024-02-28,ZALOZE,"RED CON SCH 40 6 X 4""",1,78956.60,78956.60
2024-02-28,ZALOZE,"C.R.LARGO 90O SCH 40 2 1 2""",1,16176.60,16176.60
2024-02-28,ACOPLES SANCHEZ,"ACOPLE ATMOSFERICOS UNION BRONCE 2"" 1 2",1,37473.00,37473.00
2024-02-28,ACOPLES SANCHEZ,"ACOPLE ATMOSFERICOS UNION ALUMINIO 2"" 1 2",1,30708.00,30708.00
2024-02-28,ACOPLES SANCHEZ,"ACOPLE ATMOSFERICOS UNION BRONCE 3""",1,48957.00,48957.00
2024-02-28,ACOPLES SANCHEZ,"ACOPLE ATMOSFERICOS UNION ALUMINIO 3""",1,43710.00,43710.00
2024-02-28,ACOPLES SANCHEZ,"ACOPLE ATMOSFERICOS REDUCCION BRONCE C3"" A M2"" 1 2",1,46988.00,46988.00
2024-02-28,ACOPLES SANCHEZ,"ACOPLE ATMOSFERICOS REDUCCION ALUMINIO C3 A M2"" 1 2",1,41741.00,41741.00
2024-02-28,ACOPLES SANCHEZ,ACOPLE ATMOSFERICOS DESCARGA,1,39420.00,39420.00
2024-02-28,ACOPLES SANCHEZ,"ACOPLE ATMOSFERICOS CAMACHO C B 2"" 1 2",1,68922.00,68922.00
2024-02-28,ACOPLES SANCHEZ,"ACOPLE ATMOSFERICOS CAMACHO C B 3""",1,77260.00,77260.00
2024-02-28,ACOPLES SANCHEZ,"ACOPLE ATMOSFERICOS CAMACHO HIERRO 2"" 1 2",1,53247.00,53247.00
2024-02-28,ACOPLES SANCHEZ,"ACOPLE ATMOSFERICOS CAMACHO HIERRO 3""",1,68823.00,68823.00
2024-02-28,ACOPLES SANCHEZ,ACOPLE ATMOSFERICOS LLAVE SALIDA,1,54380.00,54380.00
2024-02-28,ACOPLES SANCHEZ,"ACOPLE ATMOSFERICOS NIPLE 2"" 1 2",1,8918.00,8918.00
2024-02-28,ACOPLES SANCHEZ,"ACOPLE ATMOSFERICOS NIPLE 3""",1,10887.00,10887.00
2024-02-28,ACOPLES SANCHEZ,"ACOPLE ATMOSFERICOS TAPA BRONCE 2"" 1 2",1,25741.00,25741.00
2024-02-28,ACOPLES SANCHEZ,"ACOPLE ATMOSFERICOS TAPA BRONCE 3""",1,31780.00,31780.00
2024-02-28,ACOPLES SANCHEZ,"ACOPLE ATMOSFERICOS TAPA CIEGA 4""",1,22320.00,22320.00
2024-02-28,ACOPLES SANCHEZ,"ACOPLE ATMOSFERICOS TAPA ALUMINIO 2"" 1 2",1,20725.00,20725.00
2024-02-28,ACOPLES SANCHEZ,"ACOPLE ATMOSFERICOS TAPA ALUMINIO 3""",1,26115.00,26115.00
2024-02-28,ACOPLES SANCHEZ,"ACOPLE ATMOSFERICOS TAPON 2"" 1 2",1,12920.00,12920.00
2024-02-28,ACOPLES SANCHEZ,"ACOPLE ATMOSFERICOS TAPON 3""",1,17760.00,17760.00
2024-02-28,ACOPLES SANCHEZ,ACOPLE ATMOSFERICOS MANIJA BRONCE,1,5900.00,5900.00
2024-02-28,ACOPLES SANCHEZ,ACOPLE ATMOSFERICOS MANIJA ALUMINIO,1,2600.00,2600.00
2024-02-28,ACOPLES SANCHEZ,"ACOPLE ATMOSFERICOS MANIJA 4""",1,10513.00,10513.00
2024-02-28,ACOPLES SANCHEZ,ACOPLE ATMOSFERICOS MACHO BRONCE,1,34604.00,34604.00
2024-02-28,ACOPLES SANCHEZ,"ACOPLE ATMOSFERICOS MACHO ALUMINIO 2"" 1 2 A 2""",1,28939.00,28939.00
2024-02-28,ACOPLES SANCHEZ,"ACOPLE ATMOSFERICOS HEMBRA R MACHO 2"" 1 2",1,22627.00,22627.00
2024-02-28,ACOPLES SANCHEZ,"ACOPLE ATMOSFERICOS HEMBRA R MACHO 3""",1,25584.00,25584.00
2024-02-28,ACOPLES SANCHEZ,"ACOPLE ATMOSFERICOS HEMBRA R HEMBRA 2""1 2",1,20656.00,20656.00
2024-02-28,ACOPLES SANCHEZ,"ACOPLE ATMOSFERICOS HEMBRA R HEMBRA 3""",1,23615.00,23615.00
2024-02-28,ACOPLES SANCHEZ,"ACOPLE ATMOSFERICOS HEMBRA 2"" 1 2 R3""",1,23615.00,23615.00
2024-02-28,ACOPLES SANCHEZ,"ACOPLE ATMOSFERICOS MACHO R MACHO BR 2""1 2",1,35135.00,35135.00
2024-02-28,ACOPLES SANCHEZ,"ACOPLE ATMOSFERICO MACHO R MACHO BR 3""",1,37984.00,37984.00
2024-02-28,ACOPLES SANCHEZ,"ACOPLE ATMOSFERICOS MACHO R MACHO AL 2""1 2",1,27806.00,27806.00
2024-02-28,ACOPLES SANCHEZ,"ACOPLE ATMOSFERICOS COLA TRASERA 2"" 1 2",1,133202.00,133202.00
2024-02-28,ACOPLES SANCHEZ,"ACOPLE ATMOSFERICOS COLA TRASERA 3""",1,141540.00,141540.00
2024-02-28,ACOPLES SANCHEZ,"ACOPLE ATMOSFERICOS HEMBRA P MANG 2""! 2",1,14080.00,14080.00
2024-02-28,ACOPLES SANCHEZ,"ACOPLE ATMOSFERICOS HEMBRA P MANG 3""",1,20370.00,20370.00
2024-02-28,ACOPLES SANCHEZ,"ACOPLE ATMOSFERICOS MACHO BR P MANG 2"" 1 2",1,23100.00,23100.00
2024-02-28,ACOPLES SANCHEZ,"ACOPLE ATMOSFERICOS MACHO AL P MANG 2"" 1 2",1,17250.00,17250.00
2024-02-28,ACOPLES SANCHEZ,"ACOPLE ATMOSFERICOS MACHO BR P MANG 3""",1,31160.00,31160.00
2024-02-28,ACOPLES SANCHEZ,"ACOPLE ATMOSFERICOS MACHO AL P MANG 3""",1,25360.00,25360.00
2024-02-28,ACOPLES SANCHEZ,"ACOPLE ATMOSFERICOS HEMBRA REDUCCION C3"" A M2"" 1 2",1,20900.00,20900.00
2024-02-28,ACOPLES SANCHEZ,"ACOPLE ATMOSFERICOS MACHO REDUCCION BR 3 "" A 2""1 2",1,31200.00,31200.00
2024-02-28,ACOPLES SANCHEZ,"ACOPLE ATMOSFERICOS MACHO REDUCCION AL 3"" A 2"" 1 2",1,25360.00,25360.00
2024-02-29,AVEDIS,ALQUILER DE TUBO,1,275.00,275.00
2024-02-29,HIDRONOVA,CORTADO Y PRENSADO DE HG C 90 1O BSP AS M,1,46630.00,46630.00
2024-02-29,HIDRONOVA,ADAPTADOR JIC X NPT 1.1 16 X 1,1,2414.85,2414.85
2024-02-29,HIDRONOVA,PRENSADO EN MANG DE 3 8 T C,1,9000.00,9000.00
2024-02-29,HIDRONOVA,ADAPTADOR HG 3 4 BSP AS M X 3 4 NPT,1,17830.00,17830.00
2024-02-29,AVEDIS,OXIGENO INDUSTRIAL TUBO,1,1724.90,1724.90
2024-02-29,QUIMWEY,SHAMPOO TEFLONADO,1,10516.20,10516.20
2024-02-29,QUIMWEY,MICROBRILL,1,11290.00,11290.00
2024-02-29,DICA,"ACOPLE DNM 3"" ALUMINIO",1,17536.99,17536.99
2024-02-29,DICA,"ACOPLE DTH 3"" ALUMINIO",1,21719.02,21719.02
2024-02-29,AVEDIS,ALQUIER DE TUBO,1,275.00,275.00
2024-02-29,HIDRONOVA,MANGUERA 3 4 R2 X 700MM HG X HG 1.1 16 JIC,1,50500.00,50500.00
2024-02-29,HIDRONOVA,MANGUERA 3 4 R2 X 750MM HG X HG 1.1 16 JIC,1,51500.00,51500.00
2024-02-29,HIDRONOVA,MANGUERA 3 4 R2 X 1050MM HG 1.1 16 JIC X HG 1.3 16 JIC,1,59675.00,59675.00
2024-02-29,HIDRONOVA,MANGUERA 3 4 R2 X 1650MM HG 1.1 16 JIC X HG 1.3 16 JIC,1,76175.00,76175.00
2024-02-29,HIDRONOVA,CODO 90 MF 1.3 16 JIC X 3 4 NPT,1,24960.00,24960.00
2024-02-29,HIDRONOVA,ADAPTADOR 1.1 16 JIC X 3 4 NPT,1,5862.00,5862.00
2024-02-29,HIDRONOVA,"BUJE DE REDUCCION M 1"" X H 3 4",1,6320.00,6320.00
2024-03-01,INTERNET,PLAN 25 MB FTTH,1,7272.73,7272.73
2024-03-01,INTERNET,ABONO CORPORATIVO,1,619.83,619.83
2024-03-01,MANUFACTURAS DAVIO S.R.L.,LIJADORA ORBITA MO110 MARTINS,1,284251.24,284251.24
2024-03-02,BURGOM,CORREA EVER WEAR B 061,1,14189.82,14189.82
2024-03-04,NEW GAS,GAR.10K.YPF GAS,1,6334.84,6334.84
2024-03-04,MARBY,CH LC CC 3.20 X 1500 X 6000,1,1548.61,1548.61
2024-03-05,BALIO,DM 50 VALV TRANS C BASE (1 4 BSPT,1,17344.00,17344.00
2024-03-05,AGUA PARICE,BIDONES DE AGUA,1,1700.00,1700.00
2024-03-06,LUBRICENTRO RUTA,FILTRO DE AIRE 1506,1,20495.87,20495.87
2024-03-06,LUBRICENTRO RUTA,FILTRO DE ACEITE W11 102 36,1,32727.28,32727.28
2024-03-06,LUBRICENTRO RUTA,ACEITE CASTROIL 15W40X20 LIT,1,106611.59,106611.59
2024-03-06,MERCOSIL,ENGANCHE A ELASTICO P MERCEDES BENZ C GANCHO NO3,1,451000.00,451000.00
2024-03-06,PLASMA CONTROL,ESCUDO,1,19500.00,19500.00
2024-03-07,AGUAYO,PERNO BAL 150MM CON TUERCA ALT MONT,1,46236.34,46236.34
2024-03-07,AGUAYO,ARANDELA PERNO BAL MONT AV 11,1,882.39,882.39
2024-03-07,AGUAYO,BALANCIN MANOTA DE CHAPA MONT 206,1,151325.89,151325.89
2024-03-07,AGUAYO,BUJE BAL POLIPROPILENO CORTO MONT 85MM,1,7788.20,7788.20
2024-03-07,AGUAYO,TETON REPARACION TENSOR 3 4 7 8 1O ESP 9MM,1,2408.85,2408.85
2024-03-07,AGUAYO,TUERCA AUTOF M24 X 2.00 P TENSOR RANDON MALDONADO,1,4248.21,4248.21
2024-03-07,AGUAYO,PERNO TENSOR MALDONADO 24 X 160 3989,1,14941.74,14941.74
2024-03-07,AGUAYO,PERNO TENSOR RANDON MOD NUEVO 24 X 140 3988,1,13565.54,13565.54
2024-03-07,ARGENGAS GROUP,OXIGENO A,1,1450.00,1450.00
2024-03-07,ARGENGAS GROUP,DIOXIDO DE CARBONO DE 30.00 KG,1,958.00,958.00
2024-03-07,ARGENGAS GROUP,ARGON S,1,7590.00,7590.00
2024-03-07,ARGENGAS GROUP,FLETE,1,27000.00,27000.00
2024-03-08,LUBRICENTRO RUTA,TRAMPA DE GAS OIL,1,38881.82,38881.82
2024-03-08,LUBRICENTRO RUTA,FILTRO DE GAS OIL,1,24628.10,24628.10
2024-03-08,TER,TF DOBLE MB G85 6 N MULT AT ALTO TORQUE,1,1228566.00,1228566.00
2024-03-08,TER,TF DIRECTA P TF 5211 NEUM PL,1,259951.00,259951.00
2024-03-11,ROSSI,6202 2RS ZNL,1,3000.00,3000.00
2024-03-11,ARGENTEC,ESCOBILLA (JUEGO) GE916 920,1,4465.20,4465.20
2024-03-11,ARGENTEC,PORTA ESCOBILLA GE916 920,1,2360.70,2360.70
2024-03-11,AVEDIS,CO2 INDUSTRIAL TUBO,1,1215.35,1215.35
2024-03-11,AVEDIS,OXIGENO INDUSTRIAL TUBO,1,1724.90,1724.90
2024-03-11,VALVULAS ESTEBAN,ADAPTADOR M H 16 X 3 8 BSP,1,2166.13,2166.13
2024-03-11,VALVULAS ESTEBAN,CODO 90 AJUSTE TU 6 X 1 8M,1,2314.55,2314.55
2024-03-11,VALVULAS ESTEBAN,CONEC RECTO AJUSTE TU 6 X 1 8M,1,1072.91,1072.91
2024-03-11,VALVULAS ESTEBAN,TUERCA AJUSTE TUBO 6 (X10),1,5272.91,5272.91
2024-03-11,VALVULAS ESTEBAN,BOBINA 24 V.DC,1,3746.23,3746.23
2024-03-11,VALVULAS ESTEBAN,CONECTOR RECTO AJUSTE TUBO 1 4 X 1 4M (X10,1,8071.91,8071.91
2024-03-11,VALVULAS ESTEBAN,CODO AJUSTE 90 TUBO 1 4 X 1 4M,1,1858.05,1858.05
2024-03-11,VALVULAS ESTEBAN,TUERCA AJUSTE C GUIA 1 4,1,584.08,584.08
2024-03-11,VALVULAS ESTEBAN,CONECTOR RECTO AJUSTE TUBO 1 4 X 1 8M (X10,1,6432.77,6432.77
2024-03-11,VALVULAS ESTEBAN,CODO AJUSTE 90 TUBO 1 4 X 1 8M,1,1336.03,1336.03
2024-03-11,VALVULAS ESTEBAN,UNION DOBLE AJUSTE TUBO 1 4,1,740.48,740.48
2024-03-11,VALVULAS ESTEBAN,UNION DOBLE AJUSTE TUBO 1 2,1,1766.86,1766.86
2024-03-11,VALVULAS ESTEBAN,TUERCA AJUSTE C GUIA 1 2,1,1090.02,1090.02
2024-03-11,ULTRACOLOR,DIPROEL DILUY ACRILICO X 200L,1,407700.00,407700.00
2024-03-12,COINGAS,"BUJE RED GALV 3"" X 2 1 2 DEMA",1,14425.85,14425.85
2024-03-12,PROVEEDURIA HIDRAULICA,TERM M.G 1PULG X 1 PULGR2,1,40578.51,40578.51
2024-03-12,RUBINETTI,FAROS 660 L AMBAR,1,5184.00,5184.00
2024-03-12,TRV,TVR 53 AB,1,8900.00,8900.00
2024-03-12,RVS,"PERNOS TENSOR 7 8""X7"" CON AUTOF",1,7775.00,7775.00
2024-03-12,RVS,PERNOS 24 MM X 160 MM CON AUTOF,1,10500.00,10500.00
2024-03-12,RVS,ARANDELAS P PERNO 30MM,1,9600.00,9600.00
2024-03-13,TANGLER,FONDO NARANJA 903077,1,4783.00,4783.00
2024-03-13,TANGLER,FONDO NARANJA 903082,1,4783.00,4783.00
2024-03-13,TANGLER,LLAMA 3,1,3585.00,3585.00
2024-03-13,TANGLER,CABRADA 9,1,3585.00,3585.00
2024-03-13,TANGLER,MAXIMA 80,1,1893.00,1893.00
2024-03-13,TANGLER,CAJA CINTA REFLEC BLANCA (3M),1,297904.00,297904.00
2024-03-14,ROSSI,FARMER 36219 M 22,1,9000.00,9000.00
2024-03-14,ROSSI,FARMER 088494A21,1,19000.00,19000.00
2024-03-14,ROSSI,DBH IND ARG,1,2900.00,2900.00
2024-03-14,ROSSI,ROLLWAY 1301 C04238717T,1,29500.00,29500.00
2024-03-14,ROSSI,219 O'RING IND ARG,1,600.00,600.00
2024-03-14,ROSSI,222 ORING IND ARG,1,650.00,650.00
2024-03-14,LUBRICENTRO RUTA,ACEITE 80 W 90 X 20 LT,1,97190.08,97190.08
2024-03-15,VENETO,TUERCA AUTOPERFORANTE 24MM,1,1585.72,1585.72
2024-03-15,VENETO,PERNO TENSOR 24 X 180MM,1,4581.00,4581.00
2024-03-15,WURTH,WURTH BONDER 20G,1,3980.00,3980.00
2024-03-15,WURTH,ROST OFF AFLOJADOR DESOXIDANTE,1,6130.00,6130.00
2024-03-15,WURTH,SILICONA ACETICA TRANSPARENTE 280ML,1,3473.00,3473.00
2024-03-18,DACI,PROWORK 242 290 609 680 X 10ML,1,5231.86,5231.86
2024-03-18,DISTRIBUIDORA DIEZ,TERMINALES DE 25 3,1,312.00,312.00
2024-03-18,DISTRIBUIDORA DIEZ,TERMINALES DE 16 3,1,306.80,306.80
2024-03-18,DISTRIBUIDORA DIEZ,TERMICA TETRAPOLAR 50AMP STECK,1,13674.05,13674.05
2024-03-18,DISTRIBUIDORA DIEZ,TERMICA TETRAPOLAR 40AMP STECK,1,13674.05,13674.05
2024-03-18,DISTRIBUIDORA DIEZ,"PRENSACABLE PERCANPLAS 1"" 1 4",1,1222.00,1222.00
2024-03-18,DISTRIBUIDORA DIEZ,BOLSA DE PRECINTOS SYBYD 2007 2 ALT6,1,9263.80,9263.80
2024-03-18,DISTRIBUIDORA DIEZ,ROLLO DE CINTA SCOTCH 3M 770 X 20MTS,1,1560.00,1560.00
2024-03-18,COINGAS,TEFLON 3 4 X 10MTS,1,542.33,542.33
2024-03-18,COINGAS,SELLADOR H3 50 CC SALADILLO,1,2622.68,2622.68
2024-03-18,PLASMA CONTROL,FUENTE SWITCHING,1,75000.00,75000.00
2024-03-18,COINGAS,TEFLON 3 4 X 20MTS,1,1030.42,1030.42
2024-03-20,DACI,ALLEN C FRESADA 5 16 X 3 4,1,316.86,316.86
2024-03-20,DACI,LLAVES ALLEN DE 7 32,1,953.78,953.78
2024-03-20,BALIO,BULON PARANTE ROSCA CUADRADA 7 8X,1,13243.68,13243.68
2024-03-21,COINGAS,"LLAVE ESFERICA HH 2"" DUKE",1,11768.45,11768.45
2024-03-21,HIDRONOVA,MANG 1 2 1000MM MG 1 2 NPT X MG 1 4 NPT,1,39830.00,39830.00
2024-03-21,HIDRONOVA,MANG 1 2 X 800MM MG X MG 1 2 NPT,1,37330.00,37330.00
2024-03-21,COINGAS,"NIPLE GALV 2"" X 20CM",1,9322.57,9322.57
2024-03-21,COINGAS,ENCHUFE ROSCA MACHO 2 POLIETILENO IPS,1,970.40,970.40
2024-03-21,DISTRIBUIDORA DIEZ,"CABLE SINTENAX 3X2,5MM + NEUTRO",1,21125.00,21125.00
2024-03-25,RUBINETTI,402 6 LED FLEX A A BIV,1,20274.00,20274.00
2024-03-25,RUBINETTI,930 10LED AI R BIV,1,21723.00,21723.00
2024-03-26,PETROPOLIS,"SWIVEL 3 4""",1,25000.00,25000.00
2024-03-26,VICALI SRL,BUJE TENSOR 045X7 8 X 78 SILENT BL,1,5800.00,5800.00
2024-03-26,VICALI SRL,TUERCA PULG AUTO 7 8 PASO FINO,1,924.70,924.70
2024-03-26,VICALI SRL,"BULON DE TENSOR 7 8"" X 5 1 2""",1,3720.50,3720.50
2024-03-26,DISTRIBUIDORA DIEZ,CABLE TIPO TALLER 2X1MM,1,685.10,685.10
2024-03-26,GIANNONI,DURALBA EXTERIORES BCO X 04,1,21015.82,21015.82
2024-03-26,GIANNONI,VENIER ANTIHUMEDAD X 5,1,76829.86,76829.86
2024-03-26,GIANNONI,ENDUIDO ALBAPLAST X 04,1,11287.42,11287.42
2024-03-27,AGUAYO,RESORTE SOSTEN MANGUERA LARGO P SEMI RR372G,1,8196.02,8196.02
2024-03-27,CASA CANO,JTA TAPA COMBUSTIBLE PERKINS,1,2625.00,2625.00
2024-03-27,CASA CANO,JTA TAPA COMBUSTION PERKINS,1,2625.00,2625.00
2024-03-27,CASA CANO,MULTIPLE DE ESCAPE PERKINS 4.203 . 6.30 5 . X UNI,1,734.55,734.55
2024-03-30,HIZA,TUBERAS 250,1,5580.00,5580.00
2024-03-30,HIZA,PICOS M6 1.2,1,1420.00,1420.00
2024-03-30,HIZA,EQIPOS TIG CEMONT REPARADO,1,128000.00,128000.00
2024-03-31,AVEDIS,ALQUILER DE TUBO,1,190.00,190.00
2024-04-04,HIERROS CASANOVA,IPN X 6 MTS 80,1,62257.42,62257.42
2024-04-04,HIERROS CASANOVA,VARIOS CORTE CUADRA,1,95.00,95.00
2024-04-04,GRAFICA EL TOKE,WEBER LARGO BLANCO,1,1680.00,1680.00
2024-04-04,GRAFICA EL TOKE,WEBER LARGO NEGRO,1,1680.00,1680.00
2024-04-04,GRAFICA EL TOKE,WEBER CORTO NEGRO,1,525.00,525.00
2024-04-04,GRAFICA EL TOKE,C1 10.000LTS. (6 NEGROS + 6 BLANCOS),1,525.00,525.00
2024-04-04,GRAFICA EL TOKE,C1 12.000LTS. (6 NEGROS + 6 BLANCOS),1,1260.00,1260.00
2024-04-04,GRAFICA EL TOKE,C1 25.500LTS. (6 NEGROS + 6 BLANCOS),1,1260.00,1260.00
2024-04-04,GRAFICA EL TOKE,C1 35.500LTS. (6 NEGROS + 6 BLANCOS),1,1260.00,1260.00
2024-04-04,GRAFICA EL TOKE,"LARGO TOTAL ( 5X8 5X13,5 5X15,5 MTS NEGRO)",1,1260.00,1260.00
2024-04-04,GRAFICA EL TOKE,"LARGO TOTAL ( 5X8 5X13,5 5X15,5 MTS BLACO)",1,1260.00,1260.00
2024-04-04,GRAFICA EL TOKE,OVALO WEBER SIN FONDO GRANDE,1,1750.00,1750.00
2024-04-04,GRAFICA EL TOKE,BANDERA WEBER IND ARGENTINA,1,3780.00,3780.00
2024-04-04,BAIRES,1209 KTVH C3,1,31816.00,31816.00
2024-04-04,BAIRES,H 309,1,5460.00,5460.00
2024-04-04,BAIRES,SN 509,1,37900.00,37900.00
2024-04-04,BAIRES,RETEN 5432 DBH,1,1520.00,1520.00
2024-04-05,GIANNONI,GLASURIT COLOR 22 X 01,1,70745.00,70745.00
2024-04-05,GIANNONI,GLASURIT CAT RAP 929 91 X 0.500,1,21119.06,21119.06
2024-04-05,GIANNONI,ENVASE X 1,1,645.12,645.12
2024-04-05,GIANNONI,DILUYENTE 600 MASTER X 01,1,8389.55,8389.55
2024-04-08,HIERROS CASANOVA,IPN X 12 MTS 80,1,119943.57,119943.57
2024-04-08,HIERROS CASANOVA,IPN X 12 MTS 100,1,168386.19,168386.19
2024-04-08,HIERROS CASANOVA,"CA EST RECT 70 X 30 X 1 , 24",1,24550.34,24550.34
2024-04-08,HIERROS CASANOVA,CA EST RECT 70 X 30 X 2,1,36333.03,36333.03
2024-04-09,BURGOM,CORREA EVER WEAR B 064,1,14885.91,14885.91
2024-04-09,MERCEDES BENZ,LN GUARDABARRO IZQ,1,134500.08,134500.08
2024-04-09,MERCEDES BENZ,LN GUARDABARRO DER,1,127207.08,127207.08
2024-04-10,NEW GAS,GAR.10K.YPF GAS,1,6334.84,6334.84
2024-04-11,AGUAYO,ENCHUFE DE LUCES 7P TOMA CHASIS PLASTICO DNI 8375,1,15575.36,15575.36
2024-04-11,JCD,JUNTA GIRATORIA G1 2 BRONCE,1,44628.10,44628.10
2024-04-11,AGUA PARICE,BIDONES DE AGUA,1,1800.00,1800.00
2024-04-11,TER,TF MB G221 NEUM MULT C PL,1,426306.00,426306.00
2024-04-11,TER,EJE PROLONGADOR MB G221 C PLC ( 211MM),1,179207.00,179207.00
1900-01-12,GIANNONI,"ZEOCAR MASILLA FORMULA POL, X 4",1,24242.40,24242.40
2024-04-15,DACI,BULON C REDONDA C C SIN TUERCA 8 X 125,1,416.00,416.00
2024-04-15,ULTRACOLOR,"ZEOCAR MASILLA FORMULA POL, X 4K",1,24544.80,24544.80
2024-04-15,ULTRACOLOR,ALBAMIX 4570111 DUOMIX PU FULL,1,39862.39,39862.39
2024-04-15,ULTRACOLOR,ALBAMIX 4590013 CONV P FDO 2KX4L,1,70133.43,70133.43
2024-04-15,ULTRACOLOR,ALBAMIX 45701XX POLIURET GRIS CHASIS 4 LTS,1,39862.39,39862.39
2024-04-15,ULTRACOLOR,ALBAMIX 45701 XX POLIURET NEGRO 4 LTS,1,39862.39,39862.39
2024-04-15,ULTRACOLOR,ALBAMIX 4585007 FDO EPO ANTIC W,1,52690.50,52690.50
2024-04-15,ULTRACOLOR,ALBAMIX 4590020 CONV FDO EPO X4L,1,36231.00,36231.00
2024-04-15,ULTRACOLOR,DIPROEL DILUY POLIURETANO X18L,1,53550.00,53550.00
2024-04-16,NEW GAS,GAR 45K YPF GAS,1,32579.19,32579.19
2024-04-16,NEW GAS,GAR.10K.YPF GAS,1,6334.84,6334.84
2024-04-16,GIANNONI,GLASURIT COLOR 22 X 01 BCO 9004,1,71983.00,71983.00
2024-04-16,GIANNONI,ENVASE X 1 (72),1,645.12,645.12
2024-04-16,GIANNONI,GLASURIT CAT RAP 929 91 X 0.500,1,21119.06,21119.06
2024-04-16,GIANNONI,LIJA AL AGUA AA 240,1,699.91,699.91
2024-04-16,GIANNONI,LIJA AL AGUA AA 320,1,699.91,699.91
2024-04-16,GIANNONI,UNIPEGA PU 40 X 0.280 GRIS,1,5915.20,5915.20
2024-04-16,EXUBARA AUTOPARTES,ESTRIBO IZQ MERCEDES BENZ 710,1,96694.21,96694.21
2024-04-16,EXUBARA AUTOPARTES,ESTRIBO DER MERCEDEZ BENZ,1,96694.21,96694.21
2024-04-17,STOCCO,CASQUETE TORIESFERICO EXT 1.600 ESP 6.3 A.C. R 1.600 R 150 DISCO 1.840,1,449000.00,449000.00
2024-04-17,STOCCO,CASQUETE TORIESFERICO EXT 1.700 ESP 6.3 A.C. R 1.700 R 175 DISCO 1.970,1,516000.00,516000.00
2024-04-17,STOCCO,CASQUETE TORIESFERICO EXT 1.750 ESP 6.3 A.C. R 1.750 R 175 DISCO 2.020,1,516000.00,516000.00
2024-04-17,STOCCO,CASQUETE TORIESFERICO EXT 1.800 ESP 6.3 A.C. R 1.800 R 175 DISCO 2.070,1,597000.00,597000.00
2024-04-17,STOCCO,CASQUETE TORIESFERICO EXT 1.900 ESP 6.3 A.C. R 1.900 R 200 DISCO 2.190,1,662000.00,662000.00
2024-04-17,STOCCO,CASQUETE TORIESFERICO EXT 2.000 ESP 6.3 A.C. R 2.000 R 200 DISCO 2.300,1,771000.00,771000.00
2024-04-17,STOCCO,CASQUETE TORIESFERICO EXT 2100 ESP 6.3 A.C. R 2.100 R 200 DISCO 2.400,1,868000.00,868000.00
2024-04-17,STOCCO,CASQUETE TORIESFERICO EXT 2.200 ESP 6.3 A.C. R 2.200 R 200 DISCO 2.500,1,963000.00,963000.00
2024-04-18,VALVULAS ESTEBAN,CODO 90 AJUSTE TU 8X 1 4M,1,2724.30,2724.30
2024-04-19,VALVULAS ESTEBAN,CONEC RECTO AJUSTE TU 8 X 1 4M,1,1423.14,1423.14
2024-04-20,VALVULAS ESTEBAN,CODO AJUSTE 90 TUBO 38 X 1 4M,1,1969.68,1969.68
2024-04-21,VALVULAS ESTEBAN,CONECTOR RECTO AJUSTE TUBO 3 8 X 1 4M,1,932.30,932.30
2024-04-22,VALVULAS ESTEBAN,UNION DOBLE RECTA PLASTICA TUBO 1 2,1,1422.66,1422.66
2024-04-23,VALVULAS ESTEBAN,TUERCA AJUSTE TUBO 10,1,1077.28,1077.28
2024-04-24,VALVULAS ESTEBAN,TEE HEMBRA 1 4,1,2830.49,2830.49
2024-04-25,VALVULAS ESTEBAN,TEE HEMBRA 3 8,1,4525.32,4525.32
2024-04-26,VALVULAS ESTEBAN,UNION DOBLE AJUSTE TUBO 10,1,1433.26,1433.26
2024-04-27,VALVULAS ESTEBAN,UNION DOBLE RECTA PLASTICA 10MM,1,1068.55,1068.55
2024-04-27,VALVULAS ESTEBAN,ADAPTADOR M H 16X3 8 BSP,1,2166.13,2166.13
2024-04-19,EL REGISTRADOR,TARJETA RELOJ MENSUAL,1,135.00,135.00
2024-04-19,BLUECAR,ELTV.UNIV. 12 C SOP INVERSOR,1,53926.72,53926.72
2024-04-22,GIANNONI,CETOL B NATURAL,1,45906.00,45906.00
2024-04-23,COINGAS,"BUJE RED GLAV 3"" X 2 1 2 DEMA",1,14425.85,14425.85
2024-04-23,HIDRAULICA LONGCHAMPS,HG 3 4 JIC PM 1 2,1,10909.90,10909.90
2024-04-23,HIDRAULICA LONGCHAMPS,JIC X 3 8 NPT,1,16708.21,16708.21
2024-04-23,ROSSI,RET 8040 LX DBH IND ARG,1,7000.00,7000.00
2024-04-23,ROSSI,LGWA 2M 1 SKF IND ARG,1,35000.00,35000.00
2024-04-24,BEARINGS,RESPIRADERO DE TANQUE DE GAS OIL,1,6900.00,6900.00
2024-04-24,BEARINGS,MANIJA LEV VIDRIO MERCEDES,1,4800.00,4800.00
2024-04-24,BEARINGS,MANIJA DE PUERTA INTERIOR,1,6900.00,6900.00
2024-04-24,ROSSI,LUBRIPET,1,45000.00,45000.00
2024-04-24,ROSSI,H 309 MANGUITO 170771 P 23,1,8000.00,8000.00
2024-04-24,ROSSI,22209 K C3 FAG 43233E20,1,84000.00,84000.00
2024-04-26,TER,TF MB G 281 12 NEUM MULT C PL,1,426306.00,426306.00
2024-04-26,TER,EJE PROLONGADOR MB G281 C PLAC (211MM),1,179207.00,179207.00
2024-04-24,TIENDA DE CARDAN,SPICER,1,195000.00,195000.00
2024-04-25,PAPELERA JUAN XXII,CAJA DE TIZAS BLANCAS X 144U,1,4033.06,4033.06
2024-04-25,HIDRAULICA LONGCHAMPS,TERM HG C 90 9 16 JIC PM 3 8 REPARACION,1,19500.00,19500.00
2024-04-25,HIDRAULICA LONGCHAMPS,ADAPT MF 7 8 JIC X M 3 4 NPT,1,7900.00,7900.00
2024-04-25,BANCU,GRASA ALTA TEM REV N:2,1,137278.50,137278.50
2024-04-26,BURGOM,CORREA EVER WEAR B 050,1,11629.30,11629.30
2024-04-26,BURGOM,CORREA EVER WEAR B 047,1,10933.01,10933.01
2024-04-26,BURGOM,PISCINA N 50MM,1,3166.55,3166.55
2024-04-26,BURGOM,SINTETICA 1 TELA 2MM GU,1,5587.48,5587.48
2024-04-26,BURGOM,GUANTE NAPA AMARILLA,1,5663.55,5663.55
2024-04-29,AVEDIS,OXIGENO INDUSTRIAL TUBO,1,1724.90,1724.90
2024-04-29,AVEDIS,ARGON TUBO,1,11864.57,11864.57
2024-05-01,INTERNET,PLAN 25 MB FTTH,1,7933.88,7933.88
2024-05-01,INTERNET,ABONO CORPORATIVO,1,619.83,619.83
2024-05-01,TRV,TRV 53 AB,1,8900.00,8900.00
2024-05-02,NEW GAS,GAR.10K.YPF GAS,1,6334.84,6334.84
2024-05-02,TODO UNION,"TAPA ATMOSFERICO 4""",1,22320.00,22320.00
2024-05-02,GIANNONI,LACA NITRO SEMI MATE NEGRO X 04,1,44757.48,44757.48
2024-05-02,GIANNONI,GLASURIT COLOR 22 X 01,1,73000.00,73000.00
2024-05-02,GIANNONI,ENVASE X 1 (72),1,645.12,645.12
2024-05-02,GIANNONI,TRIMAS REVEST TEXT NEGRO X 01,1,7233.48,7233.48
2024-05-02,GIANNONI,"GLASURIT CAT RAP 929 91 X 0,500",1,21119.06,21119.06
2024-05-02,ARGENGAS GROUP,OXIGENO A,1,1653.00,1653.00
2024-05-02,ARGENGAS GROUP,FLETE,1,30780.00,30780.00
2024-05-02,ARGENGAS GROUP,ALQUILER DE CILINDROS,1,190.00,190.00
2024-05-02,ARANA,"BUJE RED 4 X 3"" NPT TUPY BRASIL C U",1,45674.42,45674.42
2024-05-02,ARANA,"BUJE RED 3 X 21 2 "" NPT TUPY BRASIL C U",1,35454.43,35454.43
2024-05-02,ARANA,"CODOS NH 90O 21 2"" S 300 NPT TUPY BRASIL C U",1,118239.85,118239.85
2024-05-03,GRAFICA EL TOKE,MANTENGA DISTANCIA (ROJO REFLECTIVO),1,1680.00,1680.00
2024-05-03,GRAFICA EL TOKE,"20 CALCOS ""ACCIONAMIENTO PARA TF DE CAJAS MANUEALES"" 30 CALCOS ""OPERE 750 RPM MAX",1,3250.00,3250.00
2024-05-03,DISTRIBUIDORA DIEZ,12 LAMPARAS 48W E27 ALIC,1,7251.40,7251.40
2024-05-03,DISTRIBUIDORA DIEZ,10 LAMPARA LED 12 W FRIAS ALIC,1,913.90,913.90
2024-05-06,HIDRONOVA,MANG 3 4 R2 X 1300 MM HG 1.3 16 JIC X MG 1 2 NPT,1,86300.00,86300.00
2024-05-06,GIANNONI,GLASURIT COLOR 22 X 01 9147,1,69765.00,69765.00
2024-05-06,GIANNONI,ENVASE X 4,1,1382.40,1382.40
2024-05-07,HIZA,PICOS 1.2,1,1380.00,1380.00
2024-05-07,HIZA,TOBERAS 250,1,5480.00,5480.00
2024-05-07,HIZA,MORDAZAS 2.4,1,1260.00,1260.00
2024-05-08,BALIO,K 216002 MACHO MACHO 1 4 X 1 4,1,1652.89,1652.89
2024-05-08,BALIO,K 229002 CODO MACHO HEMBRA GAS 1 4,1,3553.71,3553.71
2024-05-08,BALIO,K 207111 MACHO AJTE HBRA GAS 8MM X 1 4 GAS INT,1,1900.82,1900.82
2024-05-08,BALIO,ROC AVOM 16 ANILLO 0 RING AVO M16,1,247.93,247.93
2024-05-08,GIANNONI,THINER HYDRA ORO X 4,1,16629.03,16629.03
2024-05-08,ROSSI,VKUA 4554 A SFK IND ARG,1,35000.00,35000.00
2024-05-09,ENCOMIENDA ANDREANI,440 GR,1,11838.04,11838.04
2024-05-09,DACI,FIX TORNILLO P MADERA 4.5 X 25,1,24.07,24.07
2024-05-09,DACI,AUTOPERFORANTE MADERA ANCHA 6X1 1 2 FLEB,1,20.21,20.21
2024-05-09,DACI,BULON G2 ZN HEX 5 16X5,1,456.25,456.25
2024-05-09,DACI,ESQUINERO ANGULO CORVEX 6*6 24 U,1,380.21,380.21
2024-05-09,DACI,PH 2 25MM IMPACTOR X 100 UNID,1,111886.45,111886.45
2024-05-09,DACI,PILA ELECTRONICA DE LITIO 2032 3.0 VOLTS CARETA,1,765.14,765.14
2024-05-09,ROSSI,22209 K C3 FAG 43233E20,1,84000.00,84000.00
2024-05-13,BAIRES,1209 KTVH C3,1,31816.00,31816.00
2024-05-13,BAIRES,22209 EKC3W33,1,58310.00,58310.00
2024-05-13,BAIRES,SN 509,1,37900.00,37900.00
2024-05-13,BAIRES,H 309,1,5460.00,5460.00
2024-05-13,BAIRES,RETEN 5432 DBH,1,1520.00,1520.00
2024-05-13,BAIRES,VKUA 4554,1,21085.00,21085.00
2024-05-14,BEARINGS,FAROS DE LECHO MERCEDES 710,1,4910.00,4910.00
2024-05-14,BURGOM,FAJA LUMBAR OMBU,1,17492.24,17492.24
2024-05-14,BURGOM,CORREA EVER WEAR B 044,1,10235.14,10235.14
2024-05-14,BURGOM,CORREA EVER WEAR B 055,1,12795.54,12795.54
2024-05-14,BURGOM,CORREA EVER WEAR B 057,1,13257.61,13257.61
2024-05-14,AVEDIS,ARGON TURBO,1,12991.71,12991.71
2024-05-14,AVEDIS,CO2 INDUSTRIAL TUBO,1,1215.35,1215.35
2024-05-14,AVEDIS,OXIGENO INDUSTRIAL TUBO,1,1724.90,1724.90
2024-05-14,ARANA,"CODOS HH 3 4"" GALVANIZ",1,1653.08,1653.08
2024-05-14,ARANA,"CODOS HH 90 1"" GALVANIZ",1,3129.36,3129.36
2024-05-14,ARANA,"CODOS MH 90 3 3"" GALVANIZ",1,1927.36,1927.36
2024-05-14,ARANA,"CODOS MH 90 21 2"" GALVANIZ",1,25248.20,25248.20
2024-05-14,ARANA,NIPLES GALV 1 8 X 150 MM,1,5869.76,5869.76
2024-05-14,ARANA,NIPLES GALV 1 4 X 150 MM,1,4110.60,4110.60
2024-05-14,ARANA,NIPLES GALV 1 2 X 150 MM,1,3094.00,3094.00
2024-05-14,ARANA,NIPLES GALV 21 2 X 150 MM,1,18519.80,18519.80
2024-05-14,ARANA,"BUJES RED MH 3 X 21 2"" GALV",1,15867.80,15867.80
2024-05-14,ARANA,"BUJE RED MH 3 4 X 3 8"" GALV",1,8645.52,8645.52
2024-05-14,ARANA,NIPLES 1 X 150 MM,1,7080.94,7080.94
2024-05-14,ARANA,"BUJE RED 4 X 21 2"" NPT",1,46065.24,46065.24
2024-05-15,BALIO,DM 50 VALV TRANS C VASE (1 4 BSPT),1,16389.80,16389.80
2024-05-16,HIDRAULICA LONGCHAMPS,MANGUERAS 1 4 R2 X 800 HG XHG 9 16 AST T,1,31500.00,31500.00
2024-05-16,MERCEDES BENZ,MANO DE OBRA,1,13500.00,13500.00
2024-05-16,MERCEDES BENZ,REPUESTOS,1,38944.31,38944.31
2024-05-16,PENTRON,"DIRECCIONAL 138 PARA 17"" CON ABRAZADERAS (133)",1,4991737.00,4991737.00
2024-05-16,PENTRON,VEJIGA 1T15N 9 (64331 69360),1,258139.51,258139.51
2024-05-17,SANITARIOS ADRIANA,ABRAZADERA NO 14 86 111 MM CARBIZ,1,1300.00,1300.00
2024-05-17,SANITARIOS ADRIANA,ABRAZADERA NO 12 72 94 MM CARBIZ,1,1100.00,1100.00
2024-05-17,HIERROS CASANOVA,PLANCHUELAS 1X3 16,1,8833.15,8833.15
2024-05-17,HIERROS CASANOVA,CUADRADOS 5 8,1,19665.12,19665.12
2024-05-17,GIANNONI,NETCOLOR BARNIZ MARINO,1,88663.36,88663.36
2024-05-17,GIANNONI,AGUARRAS MINERAL ALBA,1,13303.89,13303.89
2024-05-17,GIANNONI,CETOL TINTAS ROBLE CLARO,1,4277.04,4277.04
2024-05-17,BEARINGS,TARUGOS DE TAPIZADO,1,371.91,371.91
2024-05-17,BEARINGS,CABLE DE CAPOT,1,15000.00,15000.00
2024-05-21,HIDRONOVA,FRL CAMOZZI 1 2 (COD MX2.1 2.FROOO4LY00),1,216000.00,216000.00
2024-05-21,HIDRONOVA,MANOMETRO PARA FRL,1,6530.00,6530.00
2024-05-21,GEC,DCOFQP T1890 L520 CSTD KITABS RAUT,1,1352175.00,1352175.00
2024-05-21,DACI,CADENA GALVANIZADA N 30 12.50 KG,1,8299.54,8299.54
2024-05-22,SP ACCESORIOS,TANQUE DE AGUA 25 L NEGRO,1,25154.38,25154.38
2024-05-22,JMH,"22100 R 1 2""NPT 76 CM HG",1,50409.00,50409.00
2024-05-22,JMH,"CERTIFICADO CALIBRACION CLASE 1,6%",1,23805.00,23805.00
2024-05-22,JMH,"2263 R 1 4"" NPT 200 BAR PSI",1,18537.00,18537.00
2024-05-22,BAIRES,22209 EKC3W33,1,58665.15,58665.15
2024-05-22,BAIRES,SN 509,1,38130.84,38130.84
2024-05-22,BAIRES,H 309,1,5493.25,5493.25
2024-05-22,BAIRES,1209 KTVH C3,1,31816.00,31816.00
2024-04-23,HIDRONOVA,MANGUERA 3 8 R2 X 15 MTS MG 1 2 X HG 1 4,1,217800.00,217800.00
2024-04-23,HIDRONOVA,ADAPTADOR H 3 4 X F 3 8,1,16380.00,16380.00
2024-04-23,HIDRONOVA,CODO 90 M X H 1 4 NPT,1,13358.15,13358.15
2024-05-24,HIZA,TORCHAS REPARADAS,1,42500.00,42500.00
2024-05-24,HIZA,COLA TIG LARGA,1,2960.00,2960.00
2024-05-24,HIDRONOVA,MANG 3 4 R2 X 3500 MM HG 1.3 16 JIC X MF 3 4 NPT,1,101850.00,101850.00
2024-05-27,DACI,MOSQUETON GALVANIZADO 4X40,1,798.88,798.88
2024-05-27,DACI,BULON MILG8 C HEX MA 6X25,1,66.01,66.01
2024-05-27,DACI,TUERCA REMACHE M6 X 15 ZINC X 1000U,1,40529.16,40529.16
2024-05-27,DACI,ARANDELA GROWER 1 2,1,58.54,58.54
2024-05-27,DACI,ARANDELA GROWER 5 8,1,107.59,107.59
2024-05-27,LUBRICENTRO RUTA,GRASA 80W90,1,4462.90,4462.90
2024-05-27,DACI,TORNILLO AUTOPERFORANTE C ARANCELA HEXAGONAL AGUJA (T17),1,179.74,179.74
2024-05-27,DI GILIO,KIT 4S3M 1 ABS SR 1+2 EJES,1,875502.79,875502.79
2024-05-27,DI GILIO,VALVULAS 2 2 VIAS BLOQUE 3O EJE,1,16598.38,16598.38
2024-05-27,DI GILIO,KIT CONEXIONES 4S3M KN,1,116697.95,116697.95
2024-05-27,DI GILIO,SENSOR ABS 90O 1MT +CLIP,1,32059.88,32059.88
2024-05-27,DI GILIO,CORONA 176MM,1,24461.00,24461.00
2024-05-27,DI GILIO,PORTA SENSOR ABS EBS,1,2628.46,2628.46
2024-05-27,DI GILIO,VALV DESC RAP Y 2 VIAS P FORD,1,73405.75,73405.75
2024-05-27,DI GILIO,VALV ESTACIONAMIENTO AE4311,1,208393.70,208393.70
2024-05-27,DI GILIO,SPRING 30 30 303MM 16X1.5MM,1,49158.48,49158.48
2024-05-27,DI GILIO,"PULMON DELANTERO 30"" 300MM R16",1,17366.90,17366.90
2024-05-27,DI GILIO,KIT CONEXIONES SPRING X EJE,1,20850.29,20850.29
2024-05-27,DI GILIO,KIT CONEXIONES PULMONM X EJE,1,8476.54,8476.54
2024-05-27,DI GILIO,KIT CONEX PARA TANQUE 115,1,24347.32,24347.32
2024-05-27,DI GILIO,TANQUE DE AIRE 115L C SOPORTE,1,236470.00,236470.00
2024-05-27,DI GILIO,TUBO POLIAMIDA 12 X 9 NEGRO,1,818.55,818.55
2024-05-27,DI GILIO,TUBO POLIAMIDA 16 X 12 NEGRO,1,1318.78,1318.78
2024-05-27,DI GILIO,TUBO POLIAMIDA 8 X 6 NEGRO,1,345.61,345.61
2024-05-28,NEW GAS,GAR.10K.YPF GAS,1,6787.33,6787.33
2024-05-28,LUBRICENTRO RUTA,ACEITE 14W40,1,35867.80,35867.80
2024-05-28,ARGENGAS GROUP,DIOXIDO DE CARBONO DE 30.00 KG,1,1653.00,1653.00
2024-05-28,ARGENGAS GROUP,ARGON S,1,8653.00,8653.00
2024-05-28,ARGENGAS GROUP,OXIGENO A,1,1653.00,1653.00
2024-05-28,ARGENGAS GROUP,FLETE,1,30780.00,30780.00
2024-05-28,ARGENGAS GROUP,ALQUILER DE CILINDROS,1,190.00,190.00
2024-05-28,BURGOM,CORREA EVER WEAR B 084,1,19593.94,19593.94
2024-05-28,BURGOM,PISCINA N 38MM,1,2223.39,2223.39
2024-05-28,TER,TF DOBLE MB G85 6 N MULT AT ALTO TORQUE,1,1400565.00,1400565.00
2024-05-28,TER,TF DIRECTA P TF 5211 NEM PL,1,296344.00,296344.00
2024-05-30,HIZA,TORCHA REPARADA 360 CON CAMBIO DE CUELLO Y GATILLO,1,55600.00,55600.00
2024-05-30,HIZA,TUNGSTENOS 2.4 ROJOS,1,5130.00,5130.00
2024-05-30,HIZA,VIDRIOS PROTANE,1,840.00,840.00
2024-05-30,HIZA,MORDAZAS 2.4,1,1350.00,1350.00
2024-05-30,HIZA,PICOS 1.2,1,1410.00,1410.00
2024-05-30,HIZA,TOBERAS 250,1,5830.00,5830.00
2024-05-30,HIZA,APORTE INOX 308 1.6,1,34300.00,34300.00
2024-05-30,HIZA,APORTE 308 1.6,1,34300.00,34300.00
2024-05-30,AVEDIS,CO2 INDUSTRIAL TUBO,1,1215.35,1215.35
2024-05-30,AVEDIS,OXIGENO INDUSTRIAL TUBO,1,1724.90,1724.90
2024-05-30,HIERROS CASANOVA,PLANCHUELAS 5X1 4,1,74058.01,74058.01
2024-05-30,HIERROS CASANOVA,UPN X 6 MTS 80,1,92976.38,92976.38
2024-05-31,PIJUAN,BOTIN PEGASO NEGRO CON PUNTERA 41,1,26000.00,26000.00
2024-05-31,PIJUAN,BOTIN PEGASO NEGRO CON PUNTERA 411,1,26000.00,26000.00
2024-05-31,PIJUAN,BOTIN PEGASO NEGRO CON PUNTERA 444,1,26000.00,26000.00
2024-05-31,PIJUAN,BOTIN OMBU 42 MODELO CALZADOOZONO,1,51270.84,51270.84
2024-05-31,PIJUAN,PANTALON OMBU VERDE TALLE ROPA 44,1,18717.43,18717.43
2024-05-31,PIJUAN,GUANTE CUERO GUANTE SOLDAR,1,4200.00,4200.00
2024-05-31,AVEDIS,ALQUILER DE TUBO,1,190.00,190.00
2024-06-01,INTERNET,PLAN 25 MB FTTH,1,8429.75,8429.75
2024-06-01,INTERNET,ABONO CORPORATIVO,1,619.83,619.83
2024-06-03,SOLBEMT,HIPOCLORITO DE SODIO,1,289.26,289.26
2024-06-03,SOLBEMT,DETER AL 30% C COLOR,1,2173.55,2173.55
2024-06-03,SOLBEMT,DBIDON X 6,1,826.45,826.45
2024-06-04,ROSSI,O`RING 221 IND ARG,1,700.00,700.00
2024-06-04,ROSSI,O`RING 222 IND ARG,1,700.00,700.00
2024-06-04,ROSSI,O`RING 223 IND ARG,1,750.00,750.00
2024-06-07,GIANNONI,LACA NITRO SPORTIVE BLACK X 3.5,1,56108.98,56108.98
2024-06-07,GIANNONI,THINNER HYDRA ORO X 4,1,17057.94,17057.94
2024-06-10,GIANNONI,ESMALTE A POLIU BLANCO 0111 X 3700,1,55875.27,55875.27
2024-06-10,GIANNONI,CONVERTIDOR 9013 X 1,1,24854.72,24854.72
2024-06-10,DACI,BULON C REDONDA C C SIN TUERCA 8 X 38,1,176.67,176.67
2024-06-10,IVECAM,1 INTERRUPTOR BOCINA 1 PUNTO HIWAY,1,39415.01,39415.01
2024-06-10,HIERROFE,CANOS RED 1 1 4 2.0,1,19783.57,19783.57
2024-06-10,DICA,"ACOPLE DNM 4"" ALUMINIO",1,22885.74,22885.74
2024-06-10,DICA,ACOPLE DTH 4` ALUMINIO,1,23555.88,23555.88
2024-06-10,DICA,ACOPLE DNM 3` ALUMINIO,1,13990.32,13990.32
2024-06-10,DICA,ACOPLE DTH 3` ALUMINIO,1,17322.65,17322.65
2024-06-10,DICA,"ACOPLE DTH 2"" ALUMINIO",1,10970.10,10970.10
2024-06-10,DICA,"ACOPLE DTH 2 1 2"" ALUMINIO",1,11162.88,11162.88
2024-06-11,AGUA PARICE,BIDONES DE AGUA,1,1653.00,1653.00
2024-06-11,TRV,TRV 53 AB,1,8900.00,8900.00
2024-06-11,DICA,MANGUERA DICAFLEX GG 0 4` LARGO 2150M EXTREMOS EN ACERO CARBONO MF X MF 0 4` BSPT,1,462054.18,462054.18
2024-06-11,DICA,ACOPLE DCH 4` ALUMINIO,1,25000.76,25000.76
2024-06-11,DICA,MAGUERA DICAFLEX GG 0 4' LARGO 2150 MM,1,462054.18,462054.18
2024-06-11,DICA,EXTREMOS EN ACERO CARBONO MF X MF 0 4' BSPT ACOPLE DCG 4' ALUMINIO,1,25000.78,25000.78
2024-06-12,HIERROS CASANOVA,H DE CONST D N 10,1,10995.36,10995.36
2024-06-12,HIERROS CASANOVA,H DE CONST D N 8,1,7042.98,7042.98
2024-06-12,HIERROS CASANOVA,H DE CONST D N 6,1,4047.37,4047.37
2024-06-12,HIERROS CASANOVA,MALLAS Q 131 150X150X5 2.4X6 MTS,1,52936.35,52936.35
2024-06-12,HIERROS CASANOVA,TYROLIT DISCO SENSITIVO 350X3 2X25.4,1,7773.37,7773.37
2024-06-13,GIANNONI,CETOL TINTAS CAOBA X 0.240,1,4277.04,4277.04
2024-06-13,GIANNONI,MEGAFLEX AUTO MEMB 25CM X 10M ALUMINIO,1,77866.87,77866.87
2024-06-13,GIANNONI,MEGAFLEX PINTURA ASFALTICA X 4KG,1,24324.40,24324.40
2024-06-13,GIANNONI,CETOL PAQUET PLAS NA BRI X 04,1,80056.04,80056.04
2024-06-13,GIANNONI,AGUARRAS MINERAL ALBA X 04,1,13303.89,13303.89
2024-06-13,GIANNONI,BRIKOL CERAMICO X 10,1,103971.71,103971.71
2024-06-13,GIANNONI,BRIKOL NATURAL X 04,1,41588.71,41588.71
2024-06-13,GIANNONI,DURALBA EXTERIORES BCO X04,1,21015.82,21015.82
2024-06-13,GIANNONI,HYDRARRAS X C4,1,13958.35,13958.35
2024-06-14,GALPA,MANG ASP EXP 1 ' X 2.50 MT,1,92.78,92.78
2024-06-14,HIERROS CASANOVA,MALLAS Q 131 150X150X5 2.4X6 MTS,1,52936.35,52936.35
2024-06-14,PREGOM,GUARDA FANGO WEBER 2000X380,1,19400.00,19400.00
2024-06-17,CONSTRUMUNDO,HIDROFUGO CERESITA 4KG,1,8264.46,8264.46
2024-06-17,CONSTRUMUNDO,MEGAFLEX MEMBRANA AUTOADHESIVA 25 CM X 1M,1,3498.84,3498.84
2024-06-18,ULTRACOLOR,ALBAMIX 4570100 ESM PU GRIS PASO 1 X 4L,1,37648.56,37648.56
2024-06-18,ULTRACOLOR,ALBAMIX 4570100 ESM PU GRIS PASO 2 X 4L,1,37648.56,37648.56
2024-06-18,ULTRACOLOR,ALBAMIX 4585007 FDO EPOXI GRIS X 4L,1,49764.00,49764.00
2024-06-18,ULTRACOLOR,ALBAMIX 4590020 CONV FDO EPO X 800,1,7828.50,7828.50
2024-06-18,ULTRACOLOR,ALBAMIX 4570111 ESM PU BLANCO X 4L,1,37648.56,37648.56
2024-06-18,ULTRACOLOR,ALBAMIX 4590013 CONV P FDO 2K X 4L,1,70133.43,70133.43
2024-06-18,ULTRACOLOR,ZEOCAR MASILLA POLIESTER X 4K,1,23213.00,23213.00
2024-06-24,TER,EJE PROLONGADOR MB G330 C PLACNEW 2019 207MM,1,238399.00,238399.00
2024-06-24,TER,JUEGO DE JUNTAS C ESPARRAGOS BLISTER GENERAL,1,17919.00,17919.00
2024-06-24,ROSSI,3206 2 RS KML 15942Z 17,1,19000.00,19000.00
2024-06-24,ROSSI,3205 2 RS BKP 180107 X 22,1,14800.00,14800.00
2024-06-25,SANITARIOS ADRIANA,TRABEX 3101,1,35865.00,35865.00
2024-06-25,ULTRACOLOR,DIPROEL DILUY ACRILICO X 200L,1,428400.00,428400.00
2024-06-25,ULTRACOLOR,DIPROEL DILUY POLIURETANO X 18L,1,53550.00,53550.00
2024-06-25,AURELIA,MATERIAL DE CONSUMO,1,250.00,250.00
2024-06-25,AURELIA,TUBO POLIAMIDA 6X4 MTS,1,2704.00,2704.00
2024-06-25,AURELIA,INTERRUPTOR,1,38192.40,38192.40
2024-06-26,OPORTO PABLO ALFREDO,TUBO DE PVC FOTIFLEX SEMI CELULAR 3.2 40 X 3.2 X 4 MT J P BLANCO 0 40,1,4681.50,4681.50
2024-06-26,OPORTO PABLO ALFREDO,REDUCCION CONCENTRICA 0 63 40,1,349.02,349.02
2024-06-26,OPORTO PABLO ALFREDO,SOMBRERETE 0 63,1,732.75,732.75
2024-06-26,OPORTO PABLO ALFREDO,CODO 0 40 X 90` H H,1,265.39,265.39
2024-06-26,OPORTO PABLO ALFREDO,TUBO 110 X 4.00,1,16020.07,16020.07
2024-06-26,OPORTO PABLO ALFREDO,CODO A 45` H H 110MM,1,2600.15,2600.15
2024-06-26,HIZA,TOBERAS 250,1,5980.00,5980.00
2024-06-26,HIZA,APORTE 308 1 6,1,35600.00,35600.00
2024-06-27,MECANSUR,EQ HID BATEA SIN INSTALACION SIN TOMA DE FUERZA PARA CAMION MB AXOR 2544 CAJA G 281 12,1,2239000.00,2239000.00
2024-06-28,COINGAS,TEFLON 3 4 X 20 MTS,1,783.12,783.12
2024-06-28,COINGAS,SELLADOR H3 25 CC SALADILLO,1,1524.29,1524.29
2024-06-28,IVECAM,INTERRUPTOR BOCINA 1 PUNTO HIWAY,1,46280.99,46280.99
2024-06-28,NEW GAS,GAR.10K.YPF GAS,1,7692.31,7692.31
2024-06-28,NEW GAS,GAR 45K YPF GAS,1,35294.12,35294.12
2024-06-28,PROVEEDURIA HIDRAULICA,"ACOPLE 1"" SERIE E BATEA",1,120330.58,120330.58
2024-06-28,PROVEEDURIA HIDRAULICA,"BUJE RED 1"" X 3 4",1,7479.34,7479.34
2024-06-28,CONSTRUMUNDO,BOLSAS CEMENTO 50KG AVELLANEDA,1,7603.31,7603.31
2024-06-30,AVEDIS,CO2 INDUSTRIAL TUBO,1,1215.35,1215.35
2024-06-30,AVEDIS,OXIGENO INDUSTRIAL TUBO,1,1724.90,1724.90
2024-07-01,INTERNET,PLAN 25 MB FTTH,1,8429.75,8429.75
2024-07-01,INTERNET,ABONO CORPORATIVO,1,619.83,619.83
2024-07-01,INOXIDABLES PIERRI,TAPA ROSCA 2` AISI 304,1,10200.00,10200.00
2024-07-01,AGUAYO,RESORTE SOSTEN MANGUERA LARGO P SEMI RR372G,1,9203.73,9203.73
2024-07-01,BURGOM,CORREA EVER WEAR B 048,1,11166.95,11166.95
2024-07-01,BURGOM,CRISTALIND 32 X 38,1,3659.10,3659.10
2024-07-01,BURGOM,CORREA EVER WEAR B 089,1,20702.73,20702.73
2024-07-01,BURGOM,PANTALON OMBU AZULINO BEIGE BLANCO 38 60,1,20249.20,20249.20
2024-07-01,BURGOM,ADHESIVO DIGOCOL 250 CC.,1,2894.76,2894.76
2024-07-01,BURGOM,ABRAZADERA TIPO AMERICANA 100 115 ART 3010,1,2212.11,2212.11
2024-07-01,BURGOM,SUNCHO PARA TANQUE DE COMBUSTIBLE 1279 JOCAR,1,3129.22,3129.22
2024-07-01,TER,TF MB G281 12 NEUM MULT Z15,1,385802.00,385802.00
2024-07-01,TER,EJE PROLONGADOR MB G2 81 C PLACLARGO 222MM,1,188158.00,188158.00
2024-07-02,CONSTRUMUNDO,PEG IMPER PERFECTO,1,6942.15,6942.15
2024-07-02,ARGENGAS GROUP,OXIGENO A,1,1653.00,1653.00
2024-07-02,ARGENGAS GROUP,DIOXIDO DE CARBONO DE 30.00 KG,1,1092.00,1092.00
2024-07-02,ARGENGAS GROUP,FLETE,1,30780.00,30780.00
2024-07-02,ARGENGAS GROUP,ALQUILER DE CILINDROS,1,190.00,190.00
2024-07-03,GIANNONI,ESMALTE A POLIU NEGRO SAT 0100 X 03,1,67714.58,67714.58
2024-07-03,GIANNONI,CONVERTIDOR 9013 X 1,1,24853.72,24853.72
2024-07-03,SANITARIOS ADRIANA,PALA MOISES PALEAR,1,14200.00,14200.00
2024-07-04,GALPA,"MANG ASP EXP 1"" X 250 MT",1,92.78,92.78
2024-07-05,COINGAS,TAPON GALV 1 1 4 M LATYN,1,1580.49,1580.49
2024-07-05,COINGAS,CODO GALV 3 4 90 MH LATYN,1,1475.12,1475.12
2024-07-05,COINGAS,CODO GALV 3 4 90 HH LATYN,1,1264.39,1264.39
2024-07-05,COINGAS,TEFLON 3 4 X 20 MTS,1,671.24,671.24
2024-07-05,COINGAS,NIPLE GALV 3 4 X 15 CM,1,1599.08,1599.08
2024-07-05,COINGAS,"TAPA GALV 2"" H LATYN",1,3951.23,3951.23
2024-07-05,COINGAS,"CODO GALV 2"" 90 MH LATYN",1,8880.48,8880.48
2024-07-05,COINGAS,"CODO GALV 2"" 90 HH LATYN",1,7507.33,7507.33
2024-07-05,COINGAS,"CODO GALV 1""90 MH LATYN",1,2607.81,2607.81
2024-07-06,GIANNONI,FONDO EPOXI GRIS ANTI 8007 X 04,1,73856.48,73856.48
2024-07-10,ROSSI,RET 9295LX DBH IND ARG,1,6500.00,6500.00
2024-07-10,ROSSI,RET 5957MZ DBH,1,7000.00,7000.00
2024-07-10,ROSSI,RET 6876 LX,1,4500.00,4500.00
2024-07-10,ROSSI,2 117 O RING IND ARG,1,300.00,300.00
2024-07-10,ROSSI,2 124 O RING IND ARG,1,500.00,500.00
2024-07-10,PEM NEORED,"KONDUSEAL TUERCA ALUM ROSCA 1 2"" NPT BSP",1,772.44,772.44
2024-07-10,ROSSI,CONVERTIDOR EPOXI 9020 X 1,1,9876.67,9876.67
2024-07-10,ROSSI,RET 6173 LX DBH IND ARG,1,4000.00,4000.00
2024-07-10,ROSSI,6005 2RS1 SKF IND ARG,1,9800.00,9800.00
2024-07-10,DISTRIBUIDORA DIEZ,6 FICHA 2 X 16 KALOP,1,4856.80,4856.80
2024-07-10,DISTRIBUIDORA DIEZ,10 ROLLO DE CINTA AISLADORA 20 MTS TEMFLEX,1,1696.50,1696.50
2024-07-10,DISTRIBUIDORA DIEZ,BOLSA DE PRECINTOS SYBYD M ALT 2,1,1885.00,1885.00
2024-07-10,DISTRIBUIDORA DIEZ,BOLSA DE PRECINTOS SYBYD ALT 3,1,3240.90,3240.90
2024-07-10,DISTRIBUIDORA DIEZ,BOLSA DE PRESINTOS SYBYD ALT 5 NEGRO,1,5079.75,5079.75
2024-07-10,TRANSMISIONES GALICIA,POLEA 4B 160,1,68800.00,68800.00
2024-07-10,HIERROS MORELLI,"CANO N L 1""(33,7) X 3.2MM",1,36046.28,36046.28
2024-07-10,HIZA,BOQUILLA SOPLETE 7 10,1,14600.00,14600.00
2024-07-10,SP ACCESORIOS,CONO BALIZADOR DE 55CM,1,19359.60,19359.60
2024-07-10,DISTRIBUIDORA DIEZ,CONECTOR RECTO DAISA 3 4 FT 33,1,4030.00,4030.00
2024-07-10,DISTRIBUIDORA DIEZ,CONECTOR CURVO FT52 DAISA,1,10457.20,10457.20
2024-07-10,DISTRIBUIDORA DIEZ,CANO FLEXITEC DE 1 2 CONDUIT,1,4527.90,4527.90
2024-07-10,DISTRIBUIDORA DIEZ,CAJA TABLEPAST XCB 13 87,1,3543.80,3543.80
2024-07-10,DISTRIBUIDORA DIEZ,ROLLO DE CINTA AISLADORA 20 MTS TEMFLEX,1,1696.50,1696.50
2024-07-10,DISTRIBUIDORA DIEZ,TERMINAL DE COBRE 1240,1,31.85,31.85
2024-07-11,GIANNONI,ESMALTE A POLIU NEGRO SAT,1,72671.20,72671.20
2024-07-11,GIANNONI,CONVERTIDOR 9013 X 1,1,28333.24,28333.24
2024-07-11,GIANNONI,"INTERSEAL 670 HS GRIS PRIMER: KIT (A+B) X 3,31",1,97518.78,97518.78
2024-07-12,GIANNONI,KIT PARCHE X 1000,1,15373.13,15373.13
2024-07-12,GIANNONI,PINCEL SERIE L J N 07,1,1189.95,1189.95
2024-07-12,GIANNONI,DILUYENTE P EPOXI X 04,1,22798.18,22798.18
2024-07-12,MORAN IVANA LORENA,MATAFUEGOS ABC 10KG,1,128000.00,128000.00
2024-07-13,CONSTRUMUNDO,ARENA C BOLSON 1TN,1,28099.17,28099.17
2024-07-13,CONSTRUMUNDO,BOLSAS CAL CACIQUE MAX 30KG,1,4876.03,4876.03
2024-07-13,HIDRONOVA,MANG 3 8 R2 X 2000MM HG 1 2 BSP X MG C 90 3 8,1,62130.00,62130.00
2024-07-13,HIDRONOVA,MANG 3 8 R2 X 1200MM MG C 90 3 8 X MG 3 8 NPT,1,57420.00,57420.00
2024-07-13,HIDRONOVA,ADAPTADOR C 90 M 3 8 NPT X MF 3 4 JIC,1,16128.00,16128.00
2024-07-15,EXUBARA AUTOPARTES,ESTRIBO INFERIOR DER MB AXOR,1,246280.99,246280.99
2024-07-15,EXUBARA AUTOPARTES,PISADERA INFERIOR MB AXOR,1,32892.56,32892.56
2024-07-16,ARGENGAS GROUP,OXIGENO A,1,1653.00,1653.00
2024-07-16,ARGENGAS GROUP,FLETE,1,30780.00,30780.00
2024-07-16,ARGENGAS GROUP,ALQUILER DE CILINDROS,1,190.00,190.00
2024-07-16,SISTEMA INTEGRAL DEL AUTOMOVIL,INSPECCION VEHICULAR VERIGICACION COMPLETA (FAS DOMINIO EZJ277,1,28538.16,28538.16
2024-07-16,CONSTRUMUNDO,PASTINA WEBER CLASSIC TERRACOTA X 2KG,1,4119.01,4119.01
2024-07-17,ZALOZE,"C.R.LARGO 90O SCH 40 2 1 2""",1,15517.10,15517.10
2024-07-17,ZALOZE,"C.R. LARGO 90"" SCH 40 3""",1,21407.75,21407.75
2024-07-17,ZALOZE,"RED CON SCH 40 4 X 3""",1,27533.66,27533.66
2024-07-17,ZALOZE,"RED CON SCH 40 6 X 4""",1,75684.65,75684.65
2024-07-17,DI GILIO,TANQUE DE AIRE 75 L CON SOPORTE,1,194421.15,194421.15
2024-07-17,BALIO,CAMARA DE AIRE TUBULAR H 390,1,80640.81,80640.81
2024-07-17,BEARINGS,ARANDELAS DE ALUMINIO,1,330.58,330.58
2024-07-17,BURGOM,BURLETE DE GOMA ESPONJA 6X30,1,1495.49,1495.49
2024-07-17,BURGOM,GUANTE JERSEY MOTEADO GUA,1,1439.92,1439.92
2024-07-17,BURGOM,CORREA EVER WEAR B 046,1,10702.03,10702.03
2024-07-17,BURGOM,BURLETE DE GOMA ESPONJA 30X40,1,10090.56,10090.56
2024-07-17,BURGOM,BURLETE DE GOMA ESPONJA 10X40,1,3256.32,3256.32
2024-07-17,BALIO,PERNO 32MM X 280MM,1,21911.96,21911.96
2024-07-17,BALIO,TURCA PULG AUTO 1.1 4 PASO FINO,1,3701.04,3701.04
2024-07-18,METALCONF,"CHA ACAN GALV 0,40 PROC 44 6500X10",1,8273.02,8273.02
2024-07-18,AGUAYO,AMORT HERM MALD PENT RAMDPM EJE LEV COD 87001 OEM,1,124626.45,124626.45
2024-07-18,AGUAYO,TORTUGA FUND 1 7 8,1,12425.00,12425.00
2024-07-18,MORON GOMA,UNI CORREA B 72 OPTIBELT,1,35013.88,35013.88
2024-07-18,PIERRINOX,"PLANCHUELA 304 63,0 X 5,0 X MT",1,22600.00,22600.00
2024-07-18,PENTRON,BULON 3 4 X 9 1 2 10H G8,1,8910.38,8910.38
2024-07-18,PENTRON,"BULON 3 4"" X 11 1 2 10H G8",1,10448.71,10448.71
2024-07-18,PENTRON,TUERCA 3 4 AUTOFRENANTE 10H,1,654.00,654.00
2024-07-20,GIANNONI,LIJA AL AGUA AA 80,1,727.91,727.91
2024-07-20,AVEDIS,OXIGENO INDUSTRIAL TUBO,1,1897.39,1897.39
2024-07-20,AVEDIS,ACARREO GASEOSO (21%),1,0.01,0.01
2024-07-22,VACIO PONT,BOMBA DE VACIO MODELO S 90,1,6289095.00,6289095.00
2024-07-22,DISTRIBUIDORA DIEZ,CANO CORRUGADO DE 1 2 FLEXITEC,1,4527.90,4527.90
2024-07-22,GIANNONI,DURALBA EXTERIORES BCO X 04,1,23537.74,23537.74
2024-07-22,GIANNONI,"PERMA WHITE INT SAT ZINSSER X 3,78",1,68822.49,68822.49
2024-07-22,GIANNONI,ALBALATEX INTERIORES BCO X 04,1,28383.54,28383.54
2024-07-22,GIANNONI,RODILLO EL GALGO ANTIGOTA X 22,1,4379.49,4379.49
2024-07-22,GIANNONI,PINCEL SERIE 1980 N 15,1,2203.22,2203.22
2024-07-25,DICA,"ACOPLE DCM 4"" ALUMINIO",1,26710.23,26710.23
2024-07-29,BALIO,H 309,1,5932.46,5932.46
2024-07-29,BALIO,SN 509,1,39625.14,39625.14
2024-07-29,BALIO,22209 EKCW33,1,62773.28,62773.28
2024-07-29,DICA,"ACOPLE DE ALUMINIO MODELO DCE (CUEROI 0 4"") A ESPIGA DE 0 2 1 2""",1,174363.00,174363.00
2024-07-29,DALIS,BIBLIOR A4 L7CM CART GRIS EIFFEL,1,4399.50,4399.50
2024-07-29,DALIS,BIBLIOR OF L7CM CART GRIS EIFFEL,1,4399.50,4399.50
2024-07-29,DALIS,FOLIOS A4 40MIC X100 CRISTAL LIG,1,5087.66,5087.66
2024-07-29,DALIS,TALON REC NUM DUPL GDE *1825* HU,1,3341.07,3341.07
2024-07-29,DALIS,CUAD A4 ESP TF = 84 HJ AVON,1,2320.00,2320.00
2024-07-29,DALIS,PH LASER 35 36 78 85A FULL,1,10968.60,10968.60
2024-07-29,DALIS,BR LASER TN 660 2320 TN 2370 I,1,10968.60,10968.60
2024-07-29,DALIS,RESMITA A4 80 GRS 6222 2 BOREAL,1,6659.73,6659.73
2024-07-29,DALIS,BOLIG OPACO T G AZ C U BIC,1,429.59,429.59
2024-07-29,DALIS,CORRECT PEN P M 7MIL PAPER MATE,1,1488.56,1488.56
2024-07-29,DALIS,MARC PX 20 AMARILLO UNI,1,2484.55,2484.55
2024-07-29,GIANNONI,LIJA AL AGUA A 240,1,727.91,727.91
2024-07-29,GIANNONI,LIJA AL AGUA A A 320,1,727.91,727.91
2024-07-29,GIANNONI,MMB PASTA P PULIR COLORIN FINA X 01,1,9028.14,9028.14
2024-07-30,MORON GOMA,CORREA B123 GATES,1,23775.00,23775.00
2024-07-30,GIANNONI,ZEOVAR MASILLA FORMULA A POL X 4,1,26666.08,26666.08
2024-07-30,GIANNONI,THINNER HYDRA ORO X 18,1,70175.16,70175.16
2024-07-31,ELECTRO TRAILER,PATA DE APOYO CON MANIJA LARGA L 1280MM JOST,1,1088674.28,1088674.28
2024-07-31,ELECTRO TRAILER,PAQUETE ELASTICO 10 HOJAS MH TRAS ASICHA,1,392002.40,392002.40
2024-07-31,GEC,"DCOPQP T1890 D133 P22 L620 PAO"" ABS RAUT",1,1464540.00,1464540.00
2024-07-31,GEC,"KIT SENSOR VELOC ( SENSOR BUJE GRASA ) 0,4M 441 032 9212",1,0.01,0.01
2024-07-31,ACSA,"8.25 X 22,5 10AG PHASE IV",1,128500.00,128500.00
2024-07-31,ACSA,VALVULAS TIPO SCHARADER P RUEDA,1,5600.00,5600.00
2024-07-31,NEPOTE,POLEA FUND 4 8 160,1,64892.00,64892.00
2024-07-31,AVEDIS,ALQUILER DE TUBO (21%),1,190.00,190.00
2024-07-31,AVEDIS,ACARREO GASEOSO (21%),1,0.01,0.01
2024-07-31,AVEDIS,CO2 INDUSTRIAL TUBO,1,1336.89,1336.89
2024-07-31,BEARINGS,MANGUERA DE INTERCOOLER MB,1,89375.00,89375.00
2024-07-31,BEARINGS,ABRASADERAS DE INTERCOOLER,1,8750.00,8750.00
2024-07-31,BURGOM,CORREA EVER WEAR B 062,1,14423.85,14423.85
2024-07-31,BURGOM,ABRAZADERAS TIPO AMERICANA 90 105 ART 3009,1,2073.91,2073.91
2024-07-31,BALIO,VALVULA RELAY TIPO BENDIX R 12 3 4 NPT,1,68296.52,68296.52
2024-07-31,BURGOM,BOTIN FRANCES C P OMBU N~38 47,1,59253.20,59253.20
2024-07-31,NEW GAS,GAR.10K.YPF GAS,1,8144.80,8144.80
2024-07-31,DACI,BULON REDONDA C C SIN TUERCA 6X25,1,82.36,82.36
2024-08-01,TRV,TVR 53 AB,1,8900.00,8900.00
2024-08-01,PENTRON,"BUJE ""H""",1,113900.00,113900.00
2024-08-01,PENTRON,ARANDELA AXIAL,1,2284.80,2284.80
2024-08-01,PENTRON,PERNO PIVOT 1 1 4 X 11 12H,1,24970.91,24970.91
2024-08-01,PENTRON,TUERCA 1 1 4 SAE AUTOPERFORANTE,1,9803.17,9803.17
2024-08-01,PENTRON,GUIA EXTERIOR 380,1,20652.96,20652.96
2024-08-01,PENTRON,AMORTIGUADOR (72076)*9473 4),1,61823.92,61823.92
2024-08-01,PENTRON,AMORTIGUADOR ESTABILIZADOR (FR98041)(S9482 6N),1,120700.00,120700.00
2024-08-01,INTERNET,PLAN 25 MB FTTH,1,9090.91,9090.91
2024-08-01,INTERNET,ABONO CORPORATIVO,1,619.83,619.83
2024-08-02,DACI,MACHOS EN PULGADAS CONO 2 Y 3 1 4 W,1,3131.84,3131.84
2024-08-02,DACI,"MECHA A R EZETA 5,00MM",1,2023.36,2023.36
2024-08-02,DACI,"MECHA A R EZETA 5,25MM",1,2149.25,2149.25
2024-08-05,GIANNONI,ESMALTE A POLIU GRIS CHASIS 0100 X 03,1,56338.12,56338.12
2024-08-05,GIANNONI,CONVERTIDOR 9013 X 1,1,28333.24,28333.24
2024-08-05,FERRETERIA NEPA,BULONES 3 4 AUTOFRENANTE,1,10661.15,10661.15
2024-08-07,STOCCO,"CASQUETE TORIESFERICO 2100 6,3",1,1054000.00,1054000.00
2024-08-07,STOCCO,"CASQUETE TORIESFERICO 1900 6,3",1,805000.00,805000.00
2024-08-07,HIERROS CASANOVA,UPN X 6 MTS 80,1,90976.71,90976.71
2024-08-07,HIERROS CASANOVA,IPN X 6 MTS 80,1,61390.43,61390.43
2024-08-07,HIERROS CASANOVA,TUBOS USO MECANICO 21 2,1,62799.89,62799.89
2024-08-07,HIERROS CASANOVA,TUBOS USO MECANICO 2,1,58126.58,58126.58
2024-08-07,HIERROS CASANOVA,ANGULOS 7 8X1 8,1,11087.79,11087.79
2024-08-07,HIERROS CASANOVA,PLANCHUELAS 1X3 16,1,8375.33,8375.33
2024-08-07,HIERROS CASANOVA,PLANCHUELAS 1.1 2X1 4,1,15602.34,15602.34
2024-08-07,HIERROS CASANOVA,IPN X 12 MTS 100,1,166043.55,166043.55
2024-08-08,CERSOSIMO,BURLETE ESPONJA 6X 30MM,1,1007.10,1007.10
2024-08-08,CERSOSIMO,BURLETE ESPONJA 8X80MM,1,3451.75,3451.75
2024-08-08,CERSOSIMO,BURLETE ESPONJA 15 X 30MM,1,2265.97,2265.97
2024-08-08,CERSOSIMO,BURLETE ESPONJA 40 X 50MM,1,20702.35,20702.35
2024-08-08,FABIO,"ARANDELA PLANA H` GALV AZUL 1 2""",1,45.50,45.50
2024-08-08,FABIO,TUERCA EXAGONAL LIVIANA UNC GALV AZUK,1,80.73,80.73
2024-08-08,FABIO,"TUERCA AUTOFRENANTE 1 2""",1,140.10,140.10
2024-08-08,FABIO,"BULON GRADO 5 UNC DORADO 1 2 X 1 1 2""",1,273.60,273.60
2024-08-08,FABIO,"BULON GRADO 5 UNC DORADO 1 2 X 2""",1,332.40,332.40
2024-08-08,DI GILIO,TRAILER CONTROL MODULE,1,211861.65,211861.65
2024-08-09,DISTRIBUIDORA DIEZ,LAMPARA 12 W FRIAS ALIC,1,865.45,865.45
2024-08-09,DISTRIBUIDORA DIEZ,ROLLO DE SPAGUTTI TERMOCONTRAIBLE 3.2A 1.8 TACSA,1,6762.80,6762.80
2024-08-09,DISTRIBUIDORA DIEZ,CAJA TABLEPLAST DE PASE XCB 12 37,1,3543.80,3543.80
2024-08-09,DISTRIBUIDORA DIEZ,CONECTOR CURVO FT52 DAISA,1,10457.20,10457.20
2024-08-09,DISTRIBUIDORA DIEZ,CONECTOR RECTO FT 32,1,4030.00,4030.00
2024-08-09,DISTRIBUIDORA DIEZ,TUERDA 1 2,1,715.00,715.00
2024-08-09,DISTRIBUIDORA DIEZ,CABLE TIPO TALLER 5X1 MM,1,1498.25,1498.25
2024-08-09,DISTRIBUIDORA DIEZ,CABLE T.T 3X1 MM,1,851.50,851.50
2024-08-09,DISTRIBUIDORA DIEZ,BOLSA DE PRECINTOS SYBYD ALT5 NEGRO,1,4509.70,4509.70
2024-08-09,DISTRIBUIDORA DIEZ,BOLSA DE PRECINTOS SYBYD ALT 3,1,3240.90,3240.90
2024-08-09,DISTRIBUIDORA DIEZ,CANO CORRUGADO DE 1 2 FLEXITEC,1,4527.90,4527.90
2024-08-09,DISTRIBUIDORA DIEZ,CAJA RECTANGULAR EXT PVC RICHI,1,924.95,924.95
2024-08-09,DISTRIBUIDORA DIEZ,CONECTOR DE PVC 20 SICA,1,90.35,90.35
2024-08-09,DISTRIBUIDORA DIEZ,CURVA 20 SICA,1,241.54,241.54
2024-08-09,DISTRIBUIDORA DIEZ,MODULO JELUZ COMBINACION,1,600.60,600.60
2024-08-09,DISTRIBUIDORA DIEZ,CAJA TABLEPLAST P TERMICAS PF 04E,1,6910.80,6910.80
2024-08-09,DISTRIBUIDORA DIEZ,CABLE 1X2.5 MM,1,603.85,603.85
2024-08-09,DISTRIBUIDORA DIEZ,CABLE 1X1.5 MM,1,377.00,377.00
2024-08-09,SP ACCESORIOS,TANQUE DE AGUA 25L NEGRO C JABONERA,1,25909.02,25909.02
2024-08-09,SP ACCESORIOS,CONO BALIZADOR DE 55CM,1,19746.80,19746.80
2024-08-12,TANGLER,ROLLO CINTA BLANCA MARCA 3M,1,304355.00,304355.00
2024-08-12,TANGLER,ROLLO CINTA AMARILLA MARCA 3M,1,304355.00,304355.00
2024-08-12,TANGLER,ROLLO CINTA ROJA MARCA 3M,1,457187.00,457187.00
2024-08-12,ARGENGAS GROUP,OXIGENO A,1,1653.00,1653.00
2024-08-13,AGUA PARICE,BIDONES DE AGUA,1,2300.00,2300.00
2024-08-14,AVEDIS,OXIGENO INDUSTRIAL TUBO,1,1897.39,1897.39
2024-08-14,AVEDIS,ACARREO GASEOSO (21%),1,0.01,0.01
2024-08-14,AVEDIS,CO2 INDUSTRIAL TUBO,1,1336.89,1336.89
2024-08-14,AVEDIS,ARGON TUBO,1,11692.54,11692.54
2024-08-14,PENTRON,"BULON 3 4"" X 4 1 2"" USS G5",1,2244.00,2244.00
2024-08-14,PENTRON,BULON 3 4 X 9 1 2 10 G8,1,8910.38,8910.38
2024-08-14,PENTRON,"BULON 3 4"" X 11 1 2"" 10H G8",1,10448.71,10448.71
2024-08-14,PENTRON,TUERCA 3 4 AUTOFRENANTE 10H,1,654.00,654.00
2024-08-14,PENTRON,BALLESTA,1,266029.00,266029.00
2024-08-14,VACIO PONT,"BOMBA DE VACIO , MODELO S 90 N` DE SERIE 9487",1,6479674.50,6479674.50
2024-08-15,DICA,"ACOPLE DNM 4"" ALUMINIO",1,25419.42,25419.42
2024-08-16,DICA,"ACOPLE DTH 4"" ALUMINIO",1,26167.03,26167.03
2024-08-16,MARBY,"CH LC CC 6,35 X 1500X7000 *",1,3129.00,3129.00
2024-08-16,MARBY,"CH LC CC 3,20X1500X6000",1,1127.00,1127.00
2024-08-16,MARBY,"CH LC CC 4,80X1500X6000",1,1650.00,1650.00
2024-08-17,DICA,"ACOPLE DNM 3"" ALUMINIO",1,15537.29,15537.29
2024-08-18,DICA,"ACOPLE DNM 2 1 2"" ALUMINIO",1,12182.54,12182.54
2024-08-19,DICA,"ACOPLE DTH 3"" ALUMINIO",1,16160.31,16160.31
2024-08-19,HIDRONOVA,PRENSADO DE TERMINAL HG 3 4 JIC PIM 3 8,1,10000.00,10000.00
2024-08-19,PREGOM,GUARDA FANGO WEBER 2000X380,1,21400.00,21400.00
2024-08-19,ULTRACOLOR,ALBAMIX 4585007 FDO EPO ANTIC W,1,56731.23,56731.23
2024-08-19,ULTRACOLOR,ALBAMIX 4590020 CONV FDO EPOX800,1,9396.00,9396.00
2024-08-19,ULTRACOLOR,ALBAMIX 4570100 ESM POLIURETANO NARANJA 03 X4L,1,65872.77,65872.77
2024-08-19,ULTRACOLOR,ALBAMIX 4570100 ESM POLIURETANO G LLANATA XL,1,45064.39,45064.39
2024-08-19,ULTRACOLOR,ALBAMIX 4570111 DUOMIX PU FULL,1,42919.35,42919.35
2024-08-19,ULTRACOLOR,ALBAMIX 4570100 ESM POLIURETANO G CHSASIS XL,1,45064.90,45064.90
2024-08-19,ULTRACOLOR,ALBAMIX 4570100 ESM POLIURETANO NEGRO X4L,1,45064.90,45064.90
2024-08-19,ULTRACOLOR,ALBAMIX 4590013 CONV P FDO 2KX4L,1,79953.00,79953.00
2024-08-19,ULTRACOLOR,ZEOCAR MASILLA POLIESTER X4K,1,23214.00,23214.00
2024-08-19,ULTRACOLOR,RAPIFIX 540 PAPEL 2` MM,1,2482.11,2482.11
2024-08-20,CESKIAVIKUS JORGE ROBERTO,CERTIFICACION DE CISTERNA ELGURL,1,54000.00,54000.00
2024-08-20,PISOMETAL,KGS DE CHAPA ACERO INOXIDABLE RAYADA,1,350.00,350.00
2024-08-20,AGUAYO,"TETON REPARACION TENSOR 3 4 7 8 1"" ESP 9MM",1,3323.07,3323.07
2024-08-20,AGUAYO,"BUJE TENSOR 1"" X 47 X 78 MM 2046 302104",1,6679.26,6679.26
2024-08-20,AGUAYO,"PERNO TENSOR 1"" X 17 MM 3935",1,9452.61,9452.61
2024-08-20,AGUAYO,"TUERCA AUTOF 1"" SAE 2985",1,4045.98,4045.98
2024-08-20,AGUAYO,BALANCIN DE CHAPA MONT ELAST 75MM 199,1,120462.93,120462.93
2024-08-20,AGUAYO,BUJE BAL 140MM CON TUERCA BAJA MONT,1,8413.39,8413.39
2024-08-20,AGUAYO,PERNO BAL 140MM CON TUERCA BAJA MONT,1,43157.32,43157.32
2024-08-20,AGUAYO,ARANDELA PERNO BAL MONT AV11,1,1316.95,1316.95
2024-08-21,DISTRIBUIDORA VIP,FARO BAIML 1037 REDONDO UNIVERSAL CON RETROREFLECTOR ROJO,1,2240.11,2240.11
2024-08-21,DISTRIBUIDORA VIP,FARO BAIML 1037 REDONDO UNIVERSAL CON RETROREFLECTOR CRISTAL,1,2240.11,2240.11
2024-08-21,DISTRIBUIDORA VIP,"FARO REDONDO ELECTR DIAM 4"" 27 LEDS ROJO POS CRISRAL GIRO BIVOLTAJE",1,22120.48,22120.48
2024-08-21,DISTRIBUIDORA VIP,FARO REDONDO ELECTRO DIAM 27 LEDS ROJO POS CRISRAL RETROCESO BIVOLTAJE,1,18669.26,18669.26
2024-08-21,DISTRIBUIDORA VIP,"FARO BAIML 301OE OVAL 6"" 25 LEDS AMBAR BIPOLAR BIVOLTAJE",1,19543.61,19543.61
2024-08-21,DISTRIBUIDORA VIP,"FARO BAIML 301OE OVAL 6"" 25 LEDS ROJO BIPOLAR BIVOLTAJE",1,19160.69,19160.69
2024-08-21,DISTRIBUIDORA VIP,"FARO BAIML 3030R 4 LEDS REDONDO 2"" 12 24V ROJO",1,7299.07,7299.07
2024-08-21,ULTRACOLOR,ALBAMIX 4585007 FDO EPO ANTIC W,1,56731.23,56731.23
2024-08-21,ULTRACOLOR,ALBAMIX 4590020 CONV FDO EPOX800,1,9396.00,9396.00
2024-08-22,NEW GAS,GAR.10K.YPF GAS,1,8597.29,8597.29
2024-08-22,DISTRIBUIDORA VIP,FARO BAIML 3020E OVAL 6` 25 LEDS AMBAR SECUENCIAL BIVOLTAJE,1,22416.09,22416.09
2024-08-22,STORANI,DIREC 138 PARA 15` CON LIMIT.F.,1,5267559.00,5267559.00
2024-08-22,STORANI,SUSP 386 16` C L PL VINC LIMUP DOWN Y F L11,1,3212103.00,3212103.00
2024-08-22,STORANI,SUSP 386 6` S L PL VINC LIMUP DOWN Y F L11,1,2839320.00,2839320.00
2024-08-22,STORANI,FUELLE 20.2 337 64552,1,135626.40,135626.40
2024-08-23,DACI,ALLEN TELLEP C BOTON 10X40,1,1064.74,1064.74
2024-08-23,DACI,"TUERCA AUTOFRENANTE MA MB BAJAS 10 P 1,50 X UNIDAD",1,105.49,105.49
2024-08-23,BALIO,PELLA 6 23067 UNION DOBLE TUBO 6,1,4173.55,4173.55
2024-08-23,BALIO,PELLA 22800 FRENO CONEK UNION TUBO 04,1,909.09,909.09
2024-08-26,CASABLANCA,CALCO VEL MAZ 80 90 REFLECT GRADO DIAM M,1,2396.53,2396.53
2024-08-26,ELECTROMECANICA SUR,2 PORTA LAMPARA LED 1P P FARO TRASERO,1,8000.00,8000.00
2024-08-26,BALIO,MG GAM 1917A BULON PARANTE ROSCA CUADRADA 7 8 X,1,14008.26,14008.26
2024-08-26,AGUAYO,FARO UNIVERSAL REDONDO BAIML 1037,1,3039.42,3039.42
2024-08-26,DISTRIBUIDORA DIEZ,100MTS CABLE TIPO TALLER 5X1 MM,1,1613.50,1613.50
2024-08-26,DISTRIBUIDORA DIEZ,100MTS CABLE TIPO TALLER 7X1MM,1,2144.80,2144.80
2024-08-26,AGUAYO,BALANCIN DE CHAPA MONT ELAST 75MM 199,1,113133.18,113133.18
2024-08-26,AGUAYO,BUJE BAL POLIPROPENO CORTO MONT 85MM,1,7901.47,7901.47
2024-08-26,AGUAYO,PERNO BAL 200MM CON TUERCA ALTA MONT,1,55883.09,55883.09
2024-08-26,AGUAYO,ARANDELA PERNO BAL MONT AV11,1,1236.82,1236.82
2024-08-26,AGUAYO,TETON REPARACION 90X58X3 4 MANOTA DE CHAPA MONT,1,23006.79,23006.79
2024-08-26,AGUAYO,ARANDELA PERNO BAL SALTO AV19,1,779.01,779.01
2024-08-26,AGUAYO,FARO RED ELECT ROJO BIPOLAR BAIMIL 3000E 39 LED,1,37571.18,37571.18
2024-08-27,DISTRIBUIDORA BAUDA,PALA ANCHA MOISES PLASTICO,1,9861.50,9861.50
2024-08-27,BALIO,BUJE TENSOR SALTO 7 8` X 47X93\,1,5491.14,5491.14
2024-08-27,BALIO,PERNO BALANCIN SALTO PISTA 201MM,1,43381.57,43381.57
2024-08-27,BALIO,TUERCA P PERNO DE BALANCIN,1,5052.89,5052.89
2024-08-27,AVEDIS,OXIGENO INDUSTRIAL TUBO,1,1897.39,1897.39
2024-08-27,AVEDIS,ACARREO GASEOSO (21%),1,0.01,0.01
2024-08-27,AVEDIS,CO2 INDUSTRIAL TUBO,1,1336.89,1336.89
2024-08-27,ARGENGAS GROUP,DIOXIDO DE CARBONO DE 30.00 KG,1,1148.00,1148.00
2024-08-27,ARGENGAS GROUP,OXIGENO A,1,1737.00,1737.00
2024-08-27,ARGENGAS GROUP,FLETE,1,32350.00,32350.00
2024-08-27,ARGENGAS GROUP,ALQUILER DE CILINDROS,1,206.00,206.00
2024-08-28,DISTRIBUIDORA DIEZ,LUMINARIA UFO 100 INTERELC,1,64957.20,64957.20
2024-08-28,DISTRIBUIDORA DIEZ,CA;O SICA DE 20` PVC,1,630.00,630.00
2024-08-28,DISTRIBUIDORA DIEZ,TUBO LED 48W ALIC,1,12292.00,12292.00
2024-08-28,DISTRIBUIDORA DIEZ,"LISTON LED 2,40",1,8604.40,8604.40
2024-08-29,SANITARIOS ADRIANA,RODILLO SIMIL LANA,1,3500.00,3500.00
2024-08-29,SANITARIOS ADRIANA,ESPATULA CHAYTO,1,2730.00,2730.00
2024-08-29,SANITARIOS ADRIANA,CINTA ENMASCARAR MM,1,5700.00,5700.00
2024-08-29,DI GILIO,KIT EBS 4S3M SEMI HA GEN3,1,2079003.00,2079003.00
2024-08-29,DI GILIO,SENSOR ABS 90` MT + CLIP,1,33804.75,33804.75
2024-08-29,DI GILIO,PORTA SENSOR ABS EBS,1,3692.15,3692.15
2024-08-29,DI GILIO,TRAILER CONTROL MODULE,1,208467.42,208467.42
2024-08-29,DI GILIO,KIT VALV NIVELADORA COMPLETA,1,202828.50,202828.50
2024-08-29,DI GILIO,KIT LEVANTA EJES,1,293732.11,293732.11
2024-08-29,DI GILIO,KIT EBS PARA EJE 21,1,76624.10,76624.10
2024-08-29,DI GILIO,"COLAS + VALVE, PUERTO 8MM",1,202828.50,202828.50
2024-08-29,DI GILIO,PULMON DE DELANTERO 30` MM R6,1,18288.13,18288.13
2024-08-29,DI GILIO,KIT CONEXIONES SPRING X EJE,1,21980.28,21980.28
2024-08-29,DI GILIO,KIT CONEXIONES PULMON X EJE,1,8937.88,8937.88
2024-08-29,DI GILIO,TANQUE AIRE 115L C SOPORTE,1,249340.00,249340.00
2024-08-29,DI GILIO,KIT CONEX PARA TANQUE 115,1,25672.43,25672.43
2024-08-29,DI GILIO,KIT A A U TBA D EUROBRAKE,1,91632.45,91632.45
2024-08-29,DI GILIO,TUBO POLIAMIDA 12X9 NEGRO,1,863.10,863.10
2024-08-29,DI GILIO,TUBO POLIAMIDA 16X12 NEGRO,1,1390.55,1390.55
2024-08-29,DI GILIO,TUBO POLIAMIDA 8X6 NEGRO,1,364.42,364.42
2024-08-29,DI GILIO,SPRING 30 30 303MM 16X1.5MM,1,51883.95,51883.95
2024-08-29,DI GILIO,KIT U ABS 4S2M,1,1036679.00,1036679.00
2024-08-29,DI GILIO,VALV DESC RAP Y 2 VIAS P FORD,1,77400.89,77400.89
2024-08-29,DI GILIO,TANQUE DE AIRE 75L CON SOPORTE,1,182871.71,182871.71
2024-08-29,DI GILIO,CORONA 176MM,1,25804.29,25804.29
2024-08-30,HIZA,PICOS M6,1,1420.00,1420.00
2024-08-30,HIZA,TOBERAS 250MB,1,5920.00,5920.00
2024-08-30,HIZA,TUGSTENOS 2.4,1,6320.00,6320.00
2024-08-30,GIANNONI,GLASURIT COLOR 55 X 1L,1,48656.58,48656.58
2024-08-30,GIANNONI,ENVASE X 4 24,1,2265.60,2265.60
2024-08-30,GIANNONI,S.W BARNIZ 7501 ALT. CONS 1K X 3600,1,50963.22,50963.22
2024-08-30,GIANNONI,DILUYENTE 600 MASTER X18,1,103319.51,103319.51
2024-08-30,GIANNONI,S.W KIT PRIMER Y ENDURECEDOR POLI P 710,1,16835.38,16835.38
2024-08-31,AVEDIS,ALQUILER DE TUBO,1,250.00,250.00
2024-08-31,AUSA,ALBERTI CAT . SI900098732658 HP,1,661.99,661.99
2024-08-31,AUSA,AVELLANEDA CAT. SI900098732658 HN,1,3310.24,3310.24
2024-08-31,AUSA,DELLPIANE 2 CAT.2 SI900065540529 HN,1,1655.12,1655.12
2024-08-31,AUSA,DELLPIANE 2 CAT.2 SI900065540529 HP,1,2345.58,2345.58
2024-08-31,AUSA,DELLPIANE 2 CAT.2 SI900098732658 HP,1,9382.32,9382.32
2024-08-31,AUSA,DELLPIANE 1 CAT.2 SI900098732658 HP,1,2345.58,2345.58
2024-08-31,AUSA,AJUSTE CONTRIBUCION ESPECIAL FERROVIARIA,1,0.04,0.04
2024-09-02,INTERNET,PLAN 25 MB FTTH,1,9090.91,9090.91
2024-09-02,INTERNET,ABONO CORPORATIVO,1,619.83,619.83
2024-09-02,TANGOMA,CORREAS BX 36,1,9380.00,9380.00
2024-09-02,ROSSI,1207K URB,1,12900.00,12900.00
2024-09-02,ROSSI,307 MANGUITO,1,6900.00,6900.00
2024-09-02,DIAZ KARINA HAYDEE,BOMBA PRESURIZADA,1,71074.38,71074.38
2024-09-02,DIAZ KARINA HAYDEE,LAMPARA DE 13,1,1818.19,1818.19
2024-09-02,DIAZ KARINA HAYDEE,DLEXIBLES 3 4 X 35,1,6776.86,6776.86
2024-09-02,DIAZ KARINA HAYDEE,CUPLA DE 3 4,1,355.37,355.37
2024-09-02,DIAZ KARINA HAYDEE,UNION DOBLE 3 4,1,1157.03,1157.03
2024-09-02,DIAZ KARINA HAYDEE,NIPLE 3 4 6CM,1,330.58,330.58
2024-09-02,DIAZ KARINA HAYDEE,TORNILLOS 6X 1 2,1,37.19,37.19
2024-09-02,GIANNONI,ESMALTE A POLIU MARFIL 0100 X03,1,53008.28,53008.28
2024-09-02,GIANNONI,CONVERTIDOR 9013 X 1,1,23684.97,23684.97
2024-09-02,TRV,TRV 53 AB,1,8900.00,8900.00
2024-09-02,TER,TF F6 66 A NEUM MULT C PL,1,510366.00,510366.00
2024-09-02,TER,TF ESO 66A NEUM MULT C PL VW DELIVERY,1,753866.00,753866.00
2024-09-02,FOURCADE,ESPARRAGOS 3 4 X 450 C TUERCAS,1,4450.00,4450.00
2024-09-03,SOLBEMT,HIPOCLORITO DE SODIO,1,330.58,330.58
2024-09-03,LUBRICENTRO RUTA,ACEITE 80W90,1,4462.90,4462.90
2024-09-03,BURGOM,CORREA EVER WEAR B 61,1,14189.62,14189.62
2024-09-03,AGUA PARICE,BIDONES DE AGUA,1,2067.00,2067.00
2024-09-06,NEW GAS,GAR.10K.YPF GAS,1,9049.77,9049.77
2024-09-06,ROSSI,DPI 58557 A 24,1,23000.00,23000.00
2024-09-09,BALIO,TOMA MACHO POLOS PLASTIC,1,34090.90,34090.90
2024-09-09,HIERROS CASANOVA,"CA EST RED 1.1 4X2,5",1,19323.15,19323.15
2024-09-09,HIERROS CASANOVA,VARIOS CORTES TUBO,1,110.28,110.28
2024-09-09,HIERROS CASANOVA,TUBOS USO MECANICO 11 4,1,32918.37,32918.37
2024-09-09,ELECTRO TRAILER,CONJUNTO PERNO REY 2` JOST,1,426977.66,426977.66
2024-09-09,ELECTRO TRAILER,TENSOR REGULABLE 400 500 ALT NC,1,80401.47,80401.47
2024-09-09,ELECTRO TRAILER,PLAQUETA INFERIOR ELASTICO DE CHAPA BANANITA ALT NAC,1,8244.83,8244.83
2024-09-09,ELECTRO TRAILER,PLAQUETA INFERIOR ELASTICO DE FUNDICION BANANITA ALT NAC,1,18755.16,18755.16
2024-09-09,ELECTRO TRAILER,PLAQUETA SUPERIOR ELASTICO 75MM DE FUNDIC MEDIA CANA ALT NAC,1,25550.30,25550.30
2024-09-10,BALIO,BULON PARLANTE ROSCA CUADRADA 7 8 X 2,1,13067.90,13067.90
2024-09-10,ELECTROMECANICA SUR,PORTA LAMPARA LED 2P POSICION STOP,1,8810.00,8810.00
2024-09-10,GIANNONI,ESMALTE A POLIU ROJO LONGCHAMPS 0100 X03,1,61503.48,61503.48
2024-09-10,GIANNONI,ESMALTE A POLIU NEGRO SAT 0100 X03,1,62588.68,62588.68
2024-09-10,GIANNONI,CONVERTIDOR 9013 X 1,1,23684.97,23684.97
2024-09-10,GIANNONI,PLUS EMALTE GRIS HIELO X 1 ELIM,1,32146.04,32146.04
2024-09-10,GIANNONI,PLUS PU ANTIGRAFITTI TRANSP X1,1,27641.29,27641.29
2024-09-10,GIANNONI,SERVICIO DE COLORIMETRIA,1,6000.00,6000.00
2024-09-11,GIANNONI,ALBALUX AMARILLO,1,14037.76,14037.76
2024-09-11,GIANNONI,RODILLO MINI POLIESTER,1,674.11,674.11
2024-09-11,AVEDIS,OXIGENO INDUSTRIAL TUBO,1,1897.39,1897.39
2024-09-11,AVEDIS,ACARREO GASEOSO (21%),1,0.01,0.01
2024-09-11,AVEDIS,CO2 INDUSTRIAL TUBO,1,1336.89,1336.89
2024-09-11,AVEDIS,ARGON TUBO,1,11692.54,11692.54
2024-09-11,ARGENGAS GROUP,OXIGENO A,1,1737.00,1737.00
2024-09-11,ARGENGAS GROUP,DIOXIDO DE CARBONO DE 30.00 KG,1,1148.00,1148.00
2024-09-11,ARGENGAS GROUP,FLETE,1,32350.00,32350.00
2024-09-11,ARGENGAS GROUP,ALQUILER DE CILINDROS,1,206.00,206.00
2024-09-11,ROSSI,MANGUITO,1,8000.00,8000.00
2024-09-11,ROSSI,DPI,1,45000.00,45000.00
2024-09-12,AIR BLAST,O`RING,1,8300.00,8300.00
2024-09-12,SELLADORES Y PEGAMENTOS SAN JOSE,SILOC SP TRANS X 280G,1,5283.49,5283.49
2024-09-12,SELLADORES Y PEGAMENTOS SAN JOSE,CARROCERIAS X 210G,1,8775.86,8775.86
2024-09-12,SELLADORES Y PEGAMENTOS SAN JOSE,CIANO CM1 X 20G,1,5127.38,5127.38
2024-09-12,BAIRES,VKUA 4554,1,24650.00,24650.00
2024-09-12,BAIRES,H 309,1,6107.31,6107.31
2024-09-12,BAIRES,SN 509,1,40793.03,40793.03
2024-09-12,BAIRES,22209 EKC 3W33,1,64623.43,64623.43
2024-09-13,TANGLER,IMO CLASE 3,1,4050.00,4050.00
2024-09-13,FABIO,"ARANDELA PLANA H` GALV AZUL 1 2""",1,75.84,75.84
2024-09-13,FABIO,"BULON GRADO 5 UNC DORADO 1 2X1 1 2""",1,273.60,273.60
2024-09-13,FABIO,"BULON PULIDO UNC GALV AZUL 5 16X1""",1,55.02,55.02
2024-09-13,FABIO,TUERCA AUTOFRENANTE 5 16| GALV AZUL,1,38.43,38.43
2024-09-13,FABIO,"BULON GRADO5 UNC DORADO 3 8X1 1 2""",1,146.78,146.78
2024-09-13,FABIO,"TUERCA AUTOFRENANTE 3 8"" GALV AZUL",1,49.54,49.54
2024-09-13,FABIO,"ARANDELA PLANA H` GALV AZUL 3 8""",1,28.92,28.92
2024-09-16,BURGOM,CORREA EVER WEAR B 069,1,17618.30,17618.30
2024-09-16,BURGOM,CORREA EVER WEAR B 092,1,23492.25,23492.25
2024-09-16,BURGOM,CORREA EVER WEAR B 040,1,10212.48,10212.48
2024-09-16,BURGOM,BOTIN COBALTO,1,81302.13,81302.13
2024-09-16,VALVULAS ESTEBAN,CONEX ACERO AJUSTE C GUIA TU 1 2 X1 4M,1,5164.19,5164.19
2024-09-16,AVEDIS,OXIGENO INDUSTRIAL TUBO,1,1897.39,1897.39
2024-09-16,AVEDIS,ACARREO GASEOSO (21%),1,0.01,0.01
2024-09-16,AVEDIS,CO2 INDUSTRIAL TUBO,1,1336.89,1336.89
2024-09-16,HIZA,ANTIADHERENTE EN PASTA,1,6120.00,6120.00
2024-09-16,HIZA,TORCHA TIG REPARADA,1,34100.00,34100.00
2024-09-16,HIZA,TORCHA MIG REPARADA,1,46200.00,46200.00
2024-09-16,HIZA,SIRGA METALICAS 5 MTS,1,11800.00,11800.00
2024-09-16,HIZA,VIDRIOS TRANSPARENTES,1,360.00,360.00
2024-09-16,TER,TF FS 6306 A NEUM.MULT C PL,1,510366.00,510366.00
2024-09-16,TER,TF MB G NEUM.MULT C PL,1,456147.00,456147.00
2024-09-16,TER,EJE PROLONGADOR MB G221 C PLAC 221MM,1,191751.00,191751.00
2024-09-16,TER,TF DOBLE ZF 16S 1650 NEUM MULT,1,1116311.00,1116311.00
2024-09-16,TER,EJE PROLONGADOR TF ZF 16S 1650,1,94732.00,94732.00
2024-09-16,VALVULAS ESTEBAN,PURGADOR DESCARGA RAPIDA ROSCA M 22X1.50,1,5594.65,5594.65
2024-09-16,VALVULAS ESTEBAN,TAPON ACERO 1 8NPT,1,372.10,372.10
2024-09-16,VALVULAS ESTEBAN,TAPON ACERO 1 4 NPT,1,693.69,693.69
2024-09-16,VALVULAS ESTEBAN,CUPLA ACERO 1 4 }X10,1,8201.24,8201.24
2024-09-16,VALVULAS ESTEBAN,BUJE DE REDUCCION ACERO M H 3 4 X1 4,1,2968.26,2968.26
2024-09-16,VALVULAS ESTEBAN,BUJE DE REDUCCION ACERO M H 1 2 X 3 8,1,1529.80,1529.80
2024-09-16,VALVULAS ESTEBAN,"BUJE DE REDUCCION ACERO ,M H 3 8 X1 4",1,757.29,757.29
2024-09-16,VALVULAS ESTEBAN,BUJE DE REDUCCION ACERO M H 1 4 X 1 8,1,540.38,540.38
2024-09-16,VALVULAS ESTEBAN,UNION DOBLE RECTA PLASTICA 12MM,1,1239.07,1239.07
2024-09-16,VALVULAS ESTEBAN,CONECTOR RECTO PLASTICO 6MM X 1 4M,1,1103.45,1103.45
2024-09-16,VALVULAS ESTEBAN,CODO 90` PLASTICO 6X1 4,1,1195.92,1195.92
2024-09-16,VALVULAS ESTEBAN,TEE HEMBRA 1 4,1,3239.50,3239.50
2024-09-16,VALVULAS ESTEBAN,RACORD ACERO MANG 3 8 X 1 4M}X10,1,7936.62,7936.62
2024-09-16,VALVULAS ESTEBAN,UNION DOBLE ACERO MANG 3 8,1,1002.78,1002.78
2024-09-16,VALVULAS ESTEBAN,ACOPLE RAP 1 4 X 4H ACERO,1,3253.51,3253.51
2024-09-16,VALVULAS ESTEBAN,PERNO ENCHUFE 1 4 X 3 8 MANG ACERO,1,1315.40,1315.40
2024-09-16,VALVULAS ESTEBAN,ALEMITES RECTOS 1 8 GAS,1,404.81,404.81
2024-09-16,VALVULAS ESTEBAN,ALEMITES RECTOS 1 4 GAS,1,724.68,724.68
2024-09-16,VALVULAS ESTEBAN,ALEMITES CODO 45 1 8 GAS,1,578.10,578.10
2024-09-16,VALVULAS ESTEBAN,ALEMITES CODO 45 1 4 GAS,1,860.30,860.30
2024-09-16,VALVULAS ESTEBAN,ALEMITES CODO 45 6 X 1MM,1,535.63,535.63
2024-09-16,VALVULAS ESTEBAN,ALEMITES RECTOS 6X 1MM,1,296.58,296.58
2024-09-16,VALVULAS ESTEBAN,5 2 SIMPLE SOLENOIDE 1 4 BSP 24V,1,33248.16,33248.16
2024-09-16,VALVULAS ESTEBAN,BOBINA 24 V .DC,1,3813.80,3813.80
2024-09-16,DISTRIBUIDORA DIEZ,CABLE 1X1.5MM,1,603.20,603.20
2024-09-16,DISTRIBUIDORA DIEZ,CABLE 1X2.5MM,1,377.00,377.00
2024-09-17,COMPRESORES TEMPERLEY,JUEGO DE AROS Y JUNTAS PARA COMPRESOR 50L,1,32231.40,32231.40
2024-09-17,COMPRESORES TEMPERLEY,REDONDEO,1,0.01,0.01
2024-09-17,AIR BLAST,"ACOPLE PORTA PICO MANGUERA 1""",1,32000.00,32000.00
2024-09-17,AIR BLAST,O'RING,1,2500.00,2500.00
2024-09-17,ZALOZE,"C R LARGO 90`SCH 40 3""",1,20111.30,20111.30
2024-09-17,ZALOZE,"RED CON SCH 40 4 X 3""",1,25856.10,25856.10
2024-09-17,ARRIOLA,BALDE P ARENA INCENDIO ROTOMOLDEADO,1,20504.16,20504.16
2024-09-17,ARRIOLA,PORTE FAROL VIRAJE AMPLIO,1,28500.00,28500.00
2024-09-17,MARSIGLIONE ANTONIO LUIS,PICO DE WIDIA DE ARENADORA MARSIGLIONE DE 5 MM,1,72000.00,72000.00
2024-09-17,MARSIGLIONE ANTONIO LUIS,PICO DE WIDIA DE ARENAD MARSIGLIONE DE 6 MM,1,75000.00,75000.00
2024-09-17,AVEDIS,OXIGENO INDUSTRIAL TUBO,1,1897.39,1897.39
2024-09-18,VACIO PONT,BOMBA DE VACIO MODELO S 90 MARCA REGISTRADA MINTMASPRES N` DE SERIE 9491,1,6479674.50,6479674.50
2024-09-18,DI GILIO,PC INTERFACE EB+SB M V,1,728000.00,728000.00
2024-09-19,HIERROS CASANOVA,TUBOS USO MECANICO 2,1,55733.86,55733.86
2024-09-19,HIERROS CASANOVA,"CA EST RED 1X1 , 6",1,10410.40,10410.40
2024-09-19,HIERROS CASANOVA,"CA EST RECT 100 X 20 X1 ,6",1,32186.22,32186.22
2024-09-19,HIERROS CASANOVA,IPN X 6 MTS 80,1,61291.18,61291.18
2024-09-19,HIERROS CASANOVA,UPN X 6 MTS 80,1,90829.64,90829.64
2024-09-19,HIERROS CASANOVA,PLANCHUELAS 5X1 4,1,73349.12,73349.12
2024-09-20,TER,TF MB G330 NEUM MULT C PL EJE 450,1,456147.00,456147.00
2024-09-20,TER,EJE PROLONGADOR MB G330 C PLACNEW 2019 (207MM),1,255067.00,255067.00
2024-09-20,ULTRACOLOR,ALBAMIX 4570111 ESM PUBLANCO A X 4L,1,42919.35,42919.35
2024-09-20,ULTRACOLOR,ALBAMIX 4590013 CONV P FDO 2KX4L,1,79953.00,79953.00
2024-09-20,ULTRACOLOR,INTERTUF 262 NEGRO A X20L,1,254001.00,254001.00
2024-09-20,ULTRACOLOR,DIPROEL DILUY ACRILICO X 200L,1,529170.00,529170.00
2024-09-23,ROSSI,MM DPI 55811 G 23,1,8000.00,8000.00
2024-09-23,ROSSI,NN IC04196040R,1,8500.00,8500.00
2024-09-23,NEW GAS,GAR.10K.YPF GAS,1,9049.77,9049.77
2024-09-24,AVEDIS,OXIGENO INDUSTRIAL TUBO,1,1897.39,1897.39
2024-09-24,AVEDIS,ACARREO GASEOSO (21%),1,0.01,0.01
2024-09-24,AVEDIS,CO2 INDUSTRIAL TUBO,1,1336.89,1336.89
2024-09-24,STOCCO,"CASQUETE TORIESFERICO 1900 6,3",1,805000.00,805000.00
2024-09-25,WACKER,"DISCOPARADESBASTEXPERTOOLS 178X6 4X22 , 2 A46 BF",1,5490.02,5490.02
2024-09-25,WACKER,"DISCODECORTEXPERTTOOLS 178X1 , 6X22 , 2 A46 BF",1,3136.27,3136.27
2024-09-25,WACKER,HOJA AL AGUA WA 70 080,1,765.94,765.94
2024-09-26,GIANNONI,NETCOLOR FTS VERDE FORESTA X 01,1,3188.08,3188.08
2024-09-26,GIANNONI,FRATACHO LIJADOR MEDIANO,1,2264.81,2264.81
2024-09-26,SANITARIOS ADRIANA,REGULADOR C MANGUERA 1.5,1,10590.00,10590.00
2024-09-26,SANITARIOS ADRIANA,MECHA 6 NEIKE,1,1960.00,1960.00
2024-09-26,SANITARIOS ADRIANA,TACOS PH 6,1,47.00,47.00
2024-09-26,SANITARIOS ADRIANA,DURLOCK 8 X 1 14,1,20.00,20.00
2024-09-26,TANGLER,UN 90 3082 REFLECTIVO,1,5446.64,5446.64
2024-09-26,TANGLER,UN 90 3077 REFLECTIVO,1,5446.64,5446.64
2024-09-26,TANGLER,CLASE 3 REFLECTIVO,1,4082.51,4082.51
2024-09-26,TANGLER,CLASE 9 REFLECTIVO,1,4082.51,4082.51
2024-09-26,TANGLER,CIRCULO 80,1,2154.93,2154.93
2024-09-26,TANGLER,NUMEROS 0 AL 9,1,128.51,128.51
2024-09-27,ARGENGAS GROUP,OXIGENO A,1,1737.00,1737.00
2024-09-27,ARGENGAS GROUP,FLETE,1,32350.00,32350.00
2024-09-27,ARGENGAS GROUP,ALQUILER DE CILINDROS,1,206.00,206.00
2024-09-27,GIANNONI,VIRUTA FINA X 0 330,1,2105.40,2105.40
2024-09-30,AVEDIS,OXIGENO INDUSTRIAL TUBO,1,1897.39,1897.39
2024-09-30,AVEDIS,ACARREO GASEOSO (21%),1,0.01,0.01
2024-09-30,HIDRONOVA,REPARACION DE CILINDRO,1,215000.00,215000.00
2024-09-30,ALAMBRES RUMBOS,ALAMBRE MIG 70S6 DE 1.20 MM KG MARCA RMB COL MK24L1010,1,4755.45,4755.45
2024-09-30,ROSSI,DBH IND ARG,1,4000.00,4000.00
2024-09-30,ROSSI,O'RING 219,1,600.00,600.00
2024-09-30,ROSSI,O'RING 222,1,800.00,800.00
2024-10-01,INTERNET,PLAN 25 MB FTTH,1,9090.91,9090.91
2024-10-01,INTERNET,ABONO CORPORATIVO,1,619.83,619.83
2024-10-01,HIERROS MORELLI,"CANO NL1' (33,7)",1,33074.38,33074.38
2024-10-01,HIDRAULICA LONGCHAMPS,"ADAP 1.1 16 JIC X 1""",1,9008.26,9008.26
2024-10-01,BURGOM,YUMA 793 0,1,991.80,991.80
2024-10-01,BURGOM,CINTA DOBLE FAZ,1,10743.80,10743.80
2024-10-01,BURGOM,FALON 0.40 X 1.90,1,45000.00,45000.00
2024-10-01,BURGOM,ADHESIVO DIGOCOL 250 CC.,1,3454.20,3454.20
2024-10-01,EL RUTERIO,102 ILUMINA PATENTES,1,5371.90,5371.90
2024-10-02,TRV,TVR 53 AB,1,9000.00,9000.00
2024-10-02,GIANNONI,CONVERTIDOR 9013 X 1,1,23684.97,23684.97
2024-10-02,GIANNONI,ESMALTE A POLIU AMARILLO,1,71213.56,71213.56
2024-10-02,AGUA PARICE,BIDONES DE AGUA,1,2480.00,2480.00
2024-10-02,FOURCADE,ESPARRAGOS 3 4 X 450 C TUERCAS,1,4450.00,4450.00
2024-10-03,VALVULAS ESTEBAN,TAPON [ACERP 1 4 NPT,1,693.69,693.69
2024-10-04,HIZA,TOBERAS 250 MIG,1,6120.00,6120.00
2024-10-04,HIZA,PICOS M6 1.2,1,1440.00,1440.00
2024-10-08,AVEDIS,OXIGENO INDUSTRIAL TUBO,1,2087.13,2087.13
2024-10-08,AVEDIS,CO2 INDUSTRIAL TUBO,1,1470.58,1470.58
2024-10-08,AVEDIS,ACARREO GASEOSO (21%),1,0.01,0.01
2024-10-08,TANGOMA,CORREAS B 57 OPTIBELT,1,38340.00,38340.00
2024-10-08,HIERROS CASANOVA,PLANCHUELAS 3X1 4,1,36592.80,36592.80
2024-10-08,HIERROS CASANOVA,VARIOS CORTE PLANCH,1,98.79,98.79
2024-10-08,NEW GAS,GAR.10K.YPF GAS,1,9049.77,9049.77
2024-10-08,LUBRICENTRO RUTA,ARRANCA MOTORES,1,6198.40,6198.40
2024-10-09,ARIGOM,"BARRERO WEBER 64 X 47,5",1,28500.00,28500.00
2024-10-09,ARIGOM,BAJO PARAGOLPE WEBER 200 X 38,1,36000.00,36000.00
2024-10-09,BANCU,BOMB3,1,379338.80,379338.80
2024-10-09,BANCU,GRASA RULEMAN,1,96322.80,96322.80
2024-10-09,ARGENGAS GROUP,OXIGENO A,1,1737.00,1737.00
2024-10-09,ARGENGAS GROUP,DIOXIDO DE CARBONO DE 30.00 KG,1,1148.00,1148.00
2024-10-09,ARGENGAS GROUP,FLETE,1,32350.00,32350.00
2024-10-09,ARGENGAS GROUP,ALQUILER DE CILINDROS,1,206.00,206.00
2024-10-10,HIERROS CASANOVA,PLANCHUELAS 1X3 16,1,8971.00,8971.00
2024-10-10,HIERROS CASANOVA,PLANCHUELAS 1.1 2X1 4,1,16712.97,16712.97
2024-10-10,HIERROS CASANOVA,TUBOS USO MECANICO 3,1,85909.88,85909.88
2024-10-10,HIERROS CASANOVA,TUBOS USO MECANICO 21 2,1,63313.35,63313.35
2024-10-10,HIERROS CASANOVA,UPN X 6MTS 80,1,97452.45,97452.45
2024-10-10,HIERROS CASANOVA,IPN X 6 MTS 80,1,65760.21,65760.21
2024-10-11,BALIO,ALARGUE ROSCA GAS 1 4 X1 4X3,1,5454.54,5454.54
2024-10-14,ULTRACOLOR,ALBAMIX 4570111 ESM PU BLANCO A X 4L,1,42919.35,42919.35
2024-10-14,ULTRACOLOR,ALBAMIX 4570100 ESM PU AZUL X4L,1,45064.90,45064.90
2024-10-14,ULTRACOLOR,ALBAMIX 4570100 ESM PU NEGRO X4L,1,45064.90,45064.90
2024-10-14,ULTRACOLOR,ALBAMIX 4570100 ESM PU BERMELLON X4L,1,63214.39,63214.39
2024-10-14,ULTRACOLOR,ALBAMIX 4590013 CONV P FDO 2KX4L,1,79953.00,79953.00
2024-10-14,ULTRACOLOR,ALBAMIX 4585007 FDO EPO ANTIC W,1,56731.23,56731.23
2024-10-14,ULTRACOLOR,ALBAMIX 4590020 CONV FDO EPO X800,1,9396.00,9396.00
2024-10-14,ULTRACOLOR,DIPROEL DILUY POLIURETANO X 18L,1,59520.00,59520.00
2024-10-14,GIANNONI,ESMALTE A POLIU NARANJA AGUILA 0100 X 03,1,69803.46,69803.46
2024-10-14,GIANNONI,CONVERTIDOR 9013 X 1,1,23684.97,23684.97
2024-10-14,LUBRICENTRO RUTA,ACEITE 80W90,1,4462.90,4462.90
2024-10-14,BULONES COIRO,BUL EXAGONAL A8 8 Z PF 20 150,1,1847.65,1847.65
2024-10-14,BULONES COIRO,TUER AUTOF BA ACER TOZA 20 150,1,449.91,449.91
2024-10-14,ARGENGAS GROUP,OXIGENO A,1,1737.00,1737.00
2024-10-15,STOCCO,"CASQUETE TORIESFERICO 2000 6,3",1,937000.00,937000.00
2024-10-15,TER,TF FS 6306 A NEUM R LENT C PL,1,495573.00,495573.00
2024-10-15,ARGENGAS GROUP,OXIGENO A,1,1737.80,1737.80
2024-10-15,ARGENGAS GROUP,DIOXIDO DE CARBONO DE 30.00 KG,1,1148.00,1148.00
2024-10-15,ARGENGAS GROUP,FLETE,1,32350.00,32350.00
2024-10-15,ARGENGAS GROUP,ALQUILER DE CILINDROS,1,206.00,206.00
2024-10-15,ROSSI,TOPROL,1,23000.00,23000.00
2024-10-15,NEW GAS,GAR.10K.YPF GAS,1,9049.77,9049.77
2024-10-16,AVEDIS,OXIGENO INDUSTRIAL TUBO,1,2087.13,2087.13
2024-10-16,AVEDIS,CO2 INDUSTRIAL TUBO,1,40.00,40.00
2024-10-16,AVEDIS,ACARREO GASEOSO (21%),1,61.20,61.20
2024-10-17,AGUAYO,PERNO SUSP NEUM 0 30 X 210 MM ROSCA 1 1 8,1,27059.82,27059.82
2024-10-17,AGUAYO,TUERCA AUTOF 1 1 8 P PERNO S NEUM TORMECAN 3011,1,10186.16,10186.16
2024-10-17,AGUAYO,BUJE SUSP NEUM 30X68 X 104 3362,1,65367.75,65367.75
2024-10-18,CONSTRUMUNDO,ARENA C BOLSON 1TN,1,29752.07,29752.07
2024-10-18,CONSTRUMUNDO,BOLSAS CEMENTO DE ALBANILERIA 40KG,1,5702.48,5702.48
2024-10-18,CONSTRUMUNDO,HIERRO ALETADO 12MM,1,20991.74,20991.74
2024-10-18,GIANNONI,VIRUTA MEDIANA X 0.330,1,2105.39,2105.39
2024-10-18,GIANNONI,VIRUTA FINA X 0 330,1,2105.40,2105.40
2024-10-19,MOCONA,"CUNAS 3X2 CM 12CM X 4 ,80 GUAYUBIRA",1,84834.71,84834.71
2024-10-19,GIANNONI,GLASURIT COLOR 22 MUESTRA X 01,1,89883.46,89883.46
2024-10-19,GIANNONI,GLASURIT COLOR ROJO MUEST 22 X LT,1,280219.84,280219.84
2024-10-19,GIANNONI,GLASURIT CAT RAP 0028 X 01,1,43864.04,43864.04
2024-10-19,GIANNONI,"SW ENDURECEDOR PARA PRIMER HS X 0,900",1,24246.74,24246.74
2024-10-21,NEW GAS,GAR.10K.YPF GAS,1,9049.77,9049.77
2024-10-21,GIANNONI,LAMINAS MASILLAR DURAS 12X18,1,3638.65,3638.65
2024-10-21,GIANNONI,ESPATULA ENDUIR X 10,1,4550.83,4550.83
2024-10-22,ONTEX FORTINOX,AISI 430 PVC DE 1.5 X 1250 X 2000,1,3160.00,3160.00
2024-10-22,ARGENGAS GROUP,DIOXIDO DE CARBONO DE 30.00 KG,1,1148.00,1148.00
2024-10-22,ARGENGAS GROUP,OXIGENO A,1,1737.00,1737.00
2024-10-22,ARGENGAS GROUP,FLETE,1,32350.00,32350.00
2024-10-22,ARGENGAS GROUP,ALQUILER DE CILINDROS,1,206.00,206.00
2024-10-22,DISTROPAR,CINTA PAPEL MULTIUSO 18X40,1,1371.57,1371.57
2024-10-22,DISTROPAR,HOJAS LIJA AL AGUAN 80,1,1057.27,1057.27
2024-10-23,GIANNONI,"ALBALATEX MATE OSCURA TORMENTA BASE F 8,7L",1,58081.45,58081.45
2024-10-23,GIANNONI,ALBALATEX INTERIORES BCO X 04,1,24994.90,24994.90
2024-10-23,GIANNONI,RODILLO EL GALGO ANTIGOTA X 22,1,4935.70,4935.70
2024-10-23,GIANNONI,FRATACHO LIJADOR GRUESO,1,2264.81,2264.81
2024-10-23,GIANNONI,PINCEL PG S2024 V 1 NO15,1,1327.08,1327.08
2024-10-23,AVEDIS,OXIGENO INDUSTRIAL TUBO,1,2087.13,2087.13
2024-10-23,AVEDIS,CO2 INDUSTRIAL TUBO,1,1470.58,1470.58
2024-10-23,NEW GAS,GAR 45K YPF GAS,1,37104.07,37104.07
2024-10-23,NEW GAS,GAR.10K.YPF GAS,1,9049.77,9049.77
2024-10-23,DACI,BULON G5 HEX USS5 8X3,1,1333.59,1333.59
2024-10-23,DACI,TUERCA AUTOFRENANTE 5 8 USS,1,381.30,381.30
2024-10-23,DACI,MOSQUETON GALVANIZADO 4X40,1,755.30,755.30
2024-10-24,HIDRONOVA,MANG 3 4 R2 X 2500MM HG 1.5 16 JIC X MF 3 4 NPT,1,103400.00,103400.00
2024-10-24,HIDRONOVA,MANGERA,1,69850.00,69850.00
2024-10-24,HIDRONOVA,BOCA DE CARGA GRANDE,1,21582.00,21582.00
2024-10-24,HIDRONOVA,JUEGO DE ACOPLE RAPIDO M X H,1,81555.00,81555.00
2024-10-24,ELECTRO TRAILER,PERNO REY SOLO 2,1,240062.90,240062.90
2024-10-24,VTM,PLATOS AGUJEROS,1,259000.00,259000.00
2024-10-24,HIERROS CASANOVA,CANO NEGRO BISELADO 1X2 .90MM,1,30284.73,30284.73
2024-10-24,HIERROS CASANOVA,VARIOS CORTE CUADRA,1,98.79,98.79
2024-10-24,DISTRIBUIDORA DIEZ,LAMPARA LED W ALIC,1,1017.90,1017.90
2024-10-24,DISTRIBUIDORA DIEZ,FICHA KALOP X6+T,1,3359.20,3359.20
2024-10-24,DISTRIBUIDORA DIEZ,TERMINAL DE COBRE HEMBRA LCT DJ436,1,32.50,32.50
2024-10-25,AGUAYO,PUNTERA ROTULADA,1,134000.00,134000.00
2024-10-25,AGUAYO,PERNO TENSOR 3 4 X 6 1 2 HELV 165MM 3950,1,5538.66,5538.66
2024-10-25,AGUAYO,TUERCA AUTOF 3 4 SAE 2991,1,1705.30,1705.30
2024-10-28,BURGOM,CORREA EVER WEAR B 040,1,10419.84,10419.84
2024-10-28,BURGOM,BLUE PRESS 19MM RIEGO REF 5BAR AZUL,1,3601.51,3601.51
2024-10-28,BURGOM,CORREA EVER WEAR B 055,1,14329.09,14329.09
2024-10-28,BURGOM,CORREA EVER WEAR B 069,1,17976.03,17976.03
2024-10-28,BURGOM,CORREA EVER WEAR B 066,1,17190.93,17190.93
2024-10-28,BURGOM,CORREA EVER WEAR B 078,1,20322.31,20322.31
2024-10-28,BURGOM,ABRAZADERA TIPO AMERICANA 90 105 ART 3009,1,2276.24,2276.24
2024-10-28,ARGENGAS GROUP,OXIGENO A,1,1737.00,1737.00
2024-10-28,ARGENGAS GROUP,FLETE,1,32350.00,32350.00
2024-10-28,ARGENGAS GROUP,ALQUILER DE CILINDROS,1,206.00,206.00
2024-10-29,TANGLER,UN 90 3082 REFLECTIVO,1,5556.84,5556.84
2024-10-29,TANGLER,CLASE 9 REFLECTIVO,1,4165.11,4165.11
2024-10-29,TANGLER,CLASE 3 REFLECTIVO,1,4165.11,4165.11
2024-10-29,NEW GAS,GAR.10K.YPF GAS,1,9049.77,9049.77
2024-10-30,DISTRIBUIDORA DIEZ,85 MTS CABLE TIPO TALLER 2X2 5MM,1,1344.20,1344.20
2024-10-30,DISTRIBUIDORA DIEZ,3BOLSA DE PRECINTOS SYBYD ALT5 NEGRO,1,5834.40,5834.40
2024-10-30,DISTRIBUIDORA DIEZ,3 BOLSA DE PRECINTOS SYBYD ALT 3,1,1918.80,1918.80
2024-10-31,ILFRA,REM REPAR AL 4.8X5,1,36965.99,36965.99
2024-10-31,AVEDIS,ACARREO GASEOSO (21%),1,250.00,250.00
2024-11-01,CASABLANCA,FARO RR 650 ELECTRONICO 6 LED C REFLECTOR,1,9006.00,9006.00
2024-11-01,CASABLANCA,SOPORTE DE SALIDA ANGULO,1,2141.22,2141.22
2024-11-01,CASABLANCA,TUERCA FIJACION TUBO 5 16 ',1,82.19,82.19
2024-11-01,CASABLANCA,TAPON DE NIPLE PLASTICO 5 16,1,174.79,174.79
2024-11-01,INTERNET,PLAN 25 MB FTTH,1,10743.80,10743.80
2024-11-01,INTERNET,ABONO CORPORATIVO,1,619.83,619.83
2024-11-04,COINGAS,SELLADOR H 25 CC SALADILLO,1,1348.68,1348.68
2024-11-04,COINGAS,TEFLON 3 4 X 20MTS,1,529.93,529.93
2024-11-04,RUBINETTI,FARO 103,1,3960.00,3960.00
2024-11-04,RUBINETTI,FARO 660 CRISTAL,1,5700.00,5700.00
2024-11-04,RUBINETTI,FARO 650 VERDE,1,5700.00,5700.00
2024-11-04,RUBINETTI,FARO 650 CRISTAL,1,5700.00,5700.00
2024-11-04,RUBINETTI,FARO 650 ROJOS,1,5700.00,5700.00
2024-11-04,ARGENGAS GROUP,OXIGENO A,1,1737.00,1737.00
2024-11-04,ARGENGAS GROUP,DIOXIDO DE CARBONO DE 30.00 KG,1,1148.00,1148.00
2024-11-04,ARGENGAS GROUP,FLETE,1,32350.00,32350.00
2024-11-04,ARGENGAS GROUP,ALQUILER DE CILINDROS,1,206.00,206.00
2024-11-05,VACIO PONT,BOMBA DE VACIO MODELO S 90 MARCA REGISTRADA MINYMASPRES,1,6803662.50,6803662.50
2024-11-05,AGUAYO,MANOTA CENTRAL TIPO HUTCH PINCEN MCHR 7920,1,159940.58,159940.58
2024-11-05,AGUAYO,PERNO TENSOR 7 8 X 6 1 2 MONT 165MM 3962,1,7328.35,7328.35
2024-11-05,AGUAYO,TUERCA AUTOF 7 8 SAE 2996,1,3165.46,3165.46
2024-11-05,AGUAYO,TETON REPARACION TENSOR 3 4 7 8 1 ESP 9MM,1,3894.86,3894.86
2024-11-05,AGUAYO,BALANCIN MANOTA DE CHAPA EMBUJADO MONT 206 2 021,1,208571.52,208571.52
2024-11-05,AGUAYO,BUJE BAL POLIPROPILENO CORTO MONT 85MM,1,8283.04,8283.04
2024-11-05,AGUAYO,PERNO BAL 140 MM CON TUERCA ALTA MONT,1,41754.00,41754.00
2024-11-05,AGUAYO,ARANDELA PERNO BAL MONT AV11,1,1236.82,1236.82
2024-11-05,AGUAYO,FARO RECTANGULAR BAIML 607,1,3148.50,3148.50
2024-11-05,AGUAYO,FARO UNIVERSAL OVAL BAIMIL 1035,1,2619.74,2619.74
2024-11-07,CONSTRUMUNDO,"VIGUETAS 4,00MT",1,12026.45,12026.45
2024-11-07,JMH,110100R 1 2 NPT 76 CM HG,1,26886.00,26886.00
2024-11-08,TER,TF MB G330 NEUM MULT C PL EJE 4560,1,456147.00,456147.00
2024-11-08,TER,EJE PROLONGADOR MB G330 C PLAC NEW2019 207MM,1,255087.00,255087.00
2024-11-08,AGUAYO,TAPA DE CAJA TREN RETRACTIL JOST,1,40596.54,40596.54
2024-11-08,AGUAYO,EJE DE TRANSMISION C ESFERAS Y RESORTE 27 7 DIENTES,1,61846.33,61846.33
2024-11-08,AGUAYO,BUJE PLASTICO CAJA TRANS JOST 11,1,6949.52,6949.52
2024-11-08,AGUAYO,BUJE PLASTICO EJE TRANS JOST 14,1,4015.39,4015.39
2024-11-08,AGUAYO,TORNILLO 6X1X15 TAPA CAJA TREN RETRAC JOST,1,2226.43,2226.43
2024-11-08,AVEDIS,OXIGENO INDUSTRIAL TUBO,1,2087.13,2087.13
2024-11-08,AVEDIS,CO2 INDUSTRIAL TUBO,1,1470.58,1470.58
2024-11-08,AVEDIS,ACARREO GASEOSO (21%),1,0.01,0.01
2024-11-08,GIANNONI,ZEOCAR MASILLA FORMULA POL X 04,1,26666.08,26666.08
2024-11-11,AGUA PARICE,BIDONES DE AGUA,1,2480.00,2480.00
2024-11-12,TER,TF ESRO 6306 NEUM MULT C PL IVECO 110 190,1,753866.00,753866.00
2024-11-12,AGUAYO,GRAPODINA TREN RETR 19X63X30 JOST,1,50243.68,50243.68
2024-11-12,AGUAYO,ESPINA ELASTICA,1,1264.65,1264.65
2024-11-13,VALVULAS ESTEBAN,"CANO COBRE 3 8 ESPESO ,80",1,25000.00,25000.00
2024-11-13,VALVULAS ESTEBAN,TUBO POLIAMIDA 6 6X4 100MTS,1,58098.28,58098.28
2024-11-13,VALVULAS ESTEBAN,BUJE REDUCCION M 3 8 1 4,1,1146.90,1146.90
2024-11-14,CINGOLANI,CHAPA 6.35 X1500 X 7000,1,1090.00,1090.00
2024-11-14,CINGOLANI,CHAPA 9.50 X 1500 X 300 MAT PROCESADO,1,1101.00,1101.00
2024-11-14,AVEDIS,OXIGENO INDUSTRIAL TUBO,1,2087.13,2087.13
2024-11-14,AVEDIS,CO2 INDUSTRIAL TUBO,1,1470.58,1470.58
2024-11-14,AVEDIS,ACARREO GASEOSO (21%),1,0.01,0.01
2024-11-15,HIERROS CASANOVA,ANGULOS 7 8X1 8,1,11401.95,11401.95
2024-11-15,HIERROS CASANOVA,ANGULOS 1.1 4X3 16,1,20214.32,20214.32
2024-11-15,HIERROS CASANOVA,TUBOS USO MECANICO 1,1,27747.97,27747.97
2024-11-15,HIERROS CASANOVA,PLANCHUELA 1.1 4X3 16 PUNZ P CUADRADO 1 2,1,13701.14,13701.14
2024-11-15,HIERROS CASANOVA,CUADRADOS 1 2,1,11596.02,11596.02
2024-11-15,HIERROS CASANOVA,PLANCHUELA 1.1 4X3 16,1,10159.43,10159.43
2024-11-19,TRV,TVR 53 AB,1,9300.00,9300.00
2024-11-19,ARGENGAS GROUP,DIOXIDO DE CARBONO DE 30.00 KG,1,1148.00,1148.00
2024-11-19,ARGENGAS GROUP,OXIGENO A,1,1737.00,1737.00
2024-11-19,ARGENGAS GROUP,FLETE,1,32350.00,32350.00
2024-11-19,ARGENGAS GROUP,ALQUILER DE CILINDROS,1,206.00,206.00
2024-11-19,BURGOM,CORREA EVER WEAR AV 13 1070,1,12469.44,12469.44
2024-11-19,BURGOM,ABRAZADERA TIPO AMERICANA 90 105 ART 3009,1,2276.24,2276.24
2024-11-19,BURGOM,ADHESIVO DIGOCOL 250 CC.,1,3454.20,3454.20
2024-11-19,BURGOM,CORREA EVER WEAR B 075,1,19537.20,19537.20
2024-11-19,BURGOM,"1 2 SOMBRA AL 80% VERDE ANCHO 4,20 MTS FERRETERA",1,3600.00,3600.00
2024-11-19,BURGOM,GANCHO MEDIA SOMBRA PVC,1,250.00,250.00
2024-11-19,WACKER,DISCO DE CORTE SECUR EXTRA 350X3,1,8671.46,8671.46
2024-11-20,WACKER,DISCO PARA DESBASTESE CUREXTRA 178X7,1,4887.59,4887.59
2024-11-20,WACKER,FLAPSTANDARD28N115ZA 80,1,2958.55,2958.55
2024-11-20,WACKER,"BROCA HSS DIN 338 TW 104 X 5,25MM",1,1472.17,1472.17
2024-11-20,WACKER,"BROCA HSS DIN 338 TW 104 X 15,00MM",1,21804.96,21804.96
2024-11-20,WACKER,VARILLA ROSCADA ZINC SAE1010 1 2 12H,1,3069.56,3069.56
2024-11-20,WACKER,VARILLA ROSCADA ZINC SAE1010 3 4,1,7093.08,7093.08
2024-11-20,WACKER,TUBO 1 2 HEXAGONAL ALTO IMPACTO 16MM TRAMONTINA,1,9411.09,9411.09
2024-11-20,ASTIVIA,JUEGO DE 2 MANOTAS CENTRALES 75MM P ACOPLADOS AR COMP,1,438874.20,438874.20
2024-11-20,GIANNONI,LATEX ANTIHONGO BANOS COCINAS X04,1,32062.22,32062.22
2024-11-20,GIANNONI,DURALBA EXTETIORES BCO X 04,1,20661.29,20661.29
2024-11-20,GIANNONI,PINCEL L BRUSHS S 319 NO20,1,1555.55,1555.55
2024-11-20,GIANNONI,PINCEL L BRUSHS S 319 NO15,1,851.91,851.91
2024-11-20,GIANNONI,MINI RODILLO EPOXI 11,1,1864.88,1864.88
2024-11-20,GIANNONI,DUR LADRILLO SAT CON PEL CERAM X 04,1,38813.93,38813.93
2024-11-20,GIANNONI,HYDRARRAS X 01,1,4212.43,4212.43
2024-11-20,GIANNONI,CETOL B CAOBA X 04,1,42565.99,42565.99
2024-11-21,TER,TF MG G3 60 NEUM MULT C PLATO,1,568459.00,568459.00
2024-11-21,TER,SOPORTE TF 1114 DOBLE CARD CT 1314 CO CT,1,633454.00,633454.00
2024-11-21,MARBY,"1,60 X1220X2440 CH LF CC",1,740.00,740.00
2024-11-21,MARBY,"2,00X124X2440 CH LC CC",1,479.00,479.00
2024-11-21,MARBY,"6,35X1500X700 CH LC CC",1,2597.00,2597.00
2024-11-21,TER,TF ZF 16S 1585 TD NEUM M C PL,1,478961.00,478961.00
2024-11-21,TER,EJE PROLONGADOR TF ZF 16S 1585,1,94732.00,94732.00
2024-11-21,HIERROS CASANOVA,CUADRADOS 5 8,1,19557.56,19557.56
2024-11-21,HIERROS CASANOVA,VARIOS CORTES CUADRA,1,98.79,98.79
2024-11-21,HIERROS CASANOVA,VARILLAS ROSCADAS NATURAL 3 4,1,9100.54,9100.54
2024-11-21,GIANNONI,ZEOCAR MASILLA FORMULA POL X4,1,26666.08,26666.08
2024-11-21,ROSSI,6202 2RS1 SKF IND ARG,1,5000.00,5000.00
2024-11-21,ROSSI,GH 5 STEYR 114890 D 97,1,13500.00,13500.00
2024-11-21,ROSSI,UCP 206 BLP 200988 Z 20,1,22000.00,22000.00
2024-11-22,ZALOZE,C.R.LARGP 90O SCH 2,1,8103.92,8103.92
2024-11-22,AGUAYO,TETON REPARACION TENSOR 3 4 7 8 1 ESP 9MM,1,3894.86,3894.86
2024-11-22,NEW GAS,GAR.10K.YPF GAS,1,9049.77,9049.77
2024-11-22,HERRATURR,BISAGRA MUNICION 100 X 37 H. PULIDO,1,1695.59,1695.59
2024-11-22,INOXIDABLES PIERRI,NIPLE 1 X 200 AISI 304,1,15367.50,15367.50
2024-11-23,GIANNONI,ESMALTE A POLIU NARANJA 2002 0100 X 03,1,67517.68,67517.68
2024-11-23,GIANNONI,ESMALTE A POLIU NARANJA 03.0100 X 03,1,77290.26,77290.26
2024-11-23,GIANNONI,CONVERTIDOR 9013 X 1,1,27170.96,27170.96
2024-11-25,GIANNONI,ZEOCAR MASILLA FORMULA POL X4,1,26666.08,26666.08
2024-11-25,GIANNONI,PISOS ALBA AZUL X 20,1,117142.86,117142.86
2024-11-25,GIANNONI,THERMOCONTROL POLIU BCO X 10 KG,1,42201.49,42201.49
2024-11-25,TORMECAN,MESA PLATO CORRUGADA 60 ALT,1,140000.00,140000.00
2024-11-25,HIZA,TOBERAS 250,1,6020.00,6020.00
2024-11-25,HIZA,VIDRIOS TRANSPARENTES,1,440.00,440.00
2024-11-25,HIZA,TUNGSTENOS 2.4,1,5130.00,5130.00
2024-11-25,HIZA,PICOS 1.2,1,1340.00,1340.00
2024-11-25,HIZA,PORTAPICOS 250,1,3390.00,3390.00
2024-11-25,HIZA,TORCHAS 501 REPARADAS,1,42000.00,42000.00
2024-11-25,HIZA,EQUIPO GALAGAR MIG 4007 REPARACION DE MASA CON PINZA NUEVA,1,620000.00,620000.00
2024-11-26,ARGENGAS GROUP,OXIGENO A,1,1737.00,1737.00
2024-11-26,ARGENGAS GROUP,FLETE,1,32350.00,32350.00
2024-11-26,ARGENGAS GROUP,ALQUILER DE CILINDROS,1,206.00,206.00
2024-11-26,COINGAS,BUJE RED GALV 3 8 X 1 4 DEMA,1,813.49,813.49
2024-11-26,COINGAS,NIPLE GALV 1 2 X 15CM,1,3315.93,3315.93
2024-11-26,COINGAS,NIPLE GALV 3 4 X 15 CM,1,3997.71,3997.71
2024-11-26,COINGAS,NIPLE GALV 1 X 15CM,1,6198.00,6198.00
2024-11-26,COINGAS,NIPLE GALV 1 1 4 X 15CM,1,7871.46,7871.46
2024-11-26,COINGAS,NIPLE GALV 2 X 5 CM,1,13356.69,13356.69
2024-11-26,COINGAS,NIPLE GALV 2 1 2 X 15 CM,1,15711.93,15711.93
2024-11-26,COINGAS,NIPLE GALV 3 4 X 25CM,1,6383.94,6383.94
2024-11-26,COINGAS,NIPLE GALV 1 1 4 X 25 CM,1,12829.86,12829.86
2024-11-26,COINGAS,ROSCA C T GALV 1 2 DEMA,1,1456.53,1456.53
2024-11-26,COINGAS,ROSCA C T GALV 3 4 DEMA,1,1921.38,1921.38
2024-11-26,COINGAS,BUJE RED GALV 1 1 4 X 1 DEMA,1,2944.05,2944.05
2024-11-26,COINGAS,BUJE RED GALV 1 X 3 4 DEMA,1,1735.44,1735.44
2024-11-26,COINGAS,BUJE RED GALV 1 2 X 3 8 DEMA,1,1115.64,1115.64
2024-11-26,COINGAS,BUJE RED GALV 1 1 2 X 1 2 DEMA,1,3687.81,3687.81
2024-11-26,COINGAS,CODO GALV 1 1 2 90O MG DEMA,1,5926.84,5926.84
2024-11-26,COINGAS,CODO GALV 1 4 90O HH DEMA,1,1185.37,1185.37
2024-11-27,COINGAS,CODO GALV 3 4 90O HH DEMA,1,1510.76,1510.76
2024-11-27,CONSTRUMUNDO,BOLSAS CEMENTO 50KG AVELLANEDA,1,8099.17,8099.17
2024-11-27,CONSTRUMUNDO,BOLSAS CAL HIDRAT EXTRA 25KG,1,4049.59,4049.59
2024-11-27,CONSTRUMUNDO,ARENA C BOLSON 1TN,1,29752.07,29752.07
2024-11-27,HIERROS CASANOVA,UPN X 6MTS 80,1,88819.98,88819.98
2024-11-27,HIERROS CASANOVA,IPN X 6 MTS 80,1,61870.55,61870.55
2024-11-27,HIERROS CASANOVA,TUBOS USO MECANICO 4,1,141290.42,141290.42
2024-11-27,HIERROS CASANOVA,TUBOS USO MECANICO 21 2,1,58944.95,58944.95
2024-11-27,HIERROS CASANOVA,TUBOS USO MECANICO 2,1,54558.51,54558.51
2024-11-27,HIERROS CASANOVA,"CA EST RED 5 8X1,24",1,5329.92,5329.92
2024-11-27,HIERROS CASANOVA,CA EST RECT 80X40X2,1,36506.14,36506.14
2024-11-27,HIERROS CASANOVA,"CA EST CUAD 30X30X1,6",1,15166.76,15166.76
2024-11-27,HIERROS CASANOVA,RUEDA RULEMAN REFORZADAS 125MM,1,26480.04,26480.04
2024-11-27,HIERROS CASANOVA,ANGULOS 1X3 16,1,15754.97,15754.97
2024-11-27,DICA,ACOPLE DNM 2 ALUMINIO,1,5281.35,5281.35
2024-11-27,DICA,ACOPLE DTH ALUMINIO,1,11374.43,11374.43
2024-11-27,GIANNONI,PISOS ALBA GRIS CENIZA X 04,1,31208.84,31208.84
2024-11-28,HERRATURR,MECHA WIDIA 6MM 731129,1,1633.14,1633.14
2024-11-28,HERRATURR,TARUGO ESTANDAR DEL 8 CO8 X100,1,826.85,826.85
2024-11-28,HERRATURR,TORNILLO FIX 5X40,1,37.77,37.77
2024-11-28,BAIRES,22209 EKC 3W33,1,64600.00,64600.00
2024-11-28,BAIRES,SN 509,1,40800.00,40800.00
2024-11-28,BAIRES,H 309,1,6100.00,6100.00
2024-11-28,GIANNONI,ESMALTE A POLIU NEGRO SAT 0100,1,68872.00,68872.00
2024-11-28,GIANNONI,CONVERTIDOR 9013 X 1,1,27170.96,27170.96
2024-11-28,GIANNONI,SATINOL 2 EN 1 NEGRO X 04,1,32713.63,32713.63
2024-11-28,BALIO,CODO 1 LADO AJISTE 1 LADO GAS 5 8 X3 8,1,11857.98,11857.98
2024-11-28,BALIO,TUERCA AJUSTE CONICA 5 8 PASO FINO,1,6054.89,6054.89
2024-11-28,BALIO,MACHO HBRA 22MM X 3 8 GAS INT,1,4124.55,4124.55
2024-11-28,BALIO,CODO DE AJUSTE 5 8,1,980.62,980.62
2024-11-28,NEW GAS,GAR.10K.YPF GAS,1,9049.77,9049.77
2024-11-28,COINGAS,CODO GALV 1 4 90O MH DEMA,1,1231.85,1231.85
2024-11-29,COINGAS,CODO GALV 3 9 90 O MH DEMA,1,1534.01,1534.01
2024-11-30,COINGAS,CODO 1 90O MH DEMA,1,2858.83,2858.83
2024-12-02,COINGAS,CODO GALV 2 90O MG DEMA,1,9111.06,9111.06
2024-12-03,COINGAS,CUPLA C B GALV 3 8 DEMA,1,906.46,906.46
2024-12-04,COINGAS,CUPLA C B GALV 1 2 DEMA,1,906.46,906.46
2024-12-05,COINGAS,CUPLA C B GALV 1 1 4 DEMA,1,2789.10,2789.10
2024-12-06,COINGAS,CUPLA C B GALV 3 DEMA,1,18477.79,18477.79
2024-12-07,COINGAS,TAPA GALV 1 2 H DEMA,1,767.00,767.00
2024-12-08,COINGAS,TAPA GALV 1 1 4 H DEMA,1,1859.40,1859.40
2024-12-09,COINGAS,NIPLE GALV 1 4 X 5 CM,1,2578.37,2578.37
2024-12-27,DISTRIBUIDORA DIEZ,REFLECTOR LED 50W ALIC,1,10355.80,10355.80
2024-12-27,DISTRIBUIDORA DIEZ,FOTOCONTROL MOD VCF 05,1,9360.00,9360.00
2024-12-27,DISTRIBUIDORA DIEZ,LAMPARA 25W COLOR ROJO,1,1105.00,1105.00
2024-12-27,DISTRIBUIDORA DIEZ,LAMPARA HALOGENA 300W,1,2340.00,2340.00
2024-12-31,AVEDIS,ALQUILER DE TUBO,1,250.00,250.00
2024-12-02,ELECTRO TRAILER,JUEGOS DE PATAS DE APOYO B200 CORTA JOST,1,1225139.38,1225139.38
2024-12-02,ELECTRO TRAILER,CONJUNTO PERNO REY 2 JOST,1,448762.23,448762.23
2024-12-02,ELECTRO TRAILER,PERNO REY SOLO 2 JOST,1,244816.61,244816.61
2024-12-02,CONSTRUMUNDO,BOLSAS CEMENTO 50KG AVELLANEDA,1,8099.17,8099.17
2024-12-02,CONSTRUMUNDO,HIERRO ALETADO 10MM,1,12396.69,12396.69
2024-12-02,CONSTRUMUNDO,HIERRO ALETADO 6MM,1,5619.83,5619.83
2024-12-02,CONSTRUMUNDO,HIERRO ALETADO 8MM,1,8264.46,8264.46
2024-12-02,CONSTRUMUNDO,CLAVOS PUNTA PARIS 2,1,3842.98,3842.98
2024-12-02,CONSTRUMUNDO,VLAVOS PUNTA PARIS 2 1 2,1,3842.98,3842.98
2024-12-02,CONSTRUMUNDO,ALAMBRE DE FARDO POR KG,1,3842.98,3842.98
2024-12-02,FERRIN,CANO CON DOS TELAS 90MM,1,44922.00,44922.00
2024-12-02,FERRIN,CANO CON DOS TELAS 76MM,1,34349.00,34349.00
2024-12-02,FERRIN,CANO CON DOS TELAS 60MM,1,28830.00,28830.00
2024-12-02,SP ACCESORIOS,TANQUE DE AGUA 25L NEGRO C JABONERA,1,28287.45,28287.45
2024-12-02,SP ACCESORIOS,CONO BALIZADOR DE 55CM,1,20947.41,20947.41
2024-12-02,BURGOM,CORREA EVER WEAR B 076,1,19799.51,19799.51
2024-12-02,BURGOM,CORREA EVER WEAR B 044,1,11461.82,11461.82
2024-12-02,BURGOM,CORREA EVER WEAR B 062,1,16152.56,16152.56
2024-12-02,BURGOM,TRICOFLEX AL ALIMENTARIO ASP EXP 1 1 4,1,6325.37,6325.37
2024-12-02,BURGOM,CORREA EVER WEAR B 054,1,16669.94,16669.94
2024-12-02,BURGOM,CORREA EVER WEAR B 087,1,22661.34,22661.34
2024-12-02,BURGOM,ABRAZADERA TIPO AMERICANA 30 40 ART 300 .5,1,1198.22,1198.22
2024-12-02,AGUAYO,PERNO BAL 200MM CON TUERCA ALT MONT,1,49306.46,49306.46
2024-12-02,AGUAYO,TETON REPARACION 90X58X3 4 MANOTA DE CHAPA MONT,1,22856.75,22856.75
2024-12-02,AGUAYO,ARANDELA PERNO BAL MONT AV 11,1,1236.82,1236.82
2024-12-02,AGUAYO,BUJE BALANCIN MONT 206 5096 CIABAT,1,6229.86,6229.86
2024-12-02,AGUAYO,VALVULA A BOTON 5 VIAS 1 4 VE 30397,1,32183.70,32183.70
2024-12-02,INTERNET,PLAN 25 MB FTTH,1,10743.80,10743.80
2024-12-02,INTERNET,ABONO CORPORATIVO,1,619.83,619.83
2024-12-02,DACI,BULON G 5 HEX USS 5 8X3,1,1333.59,1333.59
2024-12-02,DACI,TUERCA AUTOFRENANTE 5 8 11USS,1,400.51,400.51
2024-12-03,STOCCO,"CASQUETE TORIESFERICO 2100 6,3",1,1054000.00,1054000.00
2024-12-03,VALVULAS ESTEBAN,VALVULAS BOTON 5 VIAS X 1 4,1,17398.52,17398.52
2024-12-03,NEW GAS,GAR.10K.YPF GAS,1,9049.77,9049.77
2024-12-04,TER,PLATO PORTACRUCETA N4576 DOBLE AGUJ CT726,1,261567.00,261567.00
2024-12-04,TER,PLATO P ORDEN DE TF N 1310 GRANDE 1160 974 OTRO,1,78047.00,78047.00
2024-12-04,ARGENGAS GROUP,OXIGENO A,1,1737.00,1737.00
2024-12-04,ARGENGAS GROUP,DIOXIDO DE CARBONO DE 30.00 KG,1,1148.00,1148.00
2024-12-04,ARGENGAS GROUP,FLETE,1,32350.00,32350.00
2024-12-04,ARGENGAS GROUP,ALQUILER DE CILINDROS,1,206.00,206.00
2024-12-04,DACI,BULON G 5 HEX WHIT 12 1 2X7,1,2040.09,2040.09
2024-12-04,DACI,TUERCA AUTOFRENANTE 1 2 12WITH,1,217.85,217.85
2024-12-04,CONSTRUMUNDO,BOLSAS CEMENTO 50KG AVELLANEDA,1,8099.17,8099.17
2024-12-04,CONSTRUMUNDO,LADRILLO COMUN,1,99.17,99.17
2024-12-05,GIANNONI,ESMALTE A POLIU BLANCO 0111 X 3700,1,60702.42,60702.42
2024-12-05,GIANNONI,CONVERTIDOR 9013 X 1,1,27170.96,27170.96
2024-12-05,GIANNONI,ZEOCAR MASILLA FINISH X 04,1,36855.84,36855.84
2024-12-05,GIANNONI,"VIRUTA MEDIANA X 0,330",1,2168.56,2168.56
2024-12-05,GIANNONI,"VIRUTA FINA X 0,330",1,2168.56,2168.56
2024-12-05,GIANNONI,LIJA AL AGUA AA 80,1,802.44,802.44
2024-12-05,CONSTRUMUNDO,ARENA C BOLSON 1TN,1,29752.07,29752.07
2024-12-05,CONSTRUMUNDO,PIEDRA PARTIDA C BOLSON 1TN,1,47933.88,47933.88
2024-12-05,CONSTRUMUNDO,BOLSAS CAL HIDRAT EXTRA 25KG,1,4049.59,4049.59
2024-12-05,AGUA PARICE,BIDONES DE AGUA,1,2893.00,2893.00
2024-12-06,GRAFICA EL TOKE,CALCO PRECAUCION Y MANTENIMIENTO SEMIRREMOLQUES OKM NO CIRCULAR OPERE EQUIPO A 750 RPM,1,2850.00,2850.00
2024-12-06,GRAFICA EL TOKE,CALCO PARA CARTEL DE EQUINA DE CALLE QUINTA,1,27000.00,27000.00
2024-12-06,TECNOPEG,NITRILO,1,86.65,86.65
2024-12-06,HIERROS CASANOVA,RODILLO TEFLON SIMPLES,1,3183.02,3183.02
2024-12-06,HIERROS CASANOVA,CA EST RECT 50X30X2,1,23580.10,23580.10
2024-12-06,HIERROS CASANOVA,VARIOS CORTES TUBO,1,113.59,113.59
2024-12-09,AVEDIS,CO2 INDUSTRIAL TUBO,1,1470.00,1470.00
2024-12-09,AVEDIS,ACARREO GASEOSO (21%),1,0.01,0.01
2024-12-09,ACOPLES SANCHEZ,LLAVE SALIDA,1,83720.00,83720.00
2024-12-09,ACOPLES SANCHEZ,"CAMACHO CON BASE 2""1 2",1,109100.00,109100.00
2024-12-09,ACOPLES SANCHEZ,"HEMBRA ROSCA MACHO ATMOSFERICO 2""1 2",1,33905.00,33905.00
2024-12-09,ACOPLES SANCHEZ,"TAPA MANIJA BRONCE 2""1 2",1,35800.00,35800.00
2024-12-09,DISTROPAR,CINTA PAPEL MULTIUSO 18X40,1,1453.87,1453.87
2024-12-09,DISTROPAR,HOJA LIJA AL AGUA 80,1,589.85,589.85
2024-12-09,AGUAYO,RESORTE SOSTEN MANGUERA LARGO P SEMA RR372G,1,9742.98,9742.98
2024-12-09,HIERROS CASANOVA,PLANCHUELA 1.1 4X3 16 PUNZ,1,17759.78,17759.78
2024-12-09,HIERROS CASANOVA,VARIOS CORTE TE,1,98.79,98.79
2024-12-09,TER,TF MB G330 NEUM MULT C PL EJE 4560,1,456147.00,456147.00
2024-12-09,TER,EJE PROLONGADOR MB G330 C PLACNEW 2019,1,255087.00,255087.00
2024-12-10,GIANNONI,AUTOPOLISH COLORIN X 0450,1,4592.25,4592.25
2024-12-10,GIANNONI,FARECLA G3 WAX EX CERA WAX TOP X0.500,1,20793.60,20793.60
2024-12-10,GIANNONI,SELLADOR PARA CORRECTORES X 0200,1,6166.25,6166.25
2024-12-10,ROSSI,RET. 6302LX DBH IND.ARG.,1,4500.00,4500.00
2024-12-10,ROSSI,SN 507 SOPORTE 42130 Y 16,1,22500.00,22500.00
2024-12-10,ROSSI,H 307 MANGUITO 230100104153189,1,6900.00,6900.00
2024-12-10,ROSSI,22207 EK SKF 89447 B 05,1,87500.00,87500.00
2024-12-10,BERKO,BAJADAS COMPLETAS CON CURVAS DE ALUMINIO Y TAPA CROMADA,1,47500.00,47500.00
2024-12-10,BERKO,MTS DE TUBO POLIAMIDA 1 4,1,1809.00,1809.00
2024-12-10,BERKO,MTS DE TUBO HYTRELL 5 16,1,2591.00,2591.00
2024-12-10,BERKO,ACOPLES DE CARROCERIA,1,21550.00,21550.00
2024-12-10,HELOU,SELLA CARROCERIA X 310,1,9214.64,9214.64
2024-12-10,HELOU,ABRAZADERA 60 80,1,855.00,855.00
2024-12-10,HELOU,ABRAZADERA 80 100,1,1046.00,1046.00
2024-12-10,GIANNONI,ESMALTE A. POLIU. NEGRO SATINADO. 0100 X 03,1,68132.90,68132.90
2024-12-10,GIANNONI,CONVERTIDOR 9013 X 1,1,27170.96,27170.96
2024-12-11,CONSTRUMUNDO,PIEDRA PARTIDA 1M3,1,42975.21,42975.21
2024-12-11,CONSTRUMUNDO,ARENA MT3,1,24793.39,24793.39
2024-12-11,CONSTRUMUNDO,ALAMBRE DE FARDO POR KG,1,3842.98,3842.98
2024-12-11,CONSTRUMUNDO,BOLSA CEMENTO 50 KG AVELLANEDA,1,8099.17,8099.17
2024-12-11,CONSTRUMUNDO,LADRILLO COMUN,1,99.17,99.17
2024-12-11,GIANNONI,FONDO EPOXI GRIS ANTI.8007 X 04,1,80236.38,80236.38
2024-12-11,GIANNONI,CONVERTIDOR EPOXI 9020 X 1,1,11889.12,11889.12
2024-12-11,GIANNONI,ESMALTE A. POLIU.NEGRO SAT 0100 X 04,1,68132.90,68132.90
2024-12-11,GIANNONI,CONVERTIDOR 9013 X 1,1,27170.96,27170.96
2024-12-11,COINGAS,LLAVES ESFERICAS 2 IMPORTADAS,1,38725.10,38725.10
2024-12-11,ACOPLES SANCHEZ,"ARANDELA ATMOSFERICO 2""1 2",1,1050.00,1050.00
2024-12-11,ACOPLES SANCHEZ,"ARANDELA ATMOSFERICO 3""",1,1490.00,1490.00
2024-12-11,ACOPLES SANCHEZ,"ARANDELA ATMOSFERICO 4""",1,10300.00,10300.00
2024-12-11,FABIO,"TUERCA EXAGONAL LIVIANA UNC GALV.AZUL 5 16""",1,15.38,15.38
2024-12-11,FABIO,"KGR DE ARANDELA PLANA HO GALV.AZUL 5 16""",1,3496.00,3496.00
2024-12-11,FABIO,"TUERCA EXAGONAL LIVIANA UNC NATURAL 3 4""",1,138.97,138.97
2024-12-11,DACI,"MANDRIL DE 13 MM 1 2""X 20UNF (1,5 A 13MM)",1,7098.02,7098.02
2024-12-11,DACI,BULON G2 ZN HEX 5 16X1,1,106.58,106.58
2024-12-12,AVEDIS,OXIGENO INDUSTRIAL TUBO,1,2149.74,2149.74
2024-12-12,AVEDIS,CO2 INDUSTRIAL TUBO,1,1661.75,1661.75
2024-12-12,AVEDIS,ACARREO GASEOSO (21%),1,71.20,71.20
2024-12-12,ACOPLES SANCHEZ,"MACHO ROSCA MACHO A.RAP.ALUMINIO 3""",1,28878.00,28878.00
2024-12-12,ACOPLES SANCHEZ,"TAPA A.RAP.ALUMINIO 4""",1,35593.00,35593.00
2024-12-12,ACOPLES SANCHEZ,"HEMBRA ROSCA MACHO A.RAP.ALUMINIO 4""",1,48756.00,48756.00
2024-12-12,ACOPLES SANCHEZ,DIFERENCIA CAMBIO DE PIEZAS,1,19000.00,19000.00
2024-12-16,STOCCO,"CASQUETE TORIESFERICO 2100 6,3",1,1054000.00,1054000.00
2024-12-16,ECONOVO,"JUNTA GIRAT 1 2"" 90O M H INOX 2000 PSI",1,562734.84,562734.84
2024-12-16,HIZA,APORTE 308 1.6,1,29500.00,29500.00
2024-12-16,GALPA,SK 511 AL 2 TAPA,1,49111.60,49111.60
2024-12-16,GALPA,SK 513 AL 3CON ROSCA DE 4,1,60869.25,60869.25
2024-12-16,COINGAS,"BUJE RED GALV 3"" X 2 1 2 DEMA",1,13248.23,13248.23
2024-12-17,HIERROS CASANOVA,U CHICO 50X25X5,1,37542.20,37542.20
2024-12-17,HIERROS CASANOVA,CA. EST. RECT. 80X40X2,1,35990.40,35990.40
2024-12-17,HIERROS CASANOVA,CA. EST. RECT. 50X30X2,1,24051.73,24051.73
2024-12-17,HIERROS CASANOVA,CERRADURAS TRABEX 2.104 TRABEX 2104 PP,1,635.19,635.19
2024-12-17,HIERROS CASANOVA,RUEDA RULEMAN REFORZADAS 125 MM.,1,27009.64,27009.64
2024-12-18,DISTRIBUIDORA DIEZ,ARTEFACTO C BRAZO TIPO PERA ART.40625,1,32905.60,32905.60
2024-12-18,DISTRIBUIDORA DIEZ,FOTOCONTROL MOD.VCF 05,1,9360.00,9360.00
2024-12-18,DISTRIBUIDORA DIEZ,CANO PARA ALUMBRADO DE 50,1,18703.10,18703.10
2024-12-18,DISTRIBUIDORA DIEZ,CAJA TABLEPLAST 1002CH,1,34971.30,34971.30
2024-12-18,DISTRIBUIDORA DIEZ,TOMA 10 AMP EXULT,1,937.30,937.30
2024-12-18,DISTRIBUIDORA DIEZ,REFLECTOR LED 50W RICHI,1,10839.40,10839.40
2024-12-18,DISTRIBUIDORA DIEZ,LAMPARA LED 48W ALIC E27,1,6184.10,6184.10
2024-12-18,DISTRIBUIDORA DIEZ,PANTALLA DE ALUMINIO DIAMETRO 40 TEA,1,10849.80,10849.80
2024-12-18,DISTRIBUIDORA DIEZ,GANCHOS DE ALUMINIO NO41,1,7273.50,7273.50
2024-12-18,DISTRIBUIDORA DIEZ,PORTALAMPARA DE PORCELANA EDISON,1,1040.00,1040.00
2024-12-18,DISTRIBUIDORA DIEZ,FICHA KALOP 2X16 CON TIERRA,1,3638.70,3638.70
2024-12-18,DISTRIBUIDORA DIEZ,BOLSA DE PRECINTOS SYBYD ALT4 NEGRO,1,3650.40,3650.40
2024-12-18,DISTRIBUIDORA DIEZ,BOLSA DE PRECINTOS SYBYD ALT5 NEGRO,1,4381.00,4381.00
2024-12-18,DISTRIBUIDORA DIEZ,BOLSA DE PRECINTOS SYBYD ALT3 NEGROS,1,2761.20,2761.20
2024-12-18,DISTRIBUIDORA DIEZ,LLAVE 1 PUNTO EXT EXULT,1,475.80,475.80
2024-12-18,DISTRIBUIDORA DIEZ,MODULO DE COMBINACION EXULT,1,608.40,608.40
2024-12-18,DISTRIBUIDORA DIEZ,MODULO DE TOMA EXULTT,1,499.20,499.20
2024-12-18,DISTRIBUIDORA DIEZ,BASTIDOR 3 MODULOS EXULTT,1,312.00,312.00
2024-12-18,DISTRIBUIDORA DIEZ,TAPA CIEGO RECTANGULAR EXULTT,1,296.40,296.40
2024-12-18,DISTRIBUIDORA DIEZ,CAJA RECTANGULAR PLASTICA RICHI,1,87.50,87.50
2024-12-18,DISTRIBUIDORA DIEZ,"MTS. CABLE 1X2,5MM",1,604.50,604.50
2024-12-18,DISTRIBUIDORA DIEZ,"MTS. CABLE 1X1,5MM",1,377.00,377.00
2024-12-18,DISTRIBUIDORA DIEZ,TAPON JELUZ,1,72.80,72.80
2024-12-18,DISTRIBUIDORA DIEZ,MTS CABLE T.T TALLER 2 X1.5,1,861.90,861.90
2024-12-18,ROSSI,RET. 9315LX DBH IND.ARG.,1,5500.00,5500.00
2024-12-18,ROSSI,RET. 5805MX DBH IND.ARG,1,6900.00,6900.00
2024-12-18,ROSSI,2 133 O'RING IND. ARG.,1,750.00,750.00
2024-12-19,GIANNONI,FONDO EPOXI GRIS ANTI. 8007 X 04,1,80236.38,80236.38
2024-12-19,GIANNONI,CONVERTIDOR EPOXI 9020 X 1,1,11889.12,11889.12
2024-12-20,TER,TF FS 4205 A NEUM.MULT. C PL,1,534709.00,534709.00
2024-12-20,KORMAT,VALV MARIPOSA WAFER 80 PAL,1,60552.00,60552.00
2025-01-02,TRV,TRV 53 AB,1,9300.00,9300.00
2025-01-02,INTERNET,PLAN 25 MB FTTH,1,10743.80,10743.80
2025-01-02,INTERNET,ABONO CORPORATIVO,1,619.83,619.83
2025-01-06,TER,TF EA11109LA NEUM.MULT.LA C PLFORD 1729 AUTOM 2016,1,615122.00,615122.00
2025-01-06,BURGOM,AGROTILENO 3X200 NEGRO,1,1080.00,1080.00
2025-01-06,BURGOM,CORREA EVER WEAR B 062,1,16152.56,16152.56
2025-01-06,BURGOM,ABRAZADERA TIPO AMERICANA 90 105 ART 3009,1,2276.24,2276.24
2025-01-06,BURGOM,CORREA EVER WEAR A 050,1,9106.51,9106.51
2025-01-06,BURGOM,HESKINS 25MM X 6MT NEGRO ANTIDESLIZANTE,1,20602.80,20602.80
2025-01-06,BURGOM,CORREA EVER WEAR B 061,1,15890.26,15890.26
2025-01-06,BURGOM,RUEDA FIJA 80MM. ART.4116,1,6251.04,6251.04
2025-01-06,BURGOM,RUEDA POLIP. GIRAT 80X30MM ART 4106 CON FRENO,1,11257.92,11257.92
2025-01-06,BURGOM,CORREA EVER WEAR B 064,1,16669.94,16669.94
2025-01-06,BURGOM,CAMISA OMBU AZULINO BEIGE. 38 48,1,25259.40,25259.40
2025-01-06,BURGOM,PANTALON OMBU AZULINO.BEIGE.BLANCO. 38 60,1,26609.80,26609.80
2025-01-06,BURGOM,CORREA EVER WEAR B 051,1,13436.85,13436.85
2025-01-06,BURGOM,SINTETICA 1 TELA 2MM. GU,1,6331.50,6331.50
2025-01-06,BURGOM,SINTETICA 1 TELA 6MM.GU,1,6331.50,6331.50
2025-01-15,KORMAT,VALV MARIPOSA WAFER 80 PAL,1,60552.00,60552.00
2025-01-21,NEW GAS,GAR.10K.YPF GAS,1,13122.17,13122.17
2025-01-22,DACI,COPA DIAMANTADA 10MM (IC04244582V),1,4347.04,4347.04
2025-01-22,DACI,FIX TORNILLO P MADERA 4 X 30,1,19.52,19.52
2025-01-22,DACI,TARUGO NT 8,1,40.95,40.95
2025-01-22,DACI,TARUGO NT 10,1,69.13,69.13
2025-01-22,DACI,TIRAFONDO HEXAG ZN BLANCO 3 16X1.1 2,1,44.07,44.07
2025-01-22,DACI,TIRAFONDO HEXAG ZN BLANCO 1 4X2,1,87.65,87.65
2025-01-22,DISTRIBUIDORA DIEZ,LAMPARA LED 48W E427 ALIC,1,6298.50,6298.50
2025-01-22,DISTRIBUIDORA DIEZ,ADAPTADOR TBC DE EDISON A GOLIATH,1,3086.20,3086.20
2025-01-22,DISTRIBUIDORA DIEZ,MTS. CABLE TIPO TALLER 2X1 MM,1,601.90,601.90
2025-01-22,DISTRIBUIDORA DIEZ,"MTS. CABLE TIPO TALLER 2X2,5MM",1,1344.20,1344.20
2025-01-22,DALIS,FOLIOS A4 X100 40MIC LAMA OFFICE,1,4729.14,4729.14
2025-01-22,DALIS,CUAD A4 ESP TF 84HJ AVON,1,2662.24,2662.24
2025-01-22,DALIS,PH LASER 35 36 78 85A FULL,1,5464.46,5464.46
2025-01-22,DALIS,RESMITA A4 80GRS 6222 2 BOREAL,1,6497.52,6497.52
2025-01-22,DALIS,VBOLIGRAFO OPACO,1,533.74,533.74
2025-01-22,DALIS,CORRECTOR LAPIZ,1,410.70,410.70
2025-01-22,DALIS,TIJERA 23CM,1,6922.89,6922.89
2025-01-22,DALIS,CARP A4,1,382.59,382.59
2025-01-22,DALIS,BROCHES A0X1000MT,1,802.06,802.06
2025-01-22,DALIS,TANQUE BALL POINT AZUL,1,3616.14,3616.14
2025-01-22,DALIS,PERFO METAL P 20HJS,1,4125.00,4125.00
2025-01-23,FABIO,"BULON PULIDO UNC GALV.AZUL 5 16X1""",1,42.00,42.00
2025-01-23,FABIO,"BULON PULIDO UNC GALV.AZUL 5 16X3""",1,116.00,116.00
2025-01-23,FABIO,TUERCA AUTOFRENANTE 5 8,1,224.00,224.00
2025-01-23,HIERROS CASANOVA,ANGULO 7 8X1 8,1,11169.20,11169.20
2025-01-23,HIERROS CASANOVA,ANGULO 1.1 4X3 16,1,20804.83,20804.83
2025-01-24,DALIS,BIBLIOR A4 L7CM CART GRIS EIFFEL,1,3360.00,3360.00
2025-01-24,DALIS,BR LASER TN 660 2320 TN 2370 I,1,7666.12,7666.12
2025-01-24,DALIS,CARBONICO AZUL X50H COXI COXI,1,13529.18,13529.18
2025-01-24,KORMAT,VALV MARIPOSA WAFER 65 PAL,1,50243.00,50243.00
2025-01-27,AVEDIS,OXIGENO INDUSTRIAL TUBO,1,2149.74,2149.74
2025-01-27,AVEDIS,ARGON TUBO,1,13502.88,13502.88
2025-01-27,AVEDIS,CO2 INDUSTRIAL TUBO,1,1661.75,1661.75
2025-01-27,AVEDIS,ACARREO GASEOSO (21%),1,0.01,0.01
2025-01-27,JMH,"11100 R 1 2""NPT 76 CM HG",1,24480.10,24480.10
2025-01-27,ZALOZE,"RED CON SCH 40 4 X 3""",1,26575.40,26575.40
2025-01-27,ZALOZE,"C.R.LARGO 90O SCH 40 2""",1,8455.96,8455.96
2025-01-27,MICRO,ACTUADOR 90 D.63 2E F05 F07,1,207.00,207.00
2025-01-27,MICRO,ADAPTADOR 14*11*16,1,3.11,3.11
2025-01-27,VALVULAS ESTEBAN,VALVULA BOTON 5 VIAS X 1 4,1,18014.17,18014.17
2025-01-27,VALVULAS ESTEBAN,CODO AJUSTE 90 TUBO 8 X 1 4M,1,3117.96,3117.96
2025-01-27,VALVULAS ESTEBAN,TUERCA AJUSTE TUBO 8 (X10),1,7362.31,7362.31
2025-01-27,VALVULAS ESTEBAN,VIROLA 8MM (X50),1,11137.89,11137.89
2025-01-27,VALVULAS ESTEBAN,CONEC. RECTO AJUSTE TU 8 X 1 4M,1,1619.97,1619.97
2025-01-27,VALVULAS ESTEBAN,CODO AJUSTE 90 TUBO 3 8 X 1 4M,1,2254.29,2254.29
2025-01-27,VALVULAS ESTEBAN,TUERCA AJUSTE C GUIA 3 8,1,846.95,846.95
2025-01-27,VALVULAS ESTEBAN,VIROLA 3 8 (X50),1,12306.80,12306.80
2025-01-27,VALVULAS ESTEBAN,CONEC. RECTO AJUSTE TU 3 8 X 1 4M,1,1067.01,1067.01
2025-01-27,VALVULAS ESTEBAN,TUERCA AJUSTE 3 8 (X10),1,6330.02,6330.02
2025-01-28,BURGOM,ROLLO RIEGO BLUE PRESS 3 4X50MTS,1,89256.20,89256.20
2025-01-28,BURGOM,CONEXION RAPIDO 3 4 REHAU ART 266955300 REHAU,1,4443.66,4443.66
2025-01-28,BURGOM,PISICINA N 38MM,1,2684.34,2684.34
2025-01-28,BURGOM,CORREA EVER WEAR B 059,1,16132.01,16132.01
2025-01-28,BURGOM,ART. 1056 APOYARADIADOR CHEV. PICK UP,1,1546.37,1546.37
2025-01-28,BURGOM,ADHESIVO DIGOCOL 250 CC.,1,3454.20,3454.20
2025-01-28,BURGOM,ALF.ORIG. CAMION CHEVROLET 68 73 661,1,70245.91,70245.91
2025-01-28,BURGOM,ESPUMA DE POLIETILENO C ALUMINIO 10 MM,1,2700.00,2700.00
2025-01-28,COINGAS,NIPLE GALV. 2 1 2 X 10CM,1,4363.39,4363.39
2025-01-28,ARGENGAS GROUP,OXIGENO A,1,1946.00,1946.00
2025-01-28,ARGENGAS GROUP,DIOXIDO DE CARBONO DE 30.00 KG,1,1285.00,1285.00
2025-01-28,ARGENGAS GROUP,ARGON S,1,10185.00,10185.00
2025-01-28,ARGENGAS GROUP,FLETE,1,36230.00,36230.00
2025-01-28,ARGENGAS GROUP,ALQUILER DE CILINDROS,1,230.70,230.70
2025-01-28,ROSSI,7137 ETMA,1,40000.00,40000.00
2025-01-30,Q10 QUIMICA,SILICONA INT X 5 LTS. MANZANA BOTELLON,1,30889.17,30889.17
2025-01-30,Q10 QUIMICA,REVIVIDOR CUBIERTAS X 5 LTS.,1,14081.47,14081.47
2025-01-30,APERAM,"3141 12003 CCC CON COSTURA 304 26,60 X 2,87L A 312",1,14198.45,14198.45
2025-01-30,APERAM,"5151 10767 LLAVE DE PASO 150 316 1.1 4 42,20",1,36045.26,36045.26
2025-01-30,APERAM,"5151 13992 LLAVE DE PASO 150 316 1 2 21,34 LT",1,23487.28,23487.28
2025-01-30,APERAM,"5151 10764 LLAVE DE PASO 150 316 3 4 26,60",1,16468.96,16468.96
2025-01-30,APERAM,"0102 23045 CHAPA 304 3,00 1250 X 2500 2B C1 A",1,4821.75,4821.75
2025-01-30,GIANNONI,TRIMAS MASILLA PLAST. TRAD X 04,1,23470.39,23470.39
2025-01-30,GIANNONI,THINNER HYDRA ORO X 18,1,74385.67,74385.67
2025-01-31,CONSTRUMUNDO,BOLSAS CAL HIDRAT EXTRA 25KG,1,4049.59,4049.59
2025-01-31,CONSTRUMUNDO,HIERRO ALETADO 6MM,1,5619.83,5619.83
2025-01-31,CONSTRUMUNDO,ALAMBRE DE FARDO POR KG,1,3842.98,3842.98
2025-01-31,CONSTRUMUNDO,CLAVOS PUNTA PARIS 2,1,3842.98,3842.98
2025-01-31,CONSTRUMUNDO,CLAVOS PUNTA PARIS 2 1 2,1,3842.98,3842.98
2025-01-31,CONSTRUMUNDO,ARENA MT3,1,26446.28,26446.28
2025-01-31,VAL ARG,"3028 05 VALV ESF. PT BRONCE CROMADO PTFE 3 4""",1,6816.73,6816.73
2025-01-31,VAL ARG,"3028 09 VALV. ESF. BRONCE PASO TOTAL 2""",1,39268.63,39268.63
2025-01-31,VAL ARG,"3028 10 VALV. ESF. BRONCE PASO TOTAL 2 1 2""",1,87973.33,87973.33
2025-01-31,VAL ARG,"3302 05 FILTRO ""Y"" BCE INOX BSP 3 4""",1,8652.41,8652.41
2025-02-03,COINGAS,"CODO GALV. 1"" 90 HH LATYN",1,2231.28,2231.28
2025-02-03,COINGAS,"CODO GALV. 3"" 90O MH DEMA",1,26496.45,26496.45
2025-02-03,COINGAS,"NIPLE GALV. 1"" X 15CM",1,2479.20,2479.20
2025-02-03,COINGAS,"NIPLE GALV. 1"" X 20CM",1,3309.73,3309.73
2025-02-03,COINGAS,NIPLE GALV. 2 1 2 X 25CM,1,10375.45,10375.45
2025-02-03,COINGAS,R.C.T. GALV. 3 4 LATYN,1,1115.64,1115.64
2025-02-03,COINGAS,BUJE RED GALV. 3 4 X 1 2 LATYN,1,743.76,743.76
2025-02-03,COINGAS,TEFLON 3 4 X 10 MTS PETROLERO,1,948.29,948.29
2025-02-03,COINGAS,SELLADOR H3 25 CC SALADILLO,1,1411.90,1411.90
2025-02-03,DACI,KG PASTA VT1 P PULIR COBRE BRONCE ALUMINIO,1,25811.49,25811.49
2025-02-03,INOXIDABLES PIERRI,"CODO 42,2 X 2 AISI 304",1,10740.00,10740.00
2025-02-03,INOXIDABLES PIERRI,MEDIO NIPLE 1 AISI 304,1,4200.00,4200.00
2025-02-03,INOXIDABLES PIERRI,"CANO 42,2 X 2 X 500 AISI 304",1,9000.00,9000.00
2025-02-04,VAL ARG,"3014 06 VALV. ESF. INOX. PASO TOTAL 2PZAS 1""",1,37867.31,37867.31
2025-02-04,VAL ARG,"3028 10 VALV. ESF. BRONCE PASO TOTAL 2 1 2""",1,88034.79,88034.79
2025-02-04,GIANNONI,FONDO EPOXI GRIS ANTI. 8007 X 04,1,80236.38,80236.38
2025-02-04,GIANNONI,CONVERTIDOR EPOXI 9020 X 1,1,11889.12,11889.12
2025-02-05,SANITARIOS ADRIANA,TEE 1 1 2 GLAVANIZADA,1,8223.14,8223.14
2025-02-05,GIANNONI,CONVERTIDOR EPOXI 9020 X 1,1,11889.12,11889.12
2025-02-05,AGUA PARICE,BIDONES DE AGUA,1,2893.00,2893.00
2025-02-05,DICA,"ACOPLE DNM 4"" ALUMINIO",1,15204.18,15204.18
2025-02-05,DICA,"ACOPLE DNM 3"" ALUMINIO",1,9455.60,9455.60
2025-02-05,DICA,"ACOPLE DNM 2 1 2"" ALUMINIO",1,8413.34,8413.34
2025-02-05,DICA,"ACOPLE DNM 2"" ALUMINIO",1,5522.93,5522.93
2025-02-05,DICA,"ACOPLE DTH 3"" ALUMINIO",1,11894.72,11894.72
2025-02-06,CERSOSIMO,BURLETE ESPONJA 8 X 80 MM,1,3882.54,3882.54
2025-02-06,CERSOSIMO,BURLETE ESPONJA 15 X 30 MM,1,2548.77,2548.77
2025-02-10,ULTRACOLOR,ALBAMIX(5353610) 4570111 POLIUR BLANCO A X4L,1,47297.14,47297.14
2025-02-10,ULTRACOLOR,ALBAMIX(5188812) 4590013 CONV P FDO 2K X1,1,26623.80,26623.80
2025-02-10,ULTRACOLOR,ALBAMIX 4570100 ESM PU ACRI NEGRO A X4L,1,49662.00,49662.00
2025-02-10,ULTRACOLOR,ALBAMIX 4570100 ESM PU ACRI BERMELLON A X4L,1,50716.02,50716.02
2025-02-10,ULTRACOLOR,ALBAMIX 4570100 ESM PU ACRI GRIS CHASIS A X4L,1,48716.05,48716.05
2025-02-10,ULTRACOLOR,ALBAMIX 4570100 ESM PU ACRI GRIS SCANIA OSC A X4L,1,49662.00,49662.00
2025-02-10,ULTRACOLOR,ALBAMIX(5353609) 4585007 FDO EPO ANTC W 4L,1,62517.30,62517.30
2025-02-10,ULTRACOLOR,ALBAMIX (5353672) 4590020 CONV FDO EPOX800,1,11273.91,11273.91
2025-02-10,ULTRACOLOR,ZEOCAR MASILLA POLIESTER X4K,1,24838.13,24838.13
2025-02-10,ULTRACOLOR,DIPROEL DILUY POLIURETANO X 200L,1,595200.00,595200.00
2025-02-10,ULTRACOLOR,DIPROEL DILUY ACRILICO X 200L,1,554280.00,554280.00
2025-02-11,CINGOLANI,LAC KG. CHAPA 3.20 X 1245 X 3000 SEMILLA MATERIAL PROCESADO,1,1253.00,1253.00
2025-02-11,BAIRES,RETEN 5432 LX DBH,1,1775.00,1775.00
2025-02-11,BAIRES,SN 509,1,35600.00,35600.00
2025-02-11,BAIRES,H 309,1,4900.00,4900.00
2025-02-11,BAIRES,22209 EKC3W33,1,65000.00,65000.00
2025-02-12,BURGOM,BARRERO CAMION UNIV.LISO C REF ESP. 62 X 74,1,32000.00,32000.00
2025-02-12,BURGOM,ABRAZADORA TIPO AMERICANA 90 105 ART3009,1,2276.24,2276.24
2025-02-12,BURGOM,ADHESIVO DIGOCOL 250 CC.,1,3454.20,3454.20
2025-02-12,BURGOM,PANTALON OMBU.AZULINO.BEIGE.BLANCO. 38 60,1,27140.40,27140.40
2025-02-12,BURGOM,DIFERENCIA BARREROS X GOMA PLANCHA,1,51239.67,51239.67
2025-02-12,BURGOM,CORREA EVER WEAR A 080,1,15298.67,15298.67
2025-02-12,BURGOM,"PISO PVC VINILICO GRIS BORDO AZUL COLONAL ANCHO 1,40 (RDAS)",1,22901.94,22901.94
2025-02-12,BURGOM,ART. 1230 FUELLE P CAMBIO DODGE PICK UP,1,9843.55,9843.55
2025-02-12,BURGOM,ESPUMA DE POLIETILENO C ALUMINIO 10 MM,1,2700.00,2700.00
2025-02-12,BURGOM,CORREA EVER WEAR B 063,1,17228.15,17228.15
2025-02-12,HIERROS CASANOVA,PLANCHUELAS 1X3 16,1,9661.60,9661.60
2025-02-12,HIERROS CASANOVA,PLANCHUELAS 5X1 4,1,79088.24,79088.24
2025-02-12,HIERROS CASANOVA,ANGULOS 7 8X1 8,1,11280.92,11280.92
2025-02-12,PATRACAS,"BOMBA D.M.C EN HO FO CON ENGRANAJES CEMENTADOS 3"" EJE LARGO CON CAJA Y RULEMAN",1,2320074.00,2320074.00
2025-02-13,NEW GAS,GAR.10K.YPF GAS,1,13574.66,13574.66
2025-02-13,DISTRIBUIDORA DIEZ,REFLECTOR LED 100W ALIC,1,20068.10,20068.10
2025-02-13,DISTRIBUIDORA DIEZ,REFLECTOR LED 50W ALIC,1,9777.30,9777.30
2025-02-13,DISTRIBUIDORA DIEZ,ROLLO DE CINTA SCOTCH 3M 770 X 20MTS,1,2470.00,2470.00
2025-02-13,DISTRIBUIDORA DIEZ,LAMPARA LED 14W ALIC,1,894.40,894.40
2025-02-13,DISTRIBUIDORA DIEZ,BOLSA DE PRECINTOSSYBYD ALT3 NEGROS,1,4998.50,4998.50
2025-02-13,DISTRIBUIDORA DIEZ,FICHA KALOP 2X16+N,1,4030.00,4030.00
2025-02-13,DISTRIBUIDORA DIEZ,BASE KALOP 2X16 +N,1,4420.00,4420.00
2025-02-13,PROVIN,"JUEGO DE NIVEL 1 2""",1,69972.50,69972.50
2025-02-13,PROVIN,"TUBO DE VIDRIO 5 8""",1,150710.00,150710.00
2025-02-14,AVEDIS,OXIGENO INDUSTRIAL TUBO,1,2149.74,2149.74
2025-02-14,AVEDIS,CO2 INDUSTRIAL TUBO,1,1661.75,1661.75
2025-02-14,AVEDIS,ACARREO GASEOSO (21%),1,0.01,0.01
2025-02-14,APERAM,"0102 23045 CHAPA 304 3,00 1250 X 2500 2B C1 A",1,4847.63,4847.63
2025-02-17,ZALOZE,"C.R.LARGO 90O SCH 40 3""",1,20233.50,20233.50
2025-02-17,ZALOZE,"C.R.LARGO 90O SCH 40 2 1 2""",1,14661.00,14661.00
2025-02-17,ZALOZE,"RED CON SCH 40 6 X 4""",1,73660.58,73660.58
2025-02-17,DICA,"ACOPLE DNM 4"" ALUMINIO",1,15253.70,15253.70
2025-02-17,DICA,"ACOPLE DNM 3"" ALUMINIO",1,9486.40,9486.40
2025-02-17,DICA,"ACOPLE DTH 3"" ALUMINIO",1,11933.48,11933.48
2025-02-17,DICA,ACOPLE DCE 2 1 2 ALUMINIO,1,11178.86,11178.86
2025-02-17,DICA,"ACOPLE DCE 3"" ALUMINIO",1,13949.32,13949.32
2025-02-18,DISTRIBUIDORA DIEZ,CONECTOR CURVO FT52 DAISA,1,12051.00,12051.00
2025-02-18,DISTRIBUIDORA DIEZ,TUERCA 1 2,1,837.20,837.20
2025-02-18,DISTRIBUIDORA DIEZ,CONECTOR RECTO DAYSA,1,4810.00,4810.00
2025-02-18,DISTRIBUIDORA DIEZ,CANO CORRUGADO DE 1 2,1,4262.70,4262.70
2025-02-18,DISTRIBUIDORA DIEZ,GANCHO ALUMINIO NO 41,1,7343.70,7343.70
2025-02-18,DISTRIBUIDORA DIEZ,PORTALAMPARA DE PORCELANA EDISON,1,832.00,832.00
2025-02-18,DISTRIBUIDORA DIEZ,PANTALLA ALUMINIO DIAM. 40,1,12949.30,12949.30
2025-02-18,DISTRIBUIDORA DIEZ,CAJA TABLEPLAST XCB 13 87,1,3589.30,3589.30
2025-02-18,DISTRIBUIDORA DIEZ,PRENSACABLE PVC 3 4 PERCAN PLAST,1,429.00,429.00
2025-02-18,DISTRIBUIDORA DIEZ,FICHA HEMBRA EXULT SALIDA LATERAL,1,702.00,702.00
2025-02-18,TANGLER,CINTA BLANCA 3M,1,343692.79,343692.79
2025-02-18,ALAMBRES RUMBOS,ALAMBRE MIG 70S6 DE 1.20 MM KG MARCA RMB COL MK24L1010,1,4056.93,4056.93
2025-02-20,GALPA,"MANG OIL ASPIR 1"" X 2.5 MT",1,117341.25,117341.25
2025-02-21,ARGENGAS GROUP,DIOXIDO DE CARBONO DE 30.00 KG,1,1285.00,1285.00
2025-02-21,ARGENGAS GROUP,OXIGENO A,1,1946.00,1946.00
2025-02-21,ARGENGAS GROUP,FLETE,1,36230.00,36230.00
2025-02-21,ARGENGAS GROUP,ALQUILER DE CILINDROS,1,230.70,230.70
2025-02-24,DISTRIBUIDORA DIEZ,MTS. CABLE 1X35MM,1,7772.70,7772.70
2025-02-24,DISTRIBUIDORA DIEZ,ROLLOS DE CINTA AISLADORA 20MTS TEMFLEX,1,1829.10,1829.10
2025-02-24,DISTRIBUIDORA DIEZ,LAMPARA LED 12W FRIAS ALIC,1,913.90,913.90
2025-02-24,DISTRIBUIDORA DIEZ,PORTALAMPARA CON CHICOTE,1,364.00,364.00
2025-02-24,DISTRIBUIDORA DIEZ,FICHA EXULT 2X10+N,1,772.20,772.20
2025-02-24,DISTRIBUIDORA DIEZ,BOLSA DE PRECINTOS SYBYD ALT.4 NEGROS,1,3794.70,3794.70
2025-02-24,DISTRIBUIDORA DIEZ,BOLSA DE PRECINTOS SYBYD ALT3 NEGROS,1,2951.00,2951.00
2025-02-24,DISTRIBUIDORA DIEZ,TERMINAL COBRE 35MM,1,536.90,536.90
2025-02-24,HIERROS CASANOVA,UPN X 6 MTS 100,1,112423.37,112423.37
2025-02-24,HIERROS CASANOVA,UPN X 6 MTS 80,1,92417.49,92417.49
2025-02-24,HIERROS CASANOVA,TUBOS USO MECANICO 3,1,82364.68,82364.68
2025-02-24,HIERROS CASANOVA,TUBOS USO MECANICO 21 2,1,60700.63,60700.63
2025-02-24,HIERROS CASANOVA,SEGURIDAD PARA MUROS PINCHE X MTSATORNILLAR,1,5389.26,5389.26
2025-02-25,ZALOZE,"C.R.LARGO 90O SCH 40 3""",1,18240.40,18240.40
2025-02-25,ZALOZE,"C.R.LARGO 90O SCH 40 2 1 2""",1,13225.38,13225.38
2025-02-25,ZALOZE,"RED CON SCH 40 4 X 3""",1,24172.02,24172.02
2025-02-25,ZALOZE,"RED CON SCH 40 6 X 4""",1,66441.62,66441.62
2025-02-26,INOXIDABLES PIERRI,CANO 60.3 X 2 AISI 304,1,23673.90,23673.90
2025-02-26,AVEDIS,CO2 INDUSTRIAL TUBO,1,1661.75,1661.75
2025-02-26,AVEDIS,ACARREO GASEOSO (21%),1,0.01,0.01
2025-02-27,DEELS,BARRA DE FUND. GRIS. CC 80X55MM CORTE,1,8111.25,8111.25
2025-02-28,JMH,"22100 R 1 2""NPT 76 CM HG",1,35697.75,35697.75
2025-02-28,FOURCADE,ESPARRAGOS 5 8 X 420 C TUERCA,1,4450.00,4450.00
2025-02-28,AVEDIS,ALQUILER DE TUBO,1,250.00,250.00
2025-02-28,ELECTRO TRAILER,"PR00013J00 CONJUNTO PERNO REY 2"" JOST",1,221269.65,221269.65
2025-02-28,VENETO,BALANCIN MH 75 X 110 P MANOTA FUNDICION,1,154989.49,154989.49
2025-02-28,VENETO,"PERNO TENSOR 1""X 140",1,5892.54,5892.54
2025-02-28,VENETO,BUJE TENSOR MH 1 X 78,1,9005.26,9005.26
2025-02-28,VENETO,"TUERCA AUTOFRENANTE 1"" SAE UNF 14 PASO PINO",1,1145.65,1145.65
2025-02-28,VENETO,BUJE BALANCIN MH 86 CORTO,1,13070.13,13070.13
2025-02-28,BAIRES,SN 509,1,35600.00,35600.00
2025-02-28,BAIRES,H 309,1,4900.00,4900.00
2025-02-28,BAIRES,22209 EKC3W33,1,65000.00,65000.00
2025-02-28,ACSA,"8.25 X 22,5 10 AG PHASE IV",1,118500.00,118500.00
2025-02-28,ACSA,VALVULAS TIPO SCHRADER P RUEDA,1,5200.00,5200.00
2025-02-28,BOMBAS PUENTE,BOMBA DE VACIO MODELO S 90. MARCA REGISTRADA MINYMASPRES,1,7007784.25,7007784.25
2025-02-28,ELECTRO TRAILER,MPSU0042 PLAQUETA SUPERIOR ELASTICO 75MM DE FUNDICION (MEDIA CANA) ALT NAC,1,22787.52,22787.52
2025-02-28,ELECTRO TRAILER,TERE0007 TENSOR MH REGULABLE 400 450 MM ALT NAC,1,75344.66,75344.66
2025-03-05,TRV,TVR 53 AB,1,9600.00,9600.00
2025-03-05,BURGOM,ADHESIVO DIGOCOL 250 CC.,1,3626.91,3626.91
2025-03-05,BURGOM,REGATON CUADRADO 50X50,1,352.80,352.80
2025-03-05,BURGOM,CORREA EVER WEAR B 064,1,17499.29,17499.29
2025-03-05,BURGOM,CORREA EVER WEAR B 044,1,12032.06,12032.06
2025-03-05,BURGOM,RUEDA GIRATORIA C FRENO 50 MM 168 4,1,2224.80,2224.80
2025-03-05,BURGOM,RUEDA GIRATORIA 50MM. ART.168,1,1799.28,1799.28
2025-03-05,BURGOM,PANTALON OMBU AZULINO.BEIGE.BLANCO. 38 60,1,27140.40,27140.40
2025-03-05,HIZA,TOBERAS 250,1,6100.00,6100.00
2025-03-05,HIZA,PICOS M6 1.2,1,1440.00,1440.00
2025-03-05,HIZA,VIDRIOS 11,1,1380.00,1380.00
2025-03-05,HIZA,VIDRIOS TRANSPARENTES,1,450.00,450.00
2025-03-05,GEC,DCOFQP T1890 L600 AB0O KITABS RAUT,1,1462380.00,1462380.00
2025-03-05,GEC,DCOFQP T1890 L520 CSTD KITABS RAUT,1,1462380.00,1462380.00
2025-03-06,LUBRICENTRO RUTA,ACEITE TRASMISION,1,4462.81,4462.81
2025-03-06,PLASMA CONTROL,ELECTRODO,1,9000.00,9000.00
2025-03-06,PLASMA CONTROL,TOBERA,1,9100.00,9100.00
2025-03-06,TER,TF MB G221 NEUM.MULT. C PL,1,456147.00,456147.00
2025-03-06,TER,EJE PROLONGADOR MB G221 C PLAC ( 211MM ),1,191751.00,191751.00
2025-03-07,HIDRONOVA,ADAPTADOR JIC X NPT 1 5 16 X 3 4,1,12063.20,12063.20
2025-03-07,CONSTRUMUNDO,BOLSA CEMENTO 50KG AVELLANEDA,1,8099.17,8099.17
2025-03-07,CONSTRUMUNDO,ARENA MT3,1,26446.28,26446.28
2025-03-07,CONSTRUMUNDO,BOLSAS CAL HIDRAT EXTRA 25KG,1,4049.59,4049.59
2025-03-07,MERCEDES BENZ,VAR INTERRUPTOR TOMA,1,52822.25,52822.25
2025-03-10,DISTROPAR,"DS. PLANOS OXIDO P SENSITIVA SECUR 350X3,2X25",1,7358.12,7358.12
2025-03-10,AGUA PARICE,BIDONES DE AGUA,1,2893.00,2893.00
2025-03-10,VAL ARG,"3028 12 VALV. ESF. BRONCE PASO TOTAL 4""",1,213654.51,213654.51
2025-03-10,VAL ARG,"3028 11 VALV. ESF BRONCE PASO TOTAL 3""",1,137519.25,137519.25
2025-03-10,VAL ARG,"3028 04 VALV. ESF. PT BRONCE CROMADO PRFE 1 2""",1,4605.70,4605.70
2025-03-10,HIERROS CASANOVA,UPN X 6 MTS. 80,1,93697.88,93697.88
2025-03-10,HIERROS CASANOVA,IPN X 6 MTS. 80,1,65272.60,65272.60
2025-03-10,HIERROS CASANOVA,PLANCHUELAS 5X1 4,1,79088.24,79088.24
2025-03-10,HIERROS CASANOVA,ANGULOS 1X3 16,1,16393.08,16393.08
2025-03-10,HIERROS CASANOVA,TUBOS USO MECANICO 3,1,82364.68,82364.68
2025-03-10,HIERROS CASANOVA,TUBOS USO MECANICO 1,1,28574.45,28574.45
2025-03-10,HIERROS CASANOVA,TUBOS USO MECANICO 2,1,56183.54,56183.54
2025-03-10,HIERROS CASANOVA,ANGULOS 1.1 4X3 16,1,21012.95,21012.95
2025-03-10,HIERROS CASANOVA,ANGULOS 7 8X1 8,1,11280.92,11280.92
2025-03-10,HIERROS CASANOVA,CUADRADOS 5 8,1,17730.36,17730.36
2025-03-11,DACI,BULON C REDONDA C C SIN TUERCA 8X38,1,173.96,173.96
2025-03-11,DACI,BULON C REDONDA C C SINTUERCA 12X63,1,635.89,635.89
2025-03-11,DACI,TUERCA AUTOFRENANTE 1 2 12 WITH,1,217.85,217.85
2025-03-11,COINGAS,"CODO GALV. 2"" 90O MH LATYN",1,8379.70,8379.70
2025-03-11,COINGAS,"CODO GALV. 3"" 90O MH DEMA",1,26496.45,26496.45
2025-03-12,FABIO,"BULON PULIDO UNC GALV.AZUL 5 16X1""",1,42.00,42.00
2025-03-12,WACKER,"DISCOPARADESBASTESECUREXTRA178X7,0X22 A30Q BFX",1,4046.93,4046.93
2025-03-12,WACKER,FLAPSTANDARD28N115ZA 80,1,2449.68,2449.68
2025-03-14,HERRATURR,BISAGRA MUNICION 100 X 37 H. PULIDO,1,1695.70,1695.70
2025-03-01,INTERNET,MGW 50 MB FTTH,1,14049.59,14049.59
2025-03-01,INTERNET,ABONO CORPORATIVO,1,619.83,619.83
2025-03-05,BURGOM,PANTALON OMBU AZULINO BEIGE BLANCO 36 60,1,27140.40,27140.40
2025-03-05,AGUAYO,"CAMPANA DE FRENO 8"" AGUJ RANDON 765 6 3139A1",1,303224.94,303224.94
2025-03-05,AGUAYO,BALANCIN DE CHAPA PARA ELASTICO DE 75MM C B 7975,1,178850.92,178850.92
2025-03-05,GEC,DCOFQP T1890 L600 AB0 KITABS RAUT,1,1462380.00,1462380.00
2025-03-05,GEC,DCOFQP T1890 L520 CSTF KITABS RAUT,1,1462380.00,1462380.00
2025-03-07,MERCEDES BENZ,ACT SOPORTE DE GOMA DE,1,20304.78,20304.78
2025-03-07,MERCEDES BENZ,AX SOPORTE GOMA,1,53674.05,53674.05
2025-03-07,RUBINETTI,650A,1,6270.00,6270.00
2025-03-07,RUBINETTI,650R,1,6270.00,6270.00
2025-03-07,RUBINETTI,650V,1,6270.00,6270.00
2025-03-07,RUBINETTI,650C,1,6270.00,6270.00
2025-03-07,RUBINETTI,103,1,4500.00,4500.00
2025-03-07,RUBINETTI,850R,1,22220.00,22220.00
2025-03-10,DISTROPAR,"DS PLANOS OXIDO P SEMSITIVA SECUR 350X3,2X25",1,7358.12,7358.12
2025-03-10,HIERROS CASANOVA,UPN X 6 MTS 80,1,93697.68,93697.68
2025-03-10,HIERROS CASANOVA,IPN X 6 MTS 80,1,65272.60,65272.60
2025-03-11,DACI,BULON C REDONDA C C TUERCA 8X38,1,173.96,173.96
2025-03-11,COINGAS,"CODO GALV 2"" 90 MF LATYN",1,8379.70,8379.70
2025-03-11,COINGAS,"CODO GALC 3"" 90 MH DEMA",1,26496.45,26496.45
2025-03-11,ARGENGAS GROUP,OXIGENO A,1,1946.00,1946.00
2025-03-11,ARGENGAS GROUP,FLETE,1,36230.00,36230.00
2025-03-11,ARGENGAS GROUP,ALQUILER DE CILINDROS,1,230.70,230.70
2025-03-11,GIANNONI,S.W BARNIZ ALT SOLIDO 8937 X 05,1,99187.21,99187.21
2025-03-11,GIANNONI,S.W ENDURECEDOR RAPIDO 066 X 0.834,1,29915.92,29915.92
2025-03-12,FABIO,"BULON PULIDO UNC GALV AZUL 5 16X1""",1,105.00,105.00
2025-03-12,DISTRIBUIDORA DIEZ,LAMPARA 12W FRIAS ALIC,1,784.80,784.80
2025-03-12,DISTRIBUIDORA DIEZ,ROLLO DE CINTA AISLADORA 20MTS TEMFLEX,1,1829.10,1829.10
2025-03-12,DISTRIBUIDORA DIEZ,LAMPARA LED 50W IDOLER,1,5678.40,5678.40
2025-03-12,DISTRIBUIDORA DIEZ,ADAPTADOR TBC DE EDISON A GOLIATH,1,2951.00,2951.00
2025-03-12,DISTRIBUIDORA DIEZ,BOLSA DE PRECINTOS SYBYD ALT3 NEGROS,1,2951.00,2951.00
2025-03-12,DISTRIBUIDORA DIEZ,PORTALAMPARA C CHICOTE,1,358.80,358.80
2025-03-12,DISTRIBUIDORA DIEZ,FICHA HEMBRA 10AMP P CH RICHI,1,1043.90,1043.90
2025-03-12,DISTRIBUIDORA DIEZ,FICHA MACHO 10AMP P CH RICHI,1,1043.90,1043.90
2025-03-12,WACKER,"DISCO PARA DEBASTESE CUREXTRA 178X7 , 0X22 A30Q BFX",1,4496.59,4496.59
2025-03-12,WACKER,FLAP STANDARD 28N115ZA 80,1,2721.86,2721.86
2025-03-12,TRV,TRV 53 AB,1,9600.00,9600.00
2025-03-13,COINGAS,CUPLA C B GALV 1 2 LATYN,1,842.93,842.93
2025-03-13,COINGAS,TAPON GALV 1 2 M LATYN,1,570.22,570.22
2025-03-13,COINGAS,"BUJE RED GALV 3"" X 2 1 2 DEMA",1,13248.23,13248.23
2025-03-14,HERRAJES TURRIN,BISAGRA MUNICION 100 X 37 H. PULIDO,1,1695.70,1695.70
2025-03-14,AVEDIS,OXIGENO INDUSTRIAL TUBO,1,2149.74,2149.74
2025-03-14,AVEDIS,CO2 INDUSTRIAL TUBO,1,1661.75,1661.75
2025-03-14,AVEDIS,ACARREO GASEOSO (21%),1,0.01,0.01
2025-03-14,DI GILIO,KIT LEVANTA EJES 2 EJE,1,406515.50,406515.50
2025-03-14,DI GILIO,ACOPLE CANO = 8X6 Y ROSCA=1 4,1,4654.30,4654.30
2025-03-14,DI GILIO,"ACOPLE CANO = 8X6 Y ROSCA=12X 1,5",1,4283.70,4283.70
2025-03-14,DI GILIO,"UNION TODO ROSCA 12X1,5",1,5668.00,5668.00
2025-03-14,DI GILIO,CABLE RULO ISO 7638 15PINS,1,238710.00,238710.00
2025-03-14,DI GILIO,FICHA 15 PINES HEMBRA,1,80660.00,80660.00
2025-03-14,DI GILIO,SPRING 30 30 303MM ROSCA 3 8,1,49979.00,49979.00
2025-03-14,DI GILIO,KIT 4S3M T ABS SR 1+2 EJES,1,890115.13,890115.13
2025-03-14,DI GILIO,VALVULA 2 2 VIAS BLOQUE 3 EJE,1,16873.35,16873.35
2025-03-14,DI GILIO,KIT CONEXIONES 4S3M KN,1,118645.80,118645.80
2025-03-14,DI GILIO,SENSOR ABS 90 1MT + CLIP,1,32595.00,32595.00
2025-03-14,DI GILIO,PORTA SENSOR ABS EBS,1,3139.00,3139.00
2025-03-14,DI GILIO,VALV DESC RAP Y 2 VIAS P FORD,1,74631.69,74631.69
2025-03-14,DI GILIO,VAVL ESTACIONAMIENTO AE4311,1,201002.50,201002.50
2025-03-14,DI GILIO,PULMON DELANTERO 30,1,17655.25,17655.25
2025-03-14,DI GILIO,KIT CONEXIONES SPRING X EJE,1,21197.62,21197.62
2025-03-14,DI GILIO,KIT CONEXIONES PULMON X EJE,1,8159.62,8159.62
2025-03-14,DI GILIO,TANQUE DE AIRE 115L C SOPORTE,1,242800.15,242800.15
2025-03-14,DI GILIO,KIT CONEX PARA TANQUE 115,1,24750.47,24750.47
2025-03-14,DI GILIO,KIT A A U TBA 28D EUROBRAKE,1,88354.18,88354.18
2025-03-14,DI GILIO,TUBO POLIAMIDA MULTICAPA 12X9,1,1640.62,1640.62
2025-03-14,DI GILIO,TUBO POLIAMIDA 16 X 12 NEGRO,1,1336.40,1336.40
2025-03-14,DI GILIO,TUBO POLIAMIDA 8 X 6 NEGRO,1,358.55,358.55
2025-03-17,DICA,"ACOPLE DNM 2 1 2"" ALUMINIO",1,8519.04,8519.04
2025-03-17,DISTRIBUIDORA DIEZ,LAMPRA LED 50W IDOLER,1,5678.40,5678.40
2025-03-17,DISTRIBUIDORA DIEZ,FOTOCONTROL ELECTRONICO VC VCF 03E,1,8178.30,8178.30
2025-03-17,CYLGEM,SIRENA DE RETROCESO CON ENTRADA,1,24422.74,24422.74
2025-03-17,DISTRIBUIDORA DIEZ,LAMPARA LED 50W IDOLER,1,5678.40,5678.40
2025-03-17,DISTRIBUIDORA DIEZ,REFLECTOR LED 100W JEG,1,15589.60,15589.60
2025-03-17,DISTRIBUIDORA DIEZ,GANCHOS DE ALUMINIO NO41,1,7434.70,7434.70
2025-03-17,DISTRIBUIDORA DIEZ,PORTALAMPARA DE PORCELANA EDISON,1,653.90,653.90
2025-03-17,DISTRIBUIDORA DIEZ,FOTOCONTROL MOD.VCF 05,1,6193.20,6193.20
2025-03-17,DISTRIBUIDORA DIEZ,PANTALLA DE ALUMINIO DIAMETRO 40 TEA,1,13172.90,13172.90
2025-03-17,GIANNONI,ESMALTE A POLIU NEGRO SAT 0100 X03,1,54090.32,54090.32
2025-03-17,GIANNONI,CONVERTIDOR 9013 X 1,1,27170.96,27170.96
2025-03-17,GIANNONI,DURALBA EXTERIORES BCO X 04,1,20661.29,20661.29
2025-03-17,GIANNONI,BRIKOL IMPERMEABILIZANTE AL AGUA X O4,1,10789.60,10789.60
2025-03-17,CONSTRUMUNDO,ARENA C BOLSON 1TN,1,31404.96,31404.96
2025-03-17,CONSTRUMUNDO,PIEDRA PARTIDA C BOLSON 1TN,1,47933.88,47933.88
2025-03-17,CONSTRUMUNDO,"MALLA 15X15 H 4,2 DE 2X5M",1,21074.38,21074.38
2025-03-17,CONSTRUMUNDO,BOLSAS CEMENTO 50KG AVELLANEDA,1,8099.17,8099.17
2025-03-18,ROSSI,UCP 208 TROPOL,1,19500.00,19500.00
2025-03-18,CONSTRUMUNDO,ALAMBRE GALVANIZADO N14 X KG,1,5712.40,5712.40
2025-03-18,CONSTRUMUNDO,HIERRO ALETADO 12MM,1,18181.82,18181.82
2025-03-18,CONSTRUMUNDO,HIERRO ALETADO 6MM,1,5619.83,5619.83
2025-03-18,CONSTRUMUNDO,ARENA MT3,1,26446.28,26446.28
2025-03-18,CONSTRUMUNDO,BOLSAS CEMENTO 50KG AVELLANEDA,1,8099.17,8099.17
2025-03-18,CONSTRUMUNDO,ALAMBRE DE FARDO POR KG,1,3842.98,3842.98
2025-03-18,CONSTRUMUNDO,CLAVOS PUNTA PARIS 2 1 2,1,3842.98,3842.98
2025-03-18,AGUAYO,MANOTA CENTRAL CHAPA MONT M160 1061,1,203798.40,203798.40
2025-03-18,AGUAYO,PERNO BAL 150MM CON TUERCA ALTA MONT,1,44097.25,44097.25
2025-03-18,AGUAYO,ARANDELA PERNO BAL MONT AV11,1,1469.42,1469.42
2025-03-18,AGUAYO,BALANCIN MANOTA DE CHAPA EMBUJADO MONT 206 2 021,1,208571.52,208571.52
2025-03-18,AGUAYO,BUJE BAL POLIPROPILENO CORTO MONT 85MM,1,8283.04,8283.04
2025-03-18,AGUAYO,TETON REPARACION TENSOR 7 8 ESP 9MM,1,3894.86,3894.86
2025-03-18,AGUAYO,"TETON REPARACION TENSOR 1"" ESP 9MM",1,3894.86,3894.86
2025-03-18,AGUAYO,BUJE TENSOR 7 8 X 47 X 78 MM MONT 2005 302116,1,6239.13,6239.13
2025-03-27,BURGOM,BOTA NEGRA PVC N 38 46 LN,1,21496.68,21496.68
2025-03-27,BURGOM,BOTA NAUTICA C CUELLO AMAR AZUL 39 44 960,1,28788.84,28788.84
2025-03-27,BURGOM,HIDROCARB C 8X13,1,1196.55,1196.55
2025-03-27,BURGOM,CUERDA _04.00 MM GOMA SINTETICA,1,1260.83,1260.83
2025-03-27,BURGOM,ABRAZADERA TIPO AMERICANA 90 105 ART 3009,1,2276.24,2276.24
2025-03-27,BURGOM,CORREA EVER WEAR B 50,1,13670.90,13670.90
2025-03-27,BURGOM,PV 14 BAUL GRANDE C PESTANA,1,3228.30,3228.30
2025-03-27,BURGOM,CORREA EVER WEAR B 076,1,20784.56,20784.56
2025-03-27,BURGOM,CORREA EVER WEAR B 049,1,13399.56,13399.56
2025-03-28,COINGAS,TAPA GALV 1 1 4 H LATYN,1,1760.23,1760.23
2025-03-28,WACKER,PROT AUDITIVO QUANTUN C7 CORDEL (LIBUS),1,436.36,436.36
2025-03-28,WACKER,HOJA AL AGUA WA70 320,1,422.80,422.80
2025-03-28,DI GILIO,KIT 4S3M T ABS SR 1+2 EJES,1,849815.00,849815.00
2025-03-28,DI GILIO,VALVULA 2 2 VIAS BLOQUE 3 EJE,1,16916.05,16916.05
2025-03-28,DI GILIO,KIT CONEXIONES 4S3M KN,1,118728.25,118728.25
2025-03-28,DI GILIO,SENSOR ABS 90 1MT + CLIP,1,32677.50,32677.50
2025-03-28,DI GILIO,PORTA SENSOR ABS EBS,1,3147.93,3147.93
2025-03-28,DI GILIO,VALV DESC RAP Y 2 VIAS P FORD,1,74820.58,74820.58
2025-03-28,DI GILIO,VALV ESTACIONAMIENTO AE4311,1,201541.25,201541.25
2025-03-28,DI GILIO,"PULMON DELANTERO 30""",1,17700.31,17700.31
2025-03-28,DI GILIO,KIT CONEXIONES PULMON X EJE,1,8180.27,8180.27
2025-03-28,DI GILIO,KIT CONEX PARA TANQUE 115,1,24813.12,24813.12
2025-03-28,DI GILIO,TANQUE DE AIRE 115L C SOPORTE,1,243414.70,243414.70
2025-03-28,DI GILIO,TUBO POLIAMIDA MULTICAPA 12X9,1,1644.77,1644.77
2025-03-28,DI GILIO,TUBO POLIAMIDA 16X12 NEGRO,1,1339.78,1339.78
2025-03-28,DI GILIO,TUBO POLIAMIDA 8X6 NEGRO,1,359.45,359.45
2025-03-28,DI GILIO,SPRING 30 30 250MM,1,50105.50,50105.50
2025-03-28,DI GILIO,KIT CONEXIONES SPRING X EJE,1,21251.27,21251.27
2025-03-31,AVEDIS,CO2 INDUSTRIAL TUBO,1,1661.75,1661.75
2025-03-31,AVEDIS,ACARREO GASEOSO (21%),1,0.01,0.01
2025-03-31,CERSOSIMO,BURLETE ESPONJA 6X30MM,1,1153.08,1153.08
2025-03-31,CERSOSIMO,BURLETE ESPONJA 15X30MM,1,2594.41,2594.41
2024-04-10,INTERNET,MGW 50 MB FTTH,1,14049.59,14049.59
2024-04-10,INTERNET,ABONO CORPORATIVO,1,619.83,619.83
2025-04-01,DICA,"ACOPLE DNM 3"" ALUMINIO",1,9622.80,9622.80
2025-04-01,GIANNONI,CETOL B NAUTURAL X 04,1,42225.46,42225.46
2025-04-01,GIANNONI,LIJA AL AGUA AA 80,1,775.68,775.68
2025-04-01,BURGOM,CORREA EVER WEAR B 066,1,18815.94,18815.94
2025-04-01,BURGOM,ADHESIVO DIGOCOL 250 CC.,1,3626.91,3626.91
2025-04-01,CONSTRUMUNDO,HIERRO ALETADO 12MM,1,18181.82,18181.82
2025-04-01,CONSTRUMUNDO,HIERRO ALETADO 10MM,1,12396.69,12396.69
2025-04-01,CONSTRUMUNDO,HIERRO ALETADO 6MM,1,5619.83,5619.83
2025-04-01,CONSTRUMUNDO,BOLSAS CEMENTO 50KG AVELLANEDA,1,8099.17,8099.17
2025-04-01,CONSTRUMUNDO,ALAMBRE DE FARDO POR KG,1,3842.98,3842.98
2025-04-01,MECANSUR,LAT MULT NEUMATICA,1,636000.00,636000.00
2025-04-01,TER,TF 3F 9A 1110 NEUM MULT P C PLRENAULT MIDLUM,1,455147.00,455147.00
2025-04-01,TER,EJE PROLONGADOR TF ZF 9S 1110 ZF 9S 1110 TO,1,269449.00,269449.00
2025-04-03,DACI,ESPARRAGO (12) 1 2X9 16X 70,1,1883.48,1883.48
2025-04-03,DACI,"1 5 MACHO BREMEN C.2 BSW (10) 9 16"" X 12 [5 UNID]",1,19997.77,19997.77
2025-04-03,DACI,SILOC 8500 X 98G,1,14989.44,14989.44
2025-04-03,BALIO,K 215011 AJUSTE VIROLA MACHO GAS 1 2X1 4,1,2403.42,2403.42
2025-04-03,BALIO,K 215206 AJUSTE VIROLA MACHO GAS 6MM X1 4 GAS,1,1734.69,1734.69
2025-04-03,BALIO,K 230002 ENTRE ROSCA HEMBRA HEMBRA 1 4,1,1840.77,1840.77
2025-04-03,BALIO,CMD AL 105 9 ARANDELA DE ALUMINIO DE 12X17 X 1.25,1,62.56,62.56
2025-04-03,BALIO,MG 1250 ESP. 1 2 X 50 UNF UNC,1,1474.99,1474.99
2025-04-03,BALIO,MG GEP 3339 TUERCA 1 2 UNF ALTA,1,1216.22,1216.22
2025-04-03,BALIO,MG GEP 3333 CONO DE PALIERS 1 2,1,1009.20,1009.20
2025-04-03,LUBRICENTRO RUTA,ACEITE 80W90,1,105289.30,105289.30
2025-04-03,LUBRICENTRO RUTA,ACEITE 140,1,3636.40,3636.40
2025-04-03,ULTRACOLOR,DIPROEL DILUY POLIURETANO X 200L,1,595200.00,595200.00
2025-04-03,ULTRACOLOR,DIPROEL DILUY ACRILICO X 200L,1,554280.00,554280.00
2025-04-04,LUBRICENTRO RUTA,ESCOBILLAS,1,7768.60,7768.60
2025-04-04,IVECAM,INTERRUPTOR TERCER EJE (503349078),1,41603.76,41603.76
2025-04-04,BURGOM,CORREA EVER WEAR B 099,1,28230.40,28230.40
2025-04-04,BURGOM,CORREA EVER WEAR B 044,1,12545.50,12545.50
2025-04-04,BURGOM,ABRAZADERA TIPO AMERICANA 90 105 ART 3009,1,2276.24,2276.24
2025-04-04,BURGOM,ABRAZADERA TIPO AMERICANA 90 125 ART 3011,1,2498.53,2498.53
2025-04-05,MARBY,CH LC CC 6.35 X 1500 X 7000,1,1090.02,1090.02
2025-04-05,MARBY,CH LC CC 4.75 X 1500 X 6000,1,1078.49,1078.49
2025-04-05,MARBY,CH LC CC 9.50 X 1500 X 3000,1,1100.58,1100.58
2025-04-05,MARBY,CH LF CC 1.60 X 1220 X 2440,1,1291.70,1291.70
2025-04-05,MARBY,CH LF CC 2.00 X 1500 X 2440,1,1251.61,1251.61
2025-04-05,MARBY,CH LC ANTID 3.20 X 1245 X 3000,1,1210.64,1210.64
2025-04-07,AIR BLAST,PORTA PICO,1,29800.00,29800.00
2025-04-07,NEW GAS,GAR 45K YPF GAS,1,47963.80,47963.80
2025-04-07,NEW GAS,GAR.10K.YPF GAS,1,13547.66,13547.66
2025-04-07,FERRIN,CUERDA VITON DIAM. 5MM,1,3068.00,3068.00
2025-04-07,FERRIN,CUERDA VITON DIAM. 4MM,1,2849.00,2849.00
2025-04-07,AGUA PARICE,BIDONES DE AGUA,1,3000.00,3000.00
2025-04-07,SELLADORES Y PEGAMENTOS SAN JOSE,SILOC 8500 X 420G (0687),1,36774.41,36774.41
2025-04-07,SELLADORES Y PEGAMENTOS SAN JOSE,ABRAZADERAS 12MM 90 110 (0015),1,1108.00,1108.00
2025-04-07,SELLADORES Y PEGAMENTOS SAN JOSE,ABRAZADERAS 12MM 80 100 (0029),1,1046.00,1046.00
2025-04-07,SELLADORES Y PEGAMENTOS SAN JOSE,ABRAZADERAS 12MM 60 80 (0012),1,855.00,855.00
2025-04-07,ACSA,"8.25 X 22,5 10 AG PHASE IV",1,118500.00,118500.00
2025-04-07,ACSA,VALVULAS TIPO SCHRADER P RUEDA,1,5200.00,5200.00
2025-04-08,STOCCO,CASQUETE TORIESFERICO 1600 ESP 6.3 A.C. R 1600 R150 DISCO 1840,1,600000.00,600000.00
2025-04-08,STOCCO,CASQUETE TORIESFERICO 1700 ESP 6.3 A.C. R 1700 R175 DISCO 1970,1,690000.00,690000.00
2025-04-08,STOCCO,CASQUETE TORIESFERICO 1750 ESP 6.3 A.C. R 1750 R175 DISCO 2020,1,690000.00,690000.00
2025-04-08,STOCCO,CASQUETE TORIESFERICO 1800 ESP 6.3 A.C. R 1800 R175 DISCO 2070,1,798000.00,798000.00
2025-04-08,STOCCO,CASQUETE TORIESFERICO 1900 ESP 6.3 A.C. R1900 R200 DISCO 2190,1,886000.00,886000.00
2025-04-08,STOCCO,CASQUETE TORIESFERICO 2000 ESP 6.3 A.C. R 2000 R200 DISCO 2300,1,1031000.00,1031000.00
2025-04-08,STOCCO,CASQUETE TORIESFERICO 2100 ESP 6.3 A.C. R 2100 R200 DISCO 2400,1,1160000.00,1160000.00
2025-04-08,STOCCO,CASQUETE TORIESFERICO 2200 ESP 6.3 A.C. R 2200 R200 DISCO 2500,1,1286000.00,1286000.00
2025-04-08,RAPP CLAUDIO FABIAN,AFILADO Y ACEITES,1,20247.93,20247.93
2025-04-08,COINGAS,"BUJE RED GALV 3"" X 2 1 2 DEMA",1,13248.23,13248.23
2025-04-08,COINGAS,BUJE RED GALV 2 1 2 2 DEMA,1,7670.03,7670.03
2025-04-08,HIERROS CASANOVA,CA EST RECT 80X40X2,1,33138.37,33138.37
2025-04-08,HIERROS CASANOVA,RUEDA RULEMAN REFORZADAS 125MM,1,26434.06,26434.06
2025-04-08,GIANNONI,ESMALTE A POLIU NARANJA CLARO 0100 X 03,1,64552.68,64552.68
2025-04-08,GIANNONI,CONVERTIDOR 9013 X1,1,27170.96,27170.96
2025-04-08,GIANNONI,FONDO EPOXI GRIS ANTI. 8007 X 04,1,80236.38,80236.38
2025-04-08,GIANNONI,CONVERTIDOR EPOXI 9020 X 1,1,11889.12,11889.12
2025-04-08,HIERROS CASANOVA,"CA EST RECT 30X20X1,6",1,12109.95,12109.95
2025-04-08,HIERROS CASANOVA,"CA EST CUAD 20X20X1,6",1,9557.17,9557.17
2025-04-08,HIERROS CASANOVA,UPN X 6 MTS 80,1,89073.12,89073.12
2025-04-08,HIERROS CASANOVA,IPN X 6 MTS 80,1,62009.12,62009.12
2025-04-08,HIERROS CASANOVA,TUBOS USO MECANICO 3,1,68044.28,68044.28
2025-04-08,HIERROS CASANOVA,TUBOS USO MECANICO 21 2,1,50146.87,50146.87
2025-04-08,HIERROS CASANOVA,TUBOS USO MECANICO 2,1,46414.27,46414.27
2025-04-08,HIERROS CASANOVA,TUBOS USO MECANICO 1,1,23605.88,23605.88
2025-04-08,HIERROS CASANOVA,"CA EST RED 1X1,6",1,9557.17,9557.17
2025-04-08,HIERROS CASANOVA,"CA EST RED 5 8X1,24",1,4954.60,4954.60
2025-04-08,HIERROS CASANOVA,ANGULOS 7 8X1 8,1,10716.86,10716.86
2025-04-08,HIERROS CASANOVA,TE 7 8X1 8,1,13833.65,13833.65
2025-04-08,HIERROS CASANOVA,ANGULOS 1.1 4X3 16,1,19962.36,19962.36
2025-04-08,HIERROS CASANOVA,"TYROLIT DISCO SENSITIVO 350X2, 5X25 , 4",1,7315.97,7315.97
2025-04-08,HIERROS CASANOVA,CIUADRADOS 5 8,1,16846.87,16846.87
2025-04-08,HIERROS CASANOVA,PLANCHUELAS 1X3 16,1,9178.53,9178.53
2025-04-09,DACI,KG PASTA VT1 P PULIR COBRE BRONCE ALUMINIO,1,25811.49,25811.49
2025-04-09,DACI,TIZA BLANCA CAJA * 144 UNIDADES,1,5397.13,5397.13
2025-04-09,GALPA,"MANG OIL ASPIR 1"" X 2.5MT",1,108.75,108.75
2025-04-09,VALVULAS ESTEBAN,CONJ.(RO+AZ)FRENO CAMION 12X9 PA6 C CONE,1,47313.22,47313.22
2025-04-09,FABIO,"BULON PULIDO UNC GALV AZUL 5 16X34""",1,35.60,35.60
2025-04-09,FABIO,"BULON PULIDO UNC GALC AZUL 5 16X1""",1,42.00,42.00
2025-04-09,FABIO,"KGR DE ARANDELA PLANA HO GALV.AZUL 5 16""",1,3720.00,3720.00
2025-04-09,FABIO,"TUERCA AUTOFRENANTE 5 16""",1,44.00,44.00
2025-04-09,FABIO,"BULON PULIDO UNC NATURAL 3 8X1""",1,53.50,53.50
2025-04-09,FABIO,"KGR DE ARANDELA PLANA H NATURAL 3 8""",1,4320.00,4320.00
2025-04-09,FABIO,"TUERCA EXAGONAL LIVIANA UNC NATURAL 3 8""",1,18.94,18.94
2025-04-09,FABIO,"TUERCA AUTOFRENANTE 3 8""",1,50.00,50.00
2025-04-09,FABIO,"BULON GRADO 5 UNC DORADO 1 2X2""",1,221.60,221.60
2025-04-09,FABIO,"KGR DE ARANDELA PLANA H NATURAL 1 2""",1,4000.00,4000.00
2025-04-09,FABIO,"TUERCA EXAGONAL LIVIANA WHT NATURAL 1 2""",1,48.79,48.79
2025-04-09,FABIO,"TUERCA EXAGONAL LIVIANA UNC NATURAL 1 2""",1,48.79,48.79
2025-04-09,FABIO,"TUERCA AUTOFRENANTE 1 2""",1,124.00,124.00
2025-04-09,FABIO,"ARANDELA GROWER NATURAL 1 2""",1,33.36,33.36
2025-04-09,FABIO,"ARANDELA GROWER NATURAL 5 8""",1,61.36,61.36
2025-04-09,VACIO PONT,"BOMBA DE VACIO , MODELO S 90 N| DE SERIE: 9503",1,7007784.25,7007784.25
2025-04-09,STORANI,"DIRECCIONAL 138 PARA 17"" CON ABRAZADERAS (133)",1,5629868.00,5629868.00
2025-04-10,DISTRIBUIDORA VIP,REFLECTOR BAIML 1043 REDONDO CHICO 1 TORNILLO 6 X 5 8 AMBAR,1,848.25,848.25
2025-04-10,DISTRIBUIDORA VIP,REFLECTOR BAIML 1043 REDONDO CHICO 1 TORNILLO 6 X 5 8 ROJO,1,848.25,848.25
2025-04-10,AVEDIS,OXIGENO INDUSTRIAL TUBO,1,2149.47,2149.47
2025-04-10,AVEDIS,CO2 INDUSTRIAL TUBO,1,1661.75,1661.75
2025-04-10,AVEDIS,ACARREO GASEOSO (21%),1,0.01,0.01
2025-04-10,GIANNONI,ESMALTE POLIU NARANJA AGUILA 0100 X 03,1,64552.88,64552.88
2025-04-10,GIANNONI,CONVERTIDOR 9013 X 1,1,27170.96,27170.96
2025-04-10,STOCCO,CASQUETE TORIESFERICO 1900 ESP 6.3 A.C.,1,886000.00,886000.00
2025-04-11,DI GILIO,CAJA PULSADOR P ILAS,1,43870.00,43870.00
2025-04-11,DI GILIO,CABLE AUXILIAR EBS TRS HA 7M,1,26994.00,26994.00
2025-04-11,PIJUAN,CAMISA OMBU BEIGE TALLE ROPA 40,1,18726.45,18726.45
2025-04-11,PIJUAN,CAMISA OMBU BEIGE TALLE ROPA 42,1,18726.45,18726.45
2025-04-11,PIJUAN,CAMISA OMBU BEIGE TALLE ROPA 44,1,18726.45,18726.45
2025-04-11,PIJUAN,CAMISA OMBU BEIGE TALLE ROPA 46,1,18726.45,18726.45
2025-04-11,PIJUAN,CAMISA OMBU BEIGE TALLE ROPA 48,1,18726.45,18726.45
2025-04-11,PIJUAN,PANTALON OMBU BEIGE TALLE ROPA 40,1,19723.68,19723.68
2025-04-11,PIJUAN,PANTALON OMBU BEIGE TALLE ROPA 42,1,19723.68,19723.68
2025-04-11,PIJUAN,PANTALON OMBU BEIGE TALLE ROPA 44,1,19723.68,19723.68
2025-04-11,PIJUAN,PANTALON OMBU BEIGE TALLE ROPA 46,1,19723.68,19723.68
2025-04-11,PIJUAN,PANTALON OMBU BEIGE TALLE ROPA 48,1,19723.68,19723.68
2025-04-11,PIJUAN,PANTALON OMBU BEIGE TALLE ROPA 50,1,19723.68,19723.68
2025-04-11,PIJUAN,PANTALON OMBU BEIGE TALLE ROPA 52,1,19723.68,19723.68
2025-04-11,PIJUAN,PANTALON OMBU BEIGE TALLE ROPA 56,1,19723.68,19723.68
2025-04-11,PIJUAN,BOTIN OMBU 40 MODELO CALZADOOZONO,1,57139.84,57139.84
2025-04-11,PIJUAN,BOTIN OMBU 41 MODELO CALZADOOZONO,1,57139.84,57139.84
2025-04-11,PIJUAN,BOTIN OMBU 42 MODELO CALZADOOZONO,1,57139.84,57139.84
2025-04-11,PIJUAN,BOTIN OMBU 43 MODELO CALZADOOZONO,1,57139.84,57139.84
2025-04-14,MERCEDES BENZ,FLEXIBLE HIDRAULICO,1,295000.00,295000.00
2025-04-14,DI GILIO,KIT 4S3M 1 ABS SR 1+2 EJES,1,854880.00,854880.00
2025-04-14,DI GILIO,VALVULAS 2 2 VIAS BLOQUE 3O EJE,1,17020.88,17020.88
2025-04-14,DI GILIO,KIT CONEXIONES 4S3M KN,1,119464.00,119464.00
2025-04-14,DI GILIO,VALV DESC RAP Y 2 VIAS P FORD,1,75284.24,75284.24
2025-04-14,DI GILIO,SENSOR ABS 90O 1MT + CLIP,1,32880.00,32880.00
2025-04-14,DI GILIO,SPRING 30 30 303MM ROSCA 3 8,1,50416.00,50416.00
2025-04-14,DI GILIO,KIT CONEXIONES SPRING X EJE,1,21382.96,21382.96
2025-04-14,DI GILIO,KIT CONEXIONES PULMONM X EJE,1,8230.96,8230.96
2025-04-14,DI GILIO,KIT CONEX PARA TANQUE 115,1,24966.88,24966.88
2025-04-14,DI GILIO,TANQUE DE AIRE 115L C SOPORTE,1,244923.12,244923.12
2025-04-14,DI GILIO,TUBO POLIAMIDA MULTICAPA 12X9,1,1654.96,1654.96
2025-04-14,DI GILIO,TUBO POLIAMIDA 16 X 12 NEGRO,1,1348.08,1348.08
2025-04-14,DI GILIO,TUBO POLIAMIDA 8 6 NEGRO,1,361.68,361.68
2025-04-14,DI GILIO,PORTA SENSOR ABS EBS,1,3167.44,3167.44
2025-04-14,DI GILIO,"PULMON DELANTERO 30""",1,17810.00,17810.00
2025-04-14,DI GILIO,KIT 4S2M T ABS SR 3 EJES,1,745280.00,745280.00
2025-04-14,DI GILIO,KIT CONEXIONES 4S2M KN,1,107408.00,107408.00
2025-04-14,DI GILIO,KIT CONEX DESC RAP 2 VIAS FORD,1,75284.24,75284.24
2025-04-14,DI GILIO,TANQUE AIRE 75 LTS,1,177869.84,177869.84
2025-04-14,DI GILIO,KIT CONEX PARA TANQUE 115 75,1,94966.88,94966.88
2025-04-14,DI GILIO,TUBO POLIAMIDA 8 X 6 NEGRO,1,361.68,361.68
2025-04-14,DI GILIO,SENSOR ABS 90 1MT + CLIP,1,32880.00,32880.00
2025-04-14,DI GILIO,KIT A A U TBA 28D EUROBRAKE,1,89126.72,89126.72
2025-04-15,LUBRICENTRO RUTA,FILTRO DE GAS OIL,1,17768.60,17768.60
2025-04-16,BURGOM,CORREA EVER WEAR B 049,1,15622.23,15622.23
2025-04-16,NEW GAS,GAR.10K.YPF GAS,1,13547.66,13547.66
2025-04-16,GIANNONI,DURALBA NEGRO X 04,1,26882.50,26882.50
2025-04-16,DISTRIBUIDORA DIEZ,100 MTS CABLE T.T 2X1MM,1,601.90,601.90
2025-04-16,DALIS,RESAL HIGHTEX NAR TRABI,1,447.77,447.77
2025-04-16,DALIS,RESAL HIGHTEX AMAR TRABI,1,447.77,447.77
2025-04-16,DALIS,RESAL HIGHTEX VER TRABI,1,447.77,447.77
2025-04-16,DALIS,RESAL HIGHTEX CEL TRABI,1,447.77,447.77
2025-04-16,DALIS,RESAL HIGHTEX VIOLETA TRABI,1,447.77,447.77
2025-04-16,DALIS,RESAL HIGHTEX ROJO TRABI,1,447.77,447.77
2025-04-16,DALIS,RESAL HIGHTEX ROS TRABI,1,447.77,447.77
2025-04-16,DALIS,PH LASER 279A *THCF279A* FULLMAR,1,6353.31,6353.31
2025-04-16,DALIS,PH LASER 35 36 79 85A FULL,1,6907.44,6907.44
2025-04-16,DALIS,BR LASER TN 660 2320 TN 2370 RE,1,8330.58,8330.58
2025-04-16,DALIS,CORRECT PEN 7ML FABER,1,861.94,861.94
2025-04-16,DALIS,BIBLIOR A4 L7CM CART GRIS EIFFEL,1,3360.00,3360.00
2025-04-16,DALIS,BOLIG OPACO T G AZ C U BIC,1,531.24,531.24
2025-04-16,DALIS,MARC 741PIZ NEGRO PELIKAN,1,1377.32,1377.32
2025-04-16,DALIS,MARC 741PIZ ROJO PELIKAN,1,1377.32,1377.32
2025-04-16,DALIS,CAJA OF F N C ELAST CART 25MM TA,1,2932.45,2932.45
2025-04-16,DALIS,PORTATAB PLASTICO P 50X60 * PIZZ,1,12962.98,12962.98
2025-04-16,ARGENGAS GROUP,OXIGENO A,1,1946.00,1946.00
2025-04-16,ARGENGAS GROUP,FLETE,1,36230.00,36230.00
2025-04-16,ARGENGAS GROUP,ALQUILER DE CILINDROS,1,230.70,230.70
2025-04-17,ZALOZE,"C.R.LARGO 90 SCH 40 3""",1,15660.00,15660.00
2025-04-17,ZALOZE,"RED CON SCH 40 6 X 4""",1,57060.40,57060.40
2025-04-17,ZALOZE,"RED CON SCH 40 4 X 3""",1,20764.00,20764.00
2025-04-17,ZALOZE,"RED CON SCH 40 4 X 2 1 2""",1,23014.40,23014.40
2025-04-22,CONSTRUMUNDO,TOSCA MT3,1,11074.38,11074.38
2025-04-22,AVEDIS,ARGON TUBO,1,13504.88,13504.88
2025-04-22,AVEDIS,CO2 INDUSTRIAL TUBO,1,1661.75,1661.75
2025-04-22,AVEDIS,ACARREO GASEOSO (21%),1,0.01,0.01
2025-04-22,CONSTRUMUNDO,ARENA MT3,1,26446.28,26446.28
2025-04-22,CONSTRUMUNDO,PIEDRA PARTIDA 1M3,1,42975.21,42975.21
2025-04-22,CONSTRUMUNDO,BOLSAS CEMENTO 50KG AVELLANEDA,1,8099.17,8099.17
2025-04-22,CONSTRUMUNDO,MALLA 15X15 H 6 DE 2X5M,1,56491.74,56491.74
2025-04-22,CONSTRUMUNDO,HORNERO LIGANTE 1LT,1,6290.91,6290.91
2025-04-22,CONSTRUMUNDO,BOLSAS CAL MILAGRO,1,11652.89,11652.89
2025-04-22,MARBY,CH LF CC 1.60 X 1220 X 2440,1,1254.39,1254.39
2025-04-22,MARBY,CH LC CC 9.50 X 1500 X 3000,1,1068.91,1068.91
2025-04-22,MARBY,CH LC ANTID 3.20 X 1245 X 3000,1,1176.12,1176.12
2025-04-22,MARBY,CH LC CC 6.35 X 1500 X 7000,1,1058.19,1058.19
2025-04-22,MARBY,CH LC CC 4.75 X 1500 X 6000,1,1047.47,1047.47
2025-04-23,BURGOM,ADHESIVO DIGOCOL 250 CC.,1,3626.91,3626.91
2025-04-23,BURGOM,CORREA EVER WEAR B 067,1,21362.64,21362.64
2025-04-23,BURGOM,AROS O'RING 2.311,1,336.67,336.67
2025-04-23,BURGOM,PISCINA N 25MM,1,1711.62,1711.62
2025-04-23,AUTOMACION ARGENTINA,MVN 203 03 05 INF (CA),1,121700.00,121700.00
2025-05-24,BALIO,DM 57 BASE 7 PUNTOS,1,18347.10,18347.10
2025-04-25,SIRIO MATAFUEGOS,MATAFUEGOS ABC 10KG MELISAM NUEVOS,1,150000.00,150000.00
2025-04-28,HIZA,PICOS M6 1.2,1,1440.00,1440.00
2025-04-28,HIZA,VIDRIOS N11,1,1380.00,1380.00
2025-04-28,HIZA,VIDRIOS TRANSPARENTES,1,450.00,450.00
2025-04-28,HIZA,TOBERAS 250,1,6100.00,6100.00
2025-04-28,HIZA,TORCHAS REPARADAS,1,52300.00,52300.00
2025-04-30,DISTRIBUIDORA DIEZ,ADAPTADOR P LAMPARA GOLIAT,1,3250.00,3250.00
2025-04-30,DISTRIBUIDORA DIEZ,TERMINAL DE COBRE 16MM,1,572.00,572.00
2025-04-30,DISTRIBUIDORA DIEZ,PINZA MAZA 300AMP,1,9631.70,9631.70
2025-04-30,AVEDIS,ALQUILER DE TUBO 01 04 AL 26 04 (21%),1,250.00,250.00
2025-04-30,DISTRIBUIDORA DIEZ,MTS CABLE 1X16MM,1,491.40,491.40
2025-04-30,DISTRIBUIDORA DIEZ,BOLSA DE PRECINTOS SYBYD ALT4 NEGRO,1,4712.50,4712.50
2025-04-30,DISTRIBUIDORA DIEZ,BOLSA DE PRECINTOS SYBYD ALT3 NEGROS,1,3796.00,3796.00
2025-04-30,DISTRIBUIDORA DIEZ,BOLSA DE PRECINTOS SYBYD ALT5 NEGRO,1,5850.00,5850.00
2025-04-30,DISTRIBUIDORA DIEZ,BOLSA DE PRECINTOS SYBYD ALT2,1,2171.00,2171.00
2025-04-30,DISTRIBUIDORA DIEZ,LAMPARA LED FORZA 55W ALIC,1,16317.60,16317.60
2025-04-30,DISTRIBUIDORA DIEZ,LAMPARA LED 38W ALIC,1,4524.00,4524.00
2025-04-30,DISTRIBUIDORA DIEZ,LAMPARA LED 12W FRIAS ALIC,1,812.50,812.50
2025-04-30,DISTRIBUIDORA DIEZ,ROLLO DE CINTA AISLADORA 20MTS TEMFLEX,1,2262.00,2262.00
2025-04-30,DISTRIBUIDORA DIEZ,FICHA MACHO 2X16 AMP+N KALOP,1,4178.20,4178.20
2025-04-30,DISTRIBUIDORA DIEZ,BASE KALOP 2X16+N,1,4586.40,4586.40
2025-04-30,DISTRIBUIDORA DIEZ,PRENSACABLE 5 8 PERCAN PLAS,1,442.00,442.00
2025-04-30,DISTRIBUIDORA DIEZ,PRENSACABLE 3 4 PERCAN PLAS,1,481.00,481.00
2025-04-30,DISTRIBUIDORA DIEZ,FICHA HEMBRA 2X10+N EXULTT,1,1092.00,1092.00
2025-04-30,DISTRIBUIDORA DIEZ,FICHA MACHO 2X10+N EXULTT,1,897.00,897.00
2025-05-05,COINGAS,BUJE RED. GALV. 1 2 X 3 8 DEMA,1,836.73,836.73
2025-05-05,COINGAS,CODO GALV. 3 4 90 MH LATYN,1,1388.35,1388.35
2025-05-05,COINGAS,CODO GALV. 1 1 2 90 MH LATYN,1,5206.32,5206.32
2025-05-05,COINGAS,CUPLA C B GALV. 1 1 4 LATYN,1,2454.41,2454.41
2025-05-05,COINGAS,TAPON GALV. 1 1 4 M LATYB,1,1487.52,1487.52
2025-05-05,COINGAS,TAPA GALV. 1 1 4 H LATYN,1,1760.23,1760.23
2025-05-05,COINGAS,"NIPLE GALV. 1"" X 15 CM",1,2913.06,2913.06
2025-05-05,COINGAS,"NIPLE GALV. 2"" X 25 CM",1,10355.93,10355.93
2025-05-05,COINGAS,R.C.T. GALV. 3 4 LATYN,1,1115.64,1115.64
2025-05-05,COINGAS,TEFLON 1 2 X 20 MTS,1,362.58,362.58
2025-05-05,COINGAS,SELLADOR H3 25 CC SALADILLO,1,1454.05,1454.05
2025-05-05,COINGAS,"BUJE RED GALV. 3"" X 2 1 2 DEMA",1,13248.23,13248.23
2025-05-05,COINGAS,BUJE RED GALV. 2 1 2 2 DEMA,1,7670.03,7670.03
2025-05-05,COINGAS,BUJE RED GALV. 1 1 4 X 1 LATYN,1,1586.69,1586.69
2025-05-05,COINGAS,BUJE RED GALV. 3 4 X 1 2 LATYN,1,743.76,743.76
2025-05-05,FABIO,"BULON GRADO 5 UNC DORADO 3 8X1""",1,17.46,17.46
2025-05-05,FABIO,"TUERCA GRADO 5 UNC DORADO 3 8""",1,2.64,2.64
2025-05-05,FABIO,"KGR DE ARANDELA PLANA H GALV.AZUL 1 2""",1,600.00,600.00
2025-05-05,ARGENGAS GROUP,DIOXIDO DE CARBONO DE 30.00 KG,1,1285.00,1285.00
2025-05-05,ARGENGAS GROUP,OXIGENO A,1,1946.00,1946.00
2025-05-05,ARGENGAS GROUP,FLETE,1,36230.00,36230.00
2025-05-05,ARGENGAS GROUP,ALQUILER DE CILINDROS,1,230.70,230.70
2025-05-05,TRV,TRV 53 AB,1,10200.00,10200.00
2025-05-05,CYLGEM,SIRENA DE RETROCESO CON ENTRADA,1,25643.88,25643.88
2025-05-05,VAL ARG,"VALV ESF. PT BRONCE CROMADO PTFE 1 2""",1,5045.60,5045.60
2025-05-05,VAL ARG,"VALV ESF. PT BRONCE CROMADO PTFE 3 4""",1,7259.00,7259.00
2025-05-05,VAL ARG,"VALV ESF. PT BRONCE CROMADO PTFE 1""",1,12280.80,12280.80
2025-05-05,VAL ARG,"VALV ESF. BRONCE PASO TOTAL 1 1 2""",1,29512.00,29512.00
2025-05-05,VAL ARG,"VALV ESF. BRONCE PASO TOTAL 2""",1,41840.40,41840.40
2025-05-05,VAL ARG,"VALV ESF. BRONCE PASO TOTAL 2 1 2""",1,93724.40,93724.40
2025-05-05,VAL ARG,"VALV ESF. BRONCE PASO TOTAL 3""",1,150654.00,150654.00
2025-05-05,VAL ARG,"VALV ESF. BRONCE PASO TOTAL 4""",1,234061.10,234061.10
2025-05-05,VAL ARG,"FILTRO ""Y"" BCE INOX BSP 3 4"".",1,9222.50,9222.50
2025-05-06,FOURCADE,ESPARRAGOS 5 8 X420 C TUERCA,1,4450.00,4450.00
2025-05-06,DICA,"ACOPLE DNM 4"" ALUMINIO",1,17157.80,17157.80
2025-05-06,DICA,"ACOPLE DNM 3"" ALUMINIO",1,10872.20,10872.20
2025-05-06,DICA,"ACOPLE DNM 2 1 2"" ALUMINIO",1,9498.50,9498.50
2025-05-06,DICA,"ACOPLE DTH 4"" ALUMINIO",1,17157.80,17157.80
2025-05-06,DICA,"ACOPLE DTH 3"" ALUMINIO",1,13431.00,13431.00
2025-05-06,DICA,ACOPLE DCE 2 1 2 ALUMINIO,1,12570.90,12570.90
2025-05-06,DICA,MANGUERA P.V.C. CRISTAL 25 X 31,1,2444.20,2444.20
2025-05-06,ULTRACOLOR,ALBAMIX 4570111 POLIUR BLANCO A X4L,1,51080.91,51080.91
2025-05-06,ULTRACOLOR,ALBAMIX 4570100 ESM PU ACRI NEGRO A X4L,1,53634.96,53634.96
2025-05-06,ULTRACOLOR,ALBAMIX 4570100 ESM PU ACRI BERMELLON A X4L,1,54790.49,54790.49
2025-05-06,ULTRACOLOR,ALBAMIX 4570100 ESM PU ACRI AZUL WEBER A X4L,1,52613.33,52613.33
2025-05-06,ULTRACOLOR,ALBAMIX 4570111 ESM PU GRIS CHASIS A X4L,1,52613.33,52613.33
2025-05-06,ULTRACOLOR,ALBAMIX(5353609) 4585007 FDO EPO ANTIC W 4L,1,67518.68,67518.68
2025-05-06,ULTRACOLOR,ALBAMIX (5188812) 4590013 CATALIZADOR P POLIUR X1L,1,28058.06,28058.06
2025-05-06,ULTRACOLOR,ALBAMIX(5353672) 4590020 CATALIZADOR P EPOXI X800CC,1,12175.82,12175.82
2025-05-07,PIJUAN,CAMISA OMBU BEIGE TALLE ROPA 42 AGREGADO 15 4,1,18726.45,18726.45
2025-05-07,PIJUAN,PANTALON OMBU BEIGE TALLE ROPA 50 AGREGADO 15 4,1,19723.68,19723.68
2025-05-07,PIJUAN,PANTALON OMBU BEIGE TALLE ROPA 56 AGREGADO 15 4,1,19723.68,19723.68
2025-05-07,PIJUAN,BOTIN OMBU 40 MODELO CALZADOOZONO AGREGADO 15 4,1,57139.84,57139.84
2025-05-07,PIJUAN,BOTIN OMBU 41 MODELO CALZADOOZONO AGREGADO 15 4,1,57139.84,57139.84
2025-05-07,STOCCO,CASQUETE TORIESFERICO 2000 ESP 6.3 SAE 1010,1,1031000.00,1031000.00
2025-05-07,ACERO LOMAS,"MEDIO NIPLE CON COSTURA DIN 2999 (DIN 2982) 304L 1"" X 40 MM",1,5785.12,5785.12
2025-05-07,ACERO LOMAS,"MEDIO NIPLE CON COSTURA DIN 2999 (DIN 2982) 304L 1"" X 30 MM",1,5785.12,5785.12
2025-05-08,DACI,MANDRIL 16 MM CON CONO J33,1,39975.02,39975.02
2025-05-08,DACI,ESPARRAGO 10X 90 P1.50,1,2091.43,2091.43
2025-05-08,DACI,ARANDELA GROWER MIL 10,1,22.28,22.28
2025-05-08,DACI,TUERCA METRICA 10 P 1.50 UNIDAD,1,65.46,65.46
2025-05-08,DACI,MOSQUETON GALVANIZADO 7X70,1,1106.62,1106.62
2025-05-08,AGUA PARICE,BIDONES DE AGUA,1,3000.00,3000.00
2025-05-08,ZALOZE,"C.R.L 90 SCH 40 21 2""",1,11163.13,11163.13
2025-05-08,ZALOZE,"C.R.LARGO 90 SCH 40 3""",1,15394.56,15394.56
2025-05-08,ZALOZE,"RED CON SCH 40 6 X 4""",1,56076.60,56076.60
2025-05-08,ZALOZE,"RED CON SCH 40 4 X 3""",1,20402.20,20402.20
2025-05-08,ZALOZE,"RED CON SCH 40 4 X 2 1 2""",1,22617.60,22617.60
2025-05-09,AVEDIS,OXIGENO INDUSTRIAL TUBO,1,2149.74,2149.74
2025-05-09,AVEDIS,CO2 INDUSTRIAL TUBO,1,1661.75,1661.75
2025-05-09,AVEDIS,ACARREO GASEOSO (21%),1,0.01,0.01
2025-05-09,CONSTRUMUNDO,ARENA C BOLSON 1TN,1,33884.30,33884.30
2025-05-09,CONSTRUMUNDO,PIEDRA PARTIDA C BOLSON 1TN,1,52892.56,52892.56
2025-05-09,ALAMBRES RUMBOS,ER 316 LSI MIG DE 0.90 MM KG MARCA RMB COL NB002544T81171,1,31815.84,31815.84
2025-05-09,AGUAYO,MALACATE DOBLE REDUCCION,1,128250.00,128250.00
2025-05-09,AGUAYO,CINTA REFORZADA,1,13966.00,13966.00
2025-05-09,AGUAYO,MANOTA TRAS. MONT. CHAPA T.T. M160 1057,1,117405.60,117405.60
2025-05-09,AGUAYO,MANOTA DEL. TREN TRAS. CHAPA MONT. M160 1059,1,129958.40,129958.40
2025-05-09,AGUAYO,MANOTA CENTRAL CHAPA MONT M160 1061,1,217311.12,217311.12
2025-05-09,AGUAYO,BALANCIN MANOTA DE CHAPA EMBUJADO MONT 206 2 021,1,212727.41,212727.41
2025-05-09,AGUAYO,BUJE BAL. POLIPROPILENO CORTO MONT 85 MM,1,8283.04,8283.04
2025-05-09,AGUAYO,PERNO BAL. 150MM CON TUERCA ALTA MONT.,1,47181.93,47181.93
2025-05-09,AGUAYO,ARANDELA PERNO BAL. MONT. AV11,1,1469.42,1469.42
2025-05-09,AGUAYO,BULON DE BALANCIN 5 8 G5 USS,1,2254.23,2254.23
2025-05-09,AGUAYO,TUERCA DE BULON DE BALANCIN PULIDO 5 8 USS,1,474.26,474.26
2025-05-09,AGUAYO,"PERNO TENSOR 7 8 X 6"" (152 MM. ) 3964",1,7086.90,7086.90
2025-05-09,AGUAYO,TUERCA AUTOF. 7 8 SAE . 2996,1,3165.46,3165.46
2025-05-09,AGUAYO,BUJE TENSOR 7 8 X 47 XS 78 MM AST PRA 2061 302127,1,6239.13,6239.13
2025-05-09,AGUAYO,B UNION DOBLE 8 MM VE 4610,1,2251.64,2251.64
2025-05-09,AGUAYO,B VIROLA DE 8 MM UA08 B 60 VE 711,1,360.72,360.72
2025-05-09,AGUAYO,B TUERCA DE AJUSTE 8 MM VE 410,1,1192.18,1192.18
2025-05-09,GEC,DCOFQP T1890 L520 CSTD KITABS RAUT,1,1470600.00,1470600.00
2025-05-12,TUTHILL,"VALVULA DE ALIVIO 2 1 2"" ASPIRACION # 2034008",1,202730.00,202730.00
2025-05-12,TUTHILL,"VALVULA DE ALIVIO 2"" PRESION # 2033008",1,174800.00,174800.00
2025-05-13,CONSTRUMUNDO,TOSCA MT3,1,12396.69,12396.69
2025-05-13,VALVULAS ESTEBAN,UNION DOBLE AJUSTE TUBO 8,1,1432.21,1432.21
2025-05-13,VALVULAS ESTEBAN,TUERCA AJUSTE 8 (X10),1,7583.17,7583.17
2025-05-13,CESKIAVIKUS JORGE ROBERTO,POR CERTIFICACION DE CISTERNA AMENDOLIA,1,73000.00,73000.00
2025-05-13,BALIO,TAPA CUBRERROTOR CROMADO 3 8,1,15145.76,15145.76
2025-05-13,BALIO,DISCOS SOP ROTOR 210 MM DOB,1,20184.64,20184.64
2025-05-13,BALIO,CONECTOR SUPERIOR,1,6207.04,6207.04
2025-05-13,BALIO,CONECTOR INFERIOR 1 4,1,6207.04,6207.04
2025-05-13,BALIO,ROTOR 3 4 CORTO,1,24470.88,24470.88
2025-05-13,BALIO,ARANDELA DE TRABA ESTRIADA,1,103.04,103.04
2025-05-13,BALIO,CONO DE AJUSTE P TUBO 1 4,1,553.28,553.28
2025-05-13,BALIO,TCA. MET. FIJACION 3 8 CVA C,1,1999.20,1999.20
2025-05-13,BALIO,CANO BAJADA DE BAJADA 65 CM C,1,14922.88,14922.88
2025-05-13,BALIO,CURVA CUBRERROTOR GRIS P TAPA,1,1507.52,1507.52
2025-05-13,HIERROS MORELLI,"CANO USO MEC.4"" (114,3) X 6.40 MTS",1,132231.40,132231.40
2025-05-13,HIERROS MORELLI,FLETE,1,8264.46,8264.46
2025-05-14,HIERROS CASANOVA,"CA.EST.CUAD. 25X25X1,24",1,10332.43,10332.43
2025-05-14,HIERROS CASANOVA,"CA.EST.RECT. 20X10X1,24",1,6029.16,6029.16
2025-05-14,HIERROS CASANOVA,VARIOS CORTE CUADRA,1,115.52,115.52
2025-05-16,DACI,BULON G5 HEX USS 3 4X3 1 2,1,1773.03,1773.03
2025-05-16,DACI,TERMINAL PARA BATERIA MORDAZA GRANDE M2,1,5568.75,5568.75
2025-05-16,MECAFER,ANTIPARRA COV 19 TRANSPARENTE NEGRO,1,12650.00,12650.00
2025-05-16,MECAFER,FLAPSTANDARD28N115ZA 80,1,2621.16,2621.16
2025-05-16,BURGOM,CORREA EVER WEAR B 063,1,20085.41,20085.41
2025-05-16,BURGOM,YUMA 695 13,1,5445.90,5445.90
2025-05-16,BURGOM,YUMA 613 13,1,5195.99,5195.99
2025-05-16,BURGOM,CORREA EVER WEAR B 077,1,24548.83,24548.83
2025-05-16,BURGOM,BOMBACHA CAMPO OMBU TALLE 36 60,1,36360.00,36360.00
2025-05-16,SP ACCESORIOS,P. PROTECTOR TRAS PLAS 32 1,1,237.82,237.82
2025-05-16,SP ACCESORIOS,P. PROTECTOR DELAN PLAS 32 1 DERECHA,1,793.90,793.90
2025-05-16,SP ACCESORIOS,P. PROTECTOR DELAN PLAS 32 1 IZQUIERDA,1,793.90,793.90
2025-05-16,SP ACCESORIOS,P. PROTECTOR DELAN PLAS 32,1,3066.46,3066.46
2025-05-16,SP ACCESORIOS,SOPORTE ARTICULADO 650X650 HOMOLOGADO,1,88257.27,88257.27
2025-05-16,SP ACCESORIOS,PARAGOLPE SEMIACOPLADO HOMO,1,581229.23,581229.23
2025-05-16,SP ACCESORIOS,PERFIL ALUMINIO 100X32X6000 POR METRO,1,21892.36,21892.36
2025-05-19,LOS PORTUGUESES,4 ABRAZADERAS 1 2 CT,1,31404.96,31404.96
2025-05-19,SANITARIOS ADRIANA,CERRADURAS ART.200 EN CAJA,1,23850.00,23850.00
2025-05-19,AVEDIS,OXIGENO INDUSTRIAL TUBO,1,2149.47,2149.47
2025-05-19,AVEDIS,ARGON TUBO,1,13504.88,13504.88
2025-05-19,AVEDIS,CO2 INDUSTRIAL TUBO,1,1661.75,1661.75
2025-05-19,AVEDIS,ACARREO GASEOSO (21%),1,0.01,0.01
2025-05-20,NEW GAS,GAR.10K.YPF GAS,1,13574.66,13574.66
2025-05-20,SANCHEZ HORACIO HECTOR,"CAMACHO HIERRO 2""1 2",1,78080.00,78080.00
2025-05-20,SANCHEZ HORACIO HECTOR,"CAMACHO CON BASE 2""1 2",1,96716.00,96716.00
2025-05-20,GIANNONI,ZEOCAR MASILLA FORMULA POL X 04,1,28532.00,28532.00
2025-05-20,GIANNONI,ESMALTE A. POLIU. 0100 X 04 NEGRO SAT,1,79034.00,79034.00
2025-05-20,GIANNONI,CONVERTIDOR PARA POLI. 9003 X 1,1,45844.33,45844.33
2025-05-20,GIANNONI,ALBALATEX INTERIORES BCO. X 10,1,60099.40,60099.40
2025-05-20,GIANNONI,FRATACHO LIJADOR MEDIANO,1,2604.52,2604.52
2025-05-20,GIANNONI,LIJA AL AGUA AA 600,1,775.68,775.68
2025-05-20,GIANNONI,LIJA AL AGUA AA 320,1,775.68,775.68
2025-05-20,CERSOSIMO,BURLETE ESPONJA 15X 30 MM,1,2739.08,2739.08
2025-05-20,CERSOSIMO,BURLETE ESPONJA 40 X 60 MM,1,30031.73,30031.73
2025-05-20,CERSOSIMO,BURLETE MEDICA CANA CON AGUJEROS CAUCHO EPDM,1,31046.40,31046.40
2025-05-20,HIERROS CASANOVA,UPN X 6 MTS 80,1,90218.03,90218.03
2025-05-20,HIERROS CASANOVA,IPN X 6 MTS 80,1,62848.40,62848.40
2025-05-20,HIERROS CASANOVA,TE 7 8X1 8,1,14021.01,14021.01
2025-05-20,HIERROS CASANOVA,ANGULOS 7 8X1 8,1,10861.97,10861.97
2025-05-20,HIERROS CASANOVA,ANGULOS 1.1 4X3 16,1,20232.65,20232.65
2025-05-20,HIERROS CASANOVA,"CA.EST.RED. 5 8X1,6",1,5867.51,5867.51
2025-05-20,HIERROS CASANOVA,TUBOS USO MECANICO 21 2 X 3.2 DIAM.EXT. 76.20,1,57818.52,57818.52
2025-05-20,HIERROS CASANOVA,"CA.EST.RECT. 100X20X1,6",1,30263.63,30263.63
2025-05-20,HIERROS CASANOVA,PLANCHUELAS 1X3 16,1,9302.77,9302.77
2025-05-20,HIERROS CASANOVA,PLANCHUELAS 1.1 2X1 4,1,17466.46,17466.46
2025-05-21,DISTRIBUIDORA DIEZ,LAMPARA LED FORZA 55W ALIC,1,16317.60,16317.60
2025-05-21,DISTRIBUIDORA DIEZ,LAMPARA LED 50W SYBYD,1,6849.70,6849.70
2025-05-21,DISTRIBUIDORA DIEZ,TUBO LED 18W ALIC,1,1543.10,1543.10
2025-05-21,DISTRIBUIDORA DIEZ,TUBO LED 48W ALIC,1,11650.60,11650.60
2025-05-21,DISTRIBUIDORA DIEZ,MTS.CABLE PRENSAMBLADO 2X6,1,1537.90,1537.90
2025-05-21,DISTRIBUIDORA DIEZ,LISTON LED 1X18,1,18226.00,18226.00
2025-05-21,DISTRIBUIDORA DIEZ,"ALICATE 6"" ZELTA",1,6492.20,6492.20
2025-05-21,DISTRIBUIDORA DIEZ,LAMPARA LED ALIC 48W E40,1,5736.90,5736.90
2025-05-21,PROVIN,"JUEGOS DE NIVEL 1 2""",1,77952.00,77952.00
2025-05-21,PROVIN,"VALVULA DE SEGURIDAD TIPO POP 1 1 4"" S REGULAR EMEVAL",1,357280.00,357280.00
2025-05-21,PROVIN,"CUPIAS NEGRAS SCH 40 2 1 2""",1,13528.84,13528.84
2025-05-21,PROVIN,"CUPLAS NEGRAS SCH 40 3""",1,21063.09,21063.09
2025-05-21,PROVIN,"CUPLAS NEGRAS SCH 40 1 2""",1,1644.62,1644.62
2025-05-21,BAIRES,H 309,1,5260.00,5260.00
2025-05-21,BAIRES,22209 EKC3W33,1,66890.00,66890.00
2025-05-21,BAIRES,VKUA 4554 A,1,24130.00,24130.00
2025-05-21,BAIRES,SN 509,1,37000.00,37000.00
2025-05-21,ELECTRO TRAILER,"CONJUNTO PERNO REY 2"" JOST",1,258147.92,258147.92
2025-05-21,ELECTRO TRAILER,TENSOR FIJO 500 MM ALT NAC,1,94716.71,94716.71
2025-05-21,ELECTRO TRAILER,TENSOR REGULABLE 450 500 MM ALT NAC,1,194789.84,194789.84
2025-05-21,ELECTRO TRAILER,TENSORN REGULABLE 400 450 MM ALT NAC,1,194789.84,194789.84
2025-05-21,ELECTRO TRAILER,PLAQUETA SUPERIOR ELASTICO 75 MM ALT NAC,1,29652.69,29652.69
2025-05-21,ELECTRO TRAILER,PLAQUETA INFERIOR ELASTICO DE FUNDICION (BANANITA) ALT NAC,1,17554.83,17554.83
2025-05-22,DACI,MOSQUETON GALVANIZADO 6X60,1,891.45,891.45
2025-05-22,DACI,TORNILLO TANQUE ZN 5 32X3 4,1,26.34,26.34
2025-05-22,DACI,TORNILLO TANQUE ZN 5 32X1 2,1,21.28,21.28
2025-05-22,DACI,TUERCA ZANCADA (04) 5 32 USS,1,11.07,11.07
2025-05-22,DACI,TARUGO NT 8,1,40.95,40.95
2025-05-22,DACI,TIRAFONDO HEXAG ZN BLANCO 3 16X1.1 2,1,41.52,41.52
2025-05-22,DACI,ARANDELA PLANA 3 16 ZINCADA,1,19.99,19.99
2025-05-22,DACI,"BROCA DE WIDIA VASTAGO HEXAGONAL 1 4"" 8 X 110",1,1580.56,1580.56
2025-05-22,ARGENGAS GROUP,OXIGENO A,1,1946.00,1946.00
2025-05-22,ARGENGAS GROUP,FLETE,1,36230.00,36230.00
2025-05-22,ARGENGAS GROUP,ALQUILER DE CILINDROS,1,230.70,230.70
2025-05-22,HIZA,TOBERAS 250,1,6320.00,6320.00
2025-05-22,HIZA,PICOS 0.9,1,1440.00,1440.00
2025-05-22,HIZA,APORTE 308 1.6,1,29300.00,29300.00
2025-05-22,HIZA,APORTE 308 2.4,1,29300.00,29300.00
2025-05-22,HIZA,TORCHAS REPARADAS,1,59200.00,59200.00
2025-05-23,TECNOPEG,NITRILO,1,88.65,88.65
2025-05-23,TER,TF ZF 16S 130 1650 N.M. C PL,1,502909.00,502909.00
2025-05-23,TER,EJE PROLONGADOR TF ZF 16S 1650,1,99469.00,99469.00
2025-05-23,VACIO PONT,BOMBA DE VACIO MODELO S 90 MARCA REGISTRADA MINYMASPRES,1,7372095.00,7372095.00
2025-05-23,VACIO PONT,"REPARACION BOMBA DE VACIO MODELO S 70, MARCA REGISTRADA MINYMASPRES.",1,2935500.00,2935500.00
2025-05-26,ELECTRO TRAILER,TENSOR FIJO 450,1,94716.71,94716.71
2025-05-26,VALVULAS ESTEBAN,UNION DOBLE AJUSTE TUBO 12,1,2423.29,2423.29
2025-05-26,VALVULAS ESTEBAN,TUERCA AJUSTE 12,1,2042.85,2042.85
2025-05-26,VALVULAS ESTEBAN,VIROLA 12 MM (X50),1,23875.22,23875.22
2025-05-26,SIRIO MATAFUEGOS,MATAFUEGOS ABC 10KG,1,140000.00,140000.00
2025-05-27,HERRAJES TURRIN,BISAGRA MUNICION 100 X 37 H. PULIDO,1,1879.02,1879.02
2025-05-27,DISTRIBUIDORA DIEZ,MTS CABLE T.T 2X1 MM,1,591.50,591.50
2025-05-27,DISTRIBUIDORA DIEZ,TUBO LED 18W INTERELEC,1,1709.50,1709.50
2025-05-27,DISTRIBUIDORA DIEZ,LISTON LED 1X18 DITECNICA,1,3350.00,3350.00
2025-05-27,RUBINETTI,FARO 850,1,24500.00,24500.00
2025-05-27,RUBINETTI,FARO 103,1,5000.00,5000.00
2025-05-27,RUBINETTI,FARO 650,1,6900.00,6900.00
2025-05-27,RUBINETTI,FARO 660 CRISTAL,1,6900.00,6900.00
2025-05-28,IM INDUSTRIAS S.R.L,CERRADURA T NEGRA,1,23868.00,23868.00
2025-05-28,HIDRONOVA,REPARACION DE CILINDRO HIDRAULICO (APERTURA DE TAPA),1,245000.00,245000.00
2025-05-29,CONSTRUMUNDO,TOSCA MT3,1,15900.00,15900.00
2025-05-29,ILUZ,FICHA IND 2X 16A+T MACH 220 AZU PH 6 IP44,1,6758.07,6758.07
2025-05-29,ILUZ,TOMA IND 2X 16A+T 220 EXTER H AZU INCL IP44,1,19703.41,19703.41
2025-05-29,ILUZ,CABLE SUBTER 1KV CU 2X 4MM2 PVC FLEXIBLE,1,2099.64,2099.64
2025-05-29,SP ACCESORIOS,CONO BALIZADOR DE 55 CM,1,22049.78,22049.78
2025-05-29,SP ACCESORIOS,TANQUE DE AGUA 25L NEGRO C JABONERA,1,28287.45,28287.45
2025-05-29,SP ACCESORIOS,P. PROTECTOR TRAS PLAS 32 1,1,237.82,237.82
2025-05-29,BALIO,LANZA M.H. CON PUNTERA Y PIPAS,1,193589.32,193589.32
2025-05-29,BALIO,"BUJE LANZA M.H 1 2"" X 77 X 83",1,9549.54,9549.54
2025-05-29,BALIO,KIT S BUJE SUSPENSION LANZA MONT,1,22425.20,22425.20
2025-05-29,BALIO,OJAL DE LANZA NA3 COMPLETO,1,97260.93,97260.93
2025-05-29,BALIO,BUJE BALANCIN POLIPROPILENO M.H. (,1,3526.20,3526.20
2025-05-29,BALIO,BUJE DE TENSOR GOMA M.H. 7 8 X 78,1,4704.63,4704.63
2025-05-29,BALIO,PERNO BALANCION M.H.PISTA 147MM C T,1,31296.76,31296.76
2025-05-29,BALIO,CHAVETA 6 X 70,1,683.28,683.28
2025-05-29,CONSTRUMUNDO,PIEDRA PARTIDA 1M3,1,47933.88,47933.88
2025-05-29,CONSTRUMUNDO,ARENA MT3,1,28925.62,28925.62
2025-05-29,CONSTRUMUNDO,BOLSAS CEMENTO 50KG AVELLANEDA,1,8677.69,8677.69
2025-05-29,CONSTRUMUNDO,BOLSA CAL HIDRAT EXTRA 25 KG,1,4132.23,4132.23
2025-05-29,CONSTRUMUNDO,HIERRO ALETADO 10MM,1,11528.93,11528.93
2025-05-29,CONSTRUMUNDO,HIERRO ALETADO 6MM,1,4958.68,4958.68
2025-05-29,CONSTRUMUNDO,MALLA 15X15 H 6 DE 2X5M,1,47933.88,47933.88
2025-05-29,CONSTRUMUNDO,ALAMBRE DE FARDO POR KG,1,3512.40,3512.40
2025-05-29,CONSTRUMUNDO,CLAVOS PUNTA PARIS 2 1 2,1,3512.40,3512.40
2025-05-30,HIDRONOVA,MANGUERA 3 8 R2 X 1650MM HG 3 8 AS M X HG 3 4 JIC,1,37450.00,37450.00
2025-05-30,HIDRONOVA,CODO 90 JIC X NPT 3 4 X 3 8,1,13875.28,13875.28
2025-05-30,HIDRONOVA,MANGUERA 3 8 R2 X 2750MM HG X HG 3 4 JIC,1,51750.00,51750.00
2025-05-30,HIDRONOVA,CODO 90 JIC X NPT 3 4 X 1 2,1,17063.95,17063.95
2025-05-30,HIDRONOVA,MANGUERA 3 4 R1 X 1500MM HG X HG 1.1 16 JIC,1,61050.00,61050.00
2025-05-30,HIDRONOVA,CODO 90 JIC X NPT 1.1 16X 1 2,1,23437.90,23437.90
2025-05-30,HIDRONOVA,ADAPTADOR JIC X NPT 1.1 16 X 3 4,1,6758.35,6758.35
2025-05-30,HIDRONOVA,"MANGUERA 3 4 R1 X 1850MM HG 1,1 16 JIC X HG 1.1 16 JIC",1,64522.00,64522.00
2025-05-30,HIDRONOVA,ADAPTADOR JIC X NPT 1.1 16 X 1,1,8360.00,8360.00
2025-05-30,HIDRONOVA,MANGUERA 1 2 R1 X 300MM HG X HG 7 8 JIC,1,19900.00,19900.00
2025-05-30,HIDRONOVA,ADAPTADOR JIC X NPT 7 8 X 1 2,1,3298.85,3298.85
2025-05-30,HIDRONOVA,ADAPTADOR JIC X NPT 7 8 X 3 4,1,6529.70,6529.70
2025-05-30,HIDRONOVA,MANGUERA 3 4 R1 X 620MM HG X HG 1.1 16 JIC,1,43567.00,43567.00
2025-05-30,HIDRONOVA,"ADAPTADOR JIC X NPT 1,1 16 X 3 4",1,6758.35,6758.35
2025-05-30,HIDRONOVA,"RACORD FORJADO DE ACERO 3""",1,55100.00,55100.00
2025-05-30,AGUAYO,"TETON REPARACION TENSOR 3 4 7 8 1"" ESP. 9MM",1,3894.86,3894.86
2025-05-30,AGUAYO,"PERNO TENSOR 7 8 X 6"" (152 MM. ) 3964",1,7086.90,7086.90
2025-05-30,AGUAYO,TUERCA AUTOF. 7 8 SAE. 2996,1,3165.46,3165.46
2025-05-30,AGUAYO,ENGRANAJE DOBLE 52 X 18 DIENTES JOST,1,158751.62,158751.62
2025-05-30,AGUAYO,EJE TREN RETR UNION PTA CUADR DER. JOST AL00201J00,1,58051.55,58051.55
2025-05-30,AGUAYO,CORONA CONICA 26 DIENTES JOST NUEVA 100000128594,1,166736.84,166736.84
2025-05-30,AGUAYO,PINON TREN RETR. JOST18 DIENTES MOD. NUEVO,1,133449.40,133449.40
2025-05-30,AGUAYO,ESPINA ELASTICA 8 X 40 E0108 065,1,591.02,591.02
2025-05-30,AGUAYO,ESPINA ELASTICA 6 X 55 E0106 075,1,567.82,567.82
2025-05-30,AGUAYO,BUJE PLASTICO CAJA TRANS. JOST AD00405J00 11,1,7783.46,7783.46
2025-05-30,AGUAYO,BUJE PLASTICO EJE TRANS. JOST AD00404J00 11,1,4497.23,4497.23
2025-05-30,AGUAYO,BUJE PLASTICO JOST AD0040GJ00 5 CONDUCIDA,1,1685.84,1685.84
2025-05-30,AGUAYO,BUJE PLASTICO JOST AD00402J00 20 CONDUCIDA,1,1794.63,1794.63
2025-05-30,AGUAYO,BUJE PLASTICO JOST AD00403J00 8,1,2637.77,2637.77
2025-05-30,AGUAYO,GUARDAFANGO BAJO PARAGOLPE LISO 7000 2.35 MTS X 30,1,54769.40,54769.40
2025-05-30,AGUAYO,ARANDELA PERNO BAL. MONT. AV11,1,1469.42,1469.42
2025-05-30,AGUAYO,PERNO DE LANZA DE 38 X 120 MM C TCA MONT.,1,38479.99,38479.99
2025-05-31,BURGOM,ZAPATO OZONO C P FLOR NEGRO N38 47,1,71078.40,71078.40
2025-05-31,BURGOM,BOTA NEGRA PVC N 38 46 LN,1,21384.00,21384.00
2025-05-31,BURGOM,ABR.SUPER PRESION 28 34,1,2397.98,2397.98
2025-05-31,BURGOM,"TRICOFLEX RA RESISTENTE A LA ABRASION ASP EXP 1"" 1 4",1,2916.90,2916.90
2025-05-31,BURGOM,"TRICOFLEX RA RESISTENTE A LA ABRASION ASP EXP 1""",1,2832.26,2832.26
2025-05-31,AVEDIS,CO2 INDUSTRIAL TUBO,1,1661.75,1661.75
2025-05-31,AVEDIS,ACARREO GASEOSO (21%),1,0.01,0.01
2025-05-31,AVEDIS,ALQUILER DE TUBO DEL 27 04 AL 31 05 (21%),1,250.00,250.00
2025-06-02,SARABIA MARIO FABIAN,"CANO DE 3"" A DIAMETRO 1950.2150.2050",1,30000.00,30000.00
2025-06-02,CONSTRUMUNDO,MALLA 15X15 H 6 DE 2X5M,1,47933.88,47933.88
2025-06-02,FRANCO LUCAS MARTIN,TARJETA RELIOJ MENSUAL,1,219.01,219.01
2025-06-02,INTERNET,MGW 50 MB FTTH,1,14049.59,14049.59
2025-06-02,INTERNET,ABONO CORPORATIVO,1,619.83,619.83
2025-06-02,BOMBAS PUENTE,"BOMBA DE VACIO, MODELO S 90. MARCA REGISTRADA MINYMASPRES. N FR SERIE: 9507",1,7372095.00,7372095.00
2025-06-03,JORGE CD KOT,POR CERTIFICADO ANUAL DEL COMPRESOR DE AIRE DE LA PLANTA,1,115000.00,115000.00
2025-06-03,AGUAYO,MANO DE OBRA EMBUJADO BALANCION,1,8000.00,8000.00
2025-06-03,SP ACCESORIOS,PARAGOLPE SEMIACOPLADO HOMO,1,581229.23,581229.23
2025-06-03,SP ACCESORIOS,SOPORTE ARTICULADO 650X650 HOMOLOGADO,1,88257.27,88257.27
2025-06-03,SP ACCESORIOS,PERFIL ALUMINIO 100X32X6000 POR METRO,1,21892.36,21892.36
2025-06-03,SP ACCESORIOS,P. PROTECTOR TRAS PLAS 32 1,1,237.82,237.82
2025-06-04,ARGENGAS GROUP,OXIGENO A,1,1946.00,1946.00
2025-06-04,ARGENGAS GROUP,FLETE,1,36230.00,36230.00
2025-06-04,ARGENGAS GROUP,ALQUILER DE CILINDROS,1,230.70,230.70
2025-06-04,BULONES COIRO,(004443) BUL HEXAGONAL A8.8 Z PD 1 2 13H 63,1,919.10,919.10
2025-06-04,BULONES COIRO,(012269) TUER AUTOF AL ACER Z PD 1 2 13H,1,221.52,221.52
2025-06-04,BULONES COIRO,(005664) TUER HEXAGONAL HIER Z AZ 1 2 13H,1,145.81,145.81
2025-06-04,NEW GAS,GAR.10K.YPF GAS,1,13574.66,13574.66
2025-06-04,SP ACCESORIOS,P. PROTECTOR TRAS PLAS 32 1,1,237.82,237.82
2025-06-04,SP ACCESORIOS,P.PROTECTOR DELAN PLAS 32 1 DERECHA,1,739.90,739.90
2025-06-04,SP ACCESORIOS,P.PROTECTOR DELAN PLAS 32 1 IZQUIERDA,1,793.90,793.90
2025-06-05,GIANNONI,GLASURIT COLOR 22 X 01,1,79929.52,79929.52
2025-06-05,GIANNONI,GLASURIT COLOR 22 X 4 LT,1,301540.54,301540.54
2025-06-05,GIANNONI,GLASURIT CAT.RAP.929 91 X 2.5,1,154122.93,154122.93
2025-06-05,GIANNONI,ENVASE X 1 (72),1,1017.60,1017.60
2025-06-05,GIANNONI,ENVASE X 4 (24),1,2265.60,2265.60
2025-06-05,ULTRACOLOR,ZEOCAR MASILLA POLIESTER X4K,1,24838.50,24838.50
2025-06-06,INSUMA SUR,POLIC ALV CRIST 1.18 X 6MT 4MM,1,134217.86,134217.86
2025-06-06,INSUMA SUR,"GANCHOS ""J"" 80 MM X 100 UNID.",1,83901.31,83901.31
2025-06-06,ELECTRO TRAILER,AL00340J01 ST JUEGO PATAS DE APOYO B200 STANDART JOST,1,958541.25,958541.25
2025-06-06,ELECTRO TRAILER,EXP394 PAQUETE ELASTICO MONTENEGRO TRASERO ALT NAC,1,397685.28,397685.28
2025-06-06,NEPOTE,POLEA FUND. 4 B 240,1,106600.00,106600.00
2025-06-06,NEPOTE,POLEA FUND. 4 B 160,1,67500.00,67500.00
2025-06-06,NEPOTE,POLEA FUND. 4 B 140,1,58900.00,58900.00
2025-06-06,GIANNONI,CINTA DOBLE A N 988 18 X 50,1,2686.30,2686.30
2025-06-06,INSUMA SUR,"CH CINC SINUS C25 4,5 MT",1,77982.70,77982.70
2025-06-06,AGUA PARICE,BIDONES DE AGUA,1,3000.00,3000.00
2025-06-09,SANITARIOS ADRIANA,RUEDA PORTON 100 MM.,1,8500.00,8500.00
2025-06-09,SANITARIOS ADRIANA,"TEFLON ALTA DENSIDAD 3 4 X 10 MTS ""LATYN """,1,1300.00,1300.00
2025-06-09,SANITARIOS ADRIANA,TORNILLO C TARUGO 6,1,60.00,60.00
2025-06-09,SANITARIOS ADRIANA,TORNILLO C TARUGO 8,1,80.00,80.00
2025-06-09,NEPOTE,POLEA FUND. 4 B 240,1,106600.00,106600.00
2025-06-09,HIDRONOVA,MANOMETRO VACUOMETRO DIAM 100 X ROSCA 1 2 SALIDA INFE,1,43600.00,43600.00
2025-06-09,TER,TF FS 6306 A NEUM.MULT. C PL.,1,535884.00,535884.00
2025-06-10,DISTRIBUIDORA DIEZ,TAPA 3 MODULOS BLANCA EXULTT,1,334.10,334.10
2025-06-10,DISTRIBUIDORA DIEZ,BASTIDOR EXULT,1,219.70,219.70
2025-06-10,DISTRIBUIDORA DIEZ,MODULO DE TOMA EXULTT,1,349.70,349.70
2025-06-10,DISTRIBUIDORA DIEZ,MODULO 1 PUNTO EXULT,1,556.40,556.40
2025-06-10,DISTRIBUIDORA DIEZ,TAPON EXULTT,1,72.80,72.80
2025-06-10,DISTRIBUIDORA DIEZ,TUBO LED 18W INTERELEC,1,1580.80,1580.80
2025-06-10,DISTRIBUIDORA DIEZ,LISTON LED 1X18 DITECNICA,1,4355.00,4355.00
2025-06-10,DISTRIBUIDORA DIEZ,PORTALAMPARA C CHICOTE,1,399.10,399.10
2025-06-10,DISTRIBUIDORA DIEZ,LAMPARA LED 12W FRIAS ALIC,1,731.90,731.90
2025-06-10,DISTRIBUIDORA DIEZ,BOLSA DE PRECINTOS SYBYD ALT5 NEGRO,1,4355.00,4355.00
2025-06-10,DISTRIBUIDORA DIEZ,BOLSA DE PRECINTOS SYBYD ALT3 NEGROS,1,3031.60,3031.60
2025-06-10,DISTRIBUIDORA DIEZ,PORTALAMPARA DE BAQUELITA ROSCA EDISON,1,691.60,691.60
2025-06-10,DISTRIBUIDORA DIEZ,LAMPARA LED 50W IDOLER,1,691.60,691.60
2025-06-10,DISTRIBUIDORA DIEZ,ADAPTADOR DE EDISON A GOLIAT,1,2340.00,2340.00
2025-06-10,AVEDIS,OXIGENO INDUSTRIAL TUBO,1,2149.74,2149.74
2025-06-10,AVEDIS,ACARREO GASEOSO (21%),1,0.01,0.01
2025-06-10,ULTRACOLOR,"ALBAMIX 4570100 ESM PU ""NARANJA 03"" A X4LTS",1,54790.49,54790.49
2025-06-10,ULTRACOLOR,ALBAMIX(5188812) 4590013 CONV P FDO 2K X1,1,28058.06,28058.06
2025-06-11,CONSTRUMUNDO,TOSCA MT3,1,15900.00,15900.00
2025-06-11,DISTROPAR,CINTA PAPEL MULTIUSO 903 18X40,1,1832.40,1832.40
2025-06-11,TER,TF EA11109LA NEUM.MULT.LA C PLFORD 1729 AUTOM 2016,1,645878.00,645878.00
2025-06-11,MECAFER,"DISCOPARADESBASTESECUREXTRA178X7 , 0X",1,4330.22,4330.22
2025-06-11,MECAFER,FLAPSTANDARD28N115ZA 80,1,2621.16,2621.16
2025-06-11,MECAFER,HOJA AL AGUA WA70 120,1,388.73,388.73
2025-06-11,TRV,TVR 53 AB,1,10200.00,10200.00
2025-06-12,MAQUA TOOLS,CAJA X 12 CINTA EVEL RETROBLOCK 5 MTS,1,85090.17,85090.17
2025-06-12,MERCEDES BENZ,VAR INTERRUPTOR TOMA,1,57178.44,57178.44
2025-06-13,FRANCO LUCAS MARTIN,H 309,1,5365.00,5365.00
2025-06-13,FRANCO LUCAS MARTIN,RETEN 5432 LX DBH,1,1750.00,1750.00
2025-06-13,FRANCO LUCAS MARTIN,22209 CKC3W33,1,68230.00,68230.00
2025-06-13,FRANCO LUCAS MARTIN,22209 EKC3W33,1,68230.00,68230.00
2025-06-13,FRANCO LUCAS MARTIN,SN 509,1,37740.00,37740.00
2025-06-17,JMH,"22100 R 1 2""NPT 2,5 BAR PSI",1,39600.00,39600.00
2025-06-17,JMH,"22100 R 1 2""NPT 76 CM HG",1,39600.00,39600.00
2025-06-17,FABIO LEON,"KGR DE ARANDELA PLANA H GALV.AZUL 5 16""",1,5336.00,5336.00
2025-06-17,FABIO LEON,"TUERCA EXAGONAL LIVIANA UNC GALV.AZUL 5 16""",1,15.38,15.38
2025-06-17,FABIO LEON,"BULON PULIDO UNC GALV.AZUL 5 16X3 4""",1,35.60,35.60
2025-06-17,FABIO LEON,"BULON PULIDO UNC GALV.AZUL 5 16X1""",1,42.00,42.00
2025-06-17,FABIO LEON,"TUERCA AUTOFRENANTE 5 6""",1,40.00,40.00
2025-06-17,INOXIDABLES PIERRI,1 2 NIPLE 1 2 AISI 304,1,2160.00,2160.00
2025-06-17,INOXIDABLES PIERRI,TEE ROSC 3 4 AISI 304,1,6600.00,6600.00
2025-06-17,INOXIDABLES PIERRI,CODOS ROSC 3 4 AISI 304,1,7200.00,7200.00
2025-06-17,INOXIDABLES PIERRI,TAPON 3 4 AISI 304,1,3600.00,3600.00
2025-06-17,INOXIDABLES PIERRI,NIPLES 3 4 X 150 AISI 304,1,9000.00,9000.00
2025-06-17,INOXIDABLES PIERRI,"TEE ROSC 1"" AISI 304",1,12000.00,12000.00
2025-06-17,INOXIDABLES PIERRI,"TAPON 1"" AISI 304",1,5400.00,5400.00
2025-06-17,INOXIDABLES PIERRI,"ENTRE ROSCA 1"" AISI 304",1,4200.00,4200.00
2025-06-17,INOXIDABLES PIERRI,"NIPLE 1"" X 100 AISI 304",1,7200.00,7200.00
2025-06-17,INOXIDABLES PIERRI,"CUPLAS 2"" AISI 304",1,14400.00,14400.00
2025-06-17,INOXIDABLES PIERRI,"TAPON 2"" AISI 304",1,15600.00,15600.00
2025-06-17,INOXIDABLES PIERRI,"NIPLE 2"" X 100 AISI 304",1,13200.00,13200.00
2025-06-17,ELECTRO TRAILER,AL00284J01 JUEGO PATAS DE APOYO B200 TELESCOPICA JOST,1,1302494.98,1302494.98
2025-06-17,ELECTRO TRAILER,EXP394 PAQUETE ELASTICO MONTENEGRO TRASERO ASICHA,1,397685.28,397685.28
2025-06-17,AVEDIS,OXIGENO INDUSTRIAL TUBO,1,2149.74,2149.74
2025-06-17,AVEDIS,CO2 INDUSTRIAL TUBO,1,1661.75,1661.75
2025-06-17,AVEDIS,ACARREO GASEOSO (21%),1,0.01,0.01
2025-06-17,VALVULAS ESTEBAN,VALVULA BOTON 5 VIAS X 1 4,1,20240.64,20240.64
2025-06-17,VALVULAS ESTEBAN,TAPON (ACERO) 1 4 NPT,1,659.01,659.01
2025-06-17,VALVULAS ESTEBAN,CUPLA (ACERO) 1 4 (X10),1,7791.18,7791.18
2025-06-17,VALVULAS ESTEBAN,BUJE DE REDUCCION (ACERO) M H 3 4 X 1 4,1,2819.85,2819.85
2025-06-17,VALVULAS ESTEBAN,BUJE DE REDUCCION (ACERO) M H 1 4 X 1 8,1,513.36,513.36
2025-06-17,VALVULAS ESTEBAN,CODO 90O PLASTICO 6 X 1 4,1,1466.64,1466.64
2025-06-17,VALVULAS ESTEBAN,CODO 90O PLASTICO 8 X 1 4,1,1495.20,1495.20
2025-06-17,VALVULAS ESTEBAN,UNION DOBLE AJUSTE TUBO 8,1,1432.21,1432.21
2025-06-17,VALVULAS ESTEBAN,TUERCA AJUSTE 8 (X10),1,7583.17,7583.17
2025-06-17,VALVULAS ESTEBAN,5 2 SIMPLE SOLENO C CHOQUE 1 4 BSP 24 V.,1,20512.80,20512.80
2025-06-17,VALVULAS ESTEBAN,REGULADOR 1 4,1,22740.48,22740.48
2025-06-17,VALVULAS ESTEBAN,TERRAJA LARGA CON MANGO PLASTICO,1,1053.02,1053.02
2025-06-18,ULTRACOLOR,DIRPOEL DILUY ACRILICO X 200L,1,581250.00,581250.00
2025-06-18,ULTRACOLOR,DIPROEL DILUY POLIURETANO X 200L,1,614250.00,614250.00
2025-06-18,ARGENGAS GROUP,OXIGENO A,1,1946.00,1946.00
2025-06-18,ARGENGAS GROUP,DIOXIDO DE CARBONO DE 30.00 KG,1,1285.00,1285.00
2025-06-18,ARGENGAS GROUP,FLETE,1,36230.00,36230.00
2025-06-18,ARGENGAS GROUP,ALQUILER DE CILINDROS,1,230.70,230.70
2025-06-18,MECAFER,ANTEOJO ARGON TRANSPARENTE H C (LIB,1,1291.65,1291.65
2025-06-18,MECAFER,ANTEOJO ARGON GRIS H C (LIBUS),1,1291.65,1291.65
2025-06-18,MECAFER,DELANTAL DESCARNE PREMIUM,1,7975.05,7975.05
2025-06-18,BEARINGS,CONECTORES DE TANQUE MB,1,9917.36,9917.36
2025-06-19,SP ACCESORIOS,P.PROTECTOR DELAN PLAS 32 1 IZQUIERDA,1,793.90,793.90
2025-06-19,SP ACCESORIOS,P.PROTECTOR DELAN PLAS 32 1 DERECHA,1,793.90,793.90
2025-06-20,CONSTRUMUNDO,HIERRO ALETADO 8MM,1,7520.66,7520.66
2025-06-23,FERRIN,CUERDA VITON DIAM. 4 MM,1,2950.00,2950.00
2025-06-23,FERRIN,CUERDA VITON DIAM. 5 MM,1,3186.00,3186.00
2025-06-23,TANGLER,IMO CLASE 9 REFLECTIVO,1,4956.00,4956.00
2025-06-23,TANGLER,UN 90 3077 REFLECTIVO,1,6612.00,6612.00
2025-06-23,TANGLER,UN 90 3082 REFLECTIVO,1,6612.00,6612.00
2025-06-23,TER,TF MB G291 NEUM.MULT.ALT2 C PL ALTO TORQUE 1.33,1,1060316.00,1060316.00
2025-06-23,TER,EJE PROLONGADOR G291 12 C PLACANEW 2022 ( 260MM ) ( 260 MM ),1,267841.00,267841.00
2025-06-24,TER,TF MB G140 NEUM.MULT. C PLATO,1,1099928.00,1099928.00
2025-06-25,HIERROS MORELLI,"CANO USO MEC. 4"" X 4 MM X 6.40 MT.",1,132231.40,132231.40
2025-06-25,HIERROS CASANOVA,"METAL DESPLEGADO 450 30 30 2(1,5X3)",1,58425.64,58425.64
2025-06-25,RUBINETTI,830 19 LED AG R BIV,1,40676.00,40676.00
2025-06-25,RUBINETTI,830 19 LED AG C BIV,1,40676.00,40676.00
2025-06-25,RUBINETTI,830 19 LED AG A BIV,1,40676.00,40676.00
2025-06-25,ARGENGAS GROUP,OXIGENO A,1,1946.00,1946.00
2025-06-25,ARGENGAS GROUP,FLETE,1,36230.00,36230.00
2025-06-25,ARGENGAS GROUP,ALQUILER DE CILINDROS,1,230.70,230.70
2025-06-25,HIERROS CASANOVA,UPN X 6 MTS 80,1,90947.30,90947.30
2025-06-25,HIERROS CASANOVA,IPN X 6 MTS. 80,1,63356.61,63356.61
2025-06-25,HIERROS CASANOVA,TE 7 8X1 8,1,14134.35,14134.35
2025-06-25,HIERROS CASANOVA,ANGULOS 7 8X1 8,1,10949.82,10949.82
2025-06-25,HIERROS CASANOVA,ANGULOS 1.1 4X3 16,1,20396.21,20396.21
2025-06-25,HIERROS CASANOVA,"CA.EST.RED. 5 8X1,24",1,5115.59,5115.59
2025-06-25,HIERROS CASANOVA,"CA.EST.RED. 1 2X1,24",1,3500.95,3500.95
2025-06-25,HIERROS CASANOVA,"CA.EST.RED. 1X1,6",1,9867.68,9867.68
2025-06-25,HIERROS CASANOVA,TUBOS USO MECANICO 1 X2.85 DIAM EXT. 33.7,1,22144.76,22144.76
2025-06-25,HIERROS CASANOVA,TUBOS USO MECANICO 2 X 3.2 DIAM.EXT. 60.30,1,45587.27,45587.27
2025-06-25,HIERROS CASANOVA,TUBOS USO MECANICO 21 2 X 3.2 DIAM.EXT. 76.20,1,58285.96,58285.96
2025-06-25,HIERROS CASANOVA,TUBOS USO MECANICO 3 X 5.15 DIAM.EXT. 88.90,1,112790.62,112790.62
2025-06-25,HIERROS CASANOVA,PLANCHUELAS 1X3 16,1,9378.02,9378.02
2025-06-25,HIERROS CASANOVA,PLANCHUELAS 1.1 2X1 4,1,17607.75,17607.75
2025-06-25,HIERROS CASANOVA,PLANCHUELAS 5X1 4,1,54461.91,54461.91
2025-06-25,HIERROS CASANOVA,REDONDOS 5 8,1,13505.03,13505.03
2025-06-25,HIERROS CASANOVA,"CA.ESTE.RECT. 80X40X1,24",1,23673.10,23673.10
2025-06-25,HIERROS CASANOVA,"CA.EST.RECT. 50X40X1,2",1,17948.21,17948.21
2025-06-25,HIERROS CASANOVA,"CA.EST.CUAD. 40X40X1,24",1,15909.33,15909.33
2025-07-01,CONSTRUMUNDO,ALAMBRE DE FARDO POR KG,1,3512.40,3512.40
2025-07-01,CONSTRUMUNDO,BOLSAS CEMENTO 50KG AVELLANEDA,1,8677.69,8677.69
2025-07-01,CONSTRUMUNDO,CLAVOS PUNTA PARIS 2,1,3512.40,3512.40
2025-07-01,CONSTRUMUNDO,CLAVOS PUNTA PARIS 2 1 2,1,3512.40,3512.40
2025-07-01,PLASMA CONTROL,ELECTRODO,1,9000.00,9000.00
2025-07-01,PLASMA CONTROL,TOBERA,1,9100.00,9100.00
2025-07-01,DISTRIBUIDORA DIEZ,CONECTOR CURVO DAISA FT52 1 2,1,12350.00,12350.00
2025-07-01,DISTRIBUIDORA DIEZ,CONECTOR RECTO DAISA 3 4 FT33,1,4810.00,4810.00
2025-07-01,DISTRIBUIDORA DIEZ,TUERCA 1 2,1,837.00,837.00
2025-07-01,DISTRIBUIDORA DIEZ,BOLSA DE PRECINTOS SYBYD ALT5 NEGRO,1,4680.00,4680.00
2025-07-01,DISTRIBUIDORA DIEZ,BOLSA DE PRECINTOS SYBYD ALT3 NEGROS,1,3031.60,3031.60
2025-07-01,DISTRIBUIDORA DIEZ,MTS. CABLE TIPO TALLER 2X1MM,1,516.10,516.10
2025-07-01,DISTRIBUIDORA DIEZ,MTS. CABLE TIPO TALLER 3X1.,1,733.20,733.20
2025-07-01,DISTRIBUIDORA DIEZ,MTS. CABLE TIPO TALLER 7X1.5MM,1,2480.40,2480.40
2025-07-01,CERSOSIMO,BURLETE ESPONJA 8 X 80 MM,1,4389.19,4389.19
2025-07-02,MECAFER,HOJA AL AGUA WA70 120,1,388.73,388.73
2025-07-02,KELCOT,KELCOT M 17 ADHESIVO EPOXI NAUTICO X 500CC,1,29640.00,29640.00
2025-07-02,CONSTRUMUNDO,LAD CERAMICO 12X18X33,1,570.25,570.25
2025-07-02,CONSTRUMUNDO,"MALLA 15X15 H 4,2 DE 2X5M",1,19421.49,19421.49
2025-07-03,NEW GAS,GAR.45.YPF GAS,1,47963.80,47963.80
2025-07-03,AGUAYO,ENCHUFE DE LUCES 7 P. HEMBRA TRAILER DM 57,1,23024.00,23024.00
2025-07-03,CONSTRUMUNDO,BOLSA CEMENTO 50KG AVELLANEDA,1,8677.69,8677.69
2025-07-03,CONSTRUMUNDO,ARENA C BOLSON 1TN,1,35537.19,35537.19
2025-07-03,CONSTRUMUNDO,PIEDRA PARTIDA C BOLSON 1TN,1,54545.45,54545.45
2025-07-03,FERRIN,CUERDA VITON DIAM. 4 MM,1,3112.50,3112.50
2025-07-03,FERRIN,CUERDA VITON DIAM. 5 MM,1,3361.50,3361.50
2025-07-03,FERRIN,CANO 76 MM CON DOBLE TELA,1,42205.00,42205.00
2025-07-03,FERRIN,CANO 90 MM CON DOBLE TELA,1,52165.00,52165.00
2025-07-03,MARBY,CH LC CC 6.35X1500X7000,1,1136.32,1136.32
2025-07-03,MARBY,CH LC CC 4.75X1500X6000,1,1127.50,1127.50
2025-07-03,MARBY,CH LC CC 3.20X1500X6000,1,1136.32,1136.32
2025-07-03,MARBY,CH LC CC 8.00X1500X3000,1,1136.32,1136.32
2025-07-03,MARBY,CH LF CC 1.60X1220X2440,1,1361.09,1361.09
2025-07-03,MARBY,CH LF CC 2.00X1500X2440,1,1361.09,1361.09
2025-07-04,VALVULAS ESTEBAN,TUBO POLIAMIDA (6) 6 X 4 100MTS N,1,44620.80,44620.80
2025-07-04,ROSSI,629 ZZ CMB,1,3000.00,3000.00
2025-07-04,ROSSI,6002 2RS FARMER,1,3000.00,3000.00
2025-07-04,ROSSI,SN 507 SOPORTE,1,25000.00,25000.00
2025-07-04,ROSSI,H 307 MANGUITO,1,7000.00,7000.00
2025-07-04,ROSSI,1207 K UBC,1,14000.00,14000.00
2025-07-04,BURGOM,REGATON RECTANGULAR 30X50,1,354.60,354.60
2025-07-04,BURGOM,CORREA EVER WEAR B 080,1,24880.80,24880.80
2025-07-04,BURGOM,TEFLON 3 4 X 20 MTS.,1,989.94,989.94
2025-07-04,BURGOM,PISCINA N 38MM,1,2952.77,2952.77
2025-07-04,BURGOM,"REGATON REDONDO INTERIOR 1""",1,100.80,100.80
2025-07-04,BURGOM,BURLETE DE GOMA ESPONJA 25X50,1,11417.05,11417.05
2025-07-04,BURGOM,CORREA EVER WEAR B 090,1,27996.00,27996.00
2025-07-04,BURGOM,GUANTE DE JERSEY MOTEADO LIVIANO,1,1415.52,1415.52
2025-07-04,BURGOM,CORREA EVER WEAR B 050,1,15549.60,15549.60
2025-07-04,BURGOM,ADHESIVO DIGOCOL 250 CC.,1,3984.30,3984.30
2025-07-04,ULTRACOLOR,ALBAMIX 4570111 POLIUR BLANCO A X4L,1,54799.44,54799.44
2025-07-04,ULTRACOLOR,ALBAMIX(5188812) 4590013 CONV P FDO 2K X1L,1,28058.06,28058.06
2025-07-04,ULTRACOLOR,ALBAMIX 4570100 POLIUR NEGRO A X4L,1,53634.96,53634.96
2025-07-04,ULTRACOLOR,ALBAMIX 4570100 POLIUR GRIS LLANTA A X4L,1,52613.33,52613.33
2025-07-04,ULTRACOLOR,ALBAMIX 4570100 POLIUR AMARILLO MEDIANO A X4L,1,71487.69,71487.69
2025-07-04,ULTRACOLOR,ALBAMIX(5188812) 4590013 CONV P FD0 2K X1L,1,28058.06,28058.06
2025-07-05,GIANNONI,ESMALTE A. POLIU. ALUX 019 V. CLARO. 0100 X 03,1,67209.38,67209.38
2025-07-05,GIANNONI,CONVERTIDOR 9013 X 1,1,29589.18,29589.18
2025-07-07,BALIO,BAL 9735000140 VAL DESC RAPIDA (1 4 BSPT)A DM165,1,12350.00,12350.00
2025-07-07,BALIO,K 206005 MACHO HEMBRA 3 8X1 4 GAS INT,1,1618.96,1618.96
2025-07-07,GIANNONI,SATINOL AL AGUA BLANCO PP X 04,1,47959.38,47959.38
2025-07-07,GIANNONI,VITROLUX MAGIC 3EN1 BTE BLANCO X 1 LTS,1,9166.17,9166.17
2025-07-07,COINGAS,"BUJE RED. GALV. 3"" X 2 1 2 DEMA",1,12894.94,12894.94
2025-07-07,COINGAS,TEFLON 3 4 X 20 MTS.,1,529.93,529.93
2025-07-07,ARGENGAS GROUP,DIOXIDO DE CARBONO DE 30.00 KG,1,1285.00,1285.00
2025-07-07,ARGENGAS GROUP,OXIGENO A,1,1946.00,1946.00
2025-07-07,ARGENGAS GROUP,FLETE,1,36230.00,36230.00
2025-07-07,ARGENGAS GROUP,ALQUILER DE CILINDROS,1,230.70,230.70
2025-07-07,MAQUITOOLS,LIJADORA ORBITAL 300 WATT 95 X 200 MM MO110 MARTII,1,467976.03,467976.03
2025-07-08,ROSSI,VKUA 4554 A SKF IND.ARG.,1,35000.00,35000.00
2025-07-08,IVECAM,INTERRUPTOR TERCER EJE (503349078)?,1,48760.33,48760.33
2025-07-08,DACI,GRABADOR ELECTRICO DREMEL 220V 290 ENGRAVER,1,58722.80,58722.80
2025-07-08,DACI,PROWORK 242 290 609 680 X 10 ML,1,5424.19,5424.19
2025-07-08,MERCEDES BENZ,FA INTERRUPTOR BASCULANTE,1,67442.40,67442.40
2025-07-08,DACI,TALADRO PERCUTOR MANDRIL 13MM 850W C REVERSA BOSCH GSB.16.R,1,166902.13,166902.13
2025-07-08,GIANNONI,GRACO SOPLETE P AIRLESS FTX,1,492653.56,492653.56
2025-07-09,AGUA PARICE,BIDONES DE AGUA,1,3500.00,3500.00
2025-07-10,SELLADORES Y PEGAMENTOS SAN JOSE,CIANO CM1 X 20G (0087),1,5814.36,5814.36
2025-07-10,SELLADORES Y PEGAMENTOS SAN JOSE,TRABASIL RM1 X 15G (0771),1,6411.86,6411.86
2025-07-10,HIZA,PICOS PARA SOPLETE,1,17600.00,17600.00
2025-07-10,HIZA,PICOS M6 1.2,1,1440.00,1440.00
2025-07-10,HIZA,VIDRIOS TRANSPARENTES,1,440.00,440.00
2025-07-10,HIZA,TOBERAS 250,1,6150.00,6150.00
2025-07-10,BAIRES,VKUA 4554 A,1,25000.00,25000.00
2025-07-10,FERRETERIA SAN LUIS,TALADRO 13MM 1000W 12000RPM V.V.R,1,387024.79,387024.79
2025-07-10,OESTE GASES,ALAMBRE MIG 70S6 1.2MM X 15KG SHAR,1,47000.00,47000.00
2025-07-11,NEW GAS,GAR.10K.YPF GAS,1,13574.66,13574.66
2025-07-14,DACI,TUERCA AUTOFRENANTE 1 2 13 USS,1,172.62,172.62
2025-07-14,DISTRIBUIDORA DIEZ,LAMPARA LED 12W FRIAS ALIC,1,731.90,731.90
2025-07-14,DISTRIBUIDORA DIEZ,CONECTOR RECTOS FT 52,1,12350.00,12350.00
2025-07-14,AVEDIS,OXIGENO INDUSTRIAL TUBO,1,2149.74,2149.74
2025-07-14,AVEDIS,CO2 INDUSTRIAL TUBO,1,1661.75,1661.75
2025-07-14,AVEDIS,ACARREO GASEOSO (21%),1,0.01,0.01
2025-07-14,EXUBARA,VISERA MB ATEGO TECHO BAJO SIN SOPORTES,1,182644.63,182644.63
2025-07-14,BEARINGS,FAROS AUXILIARESMB 1634,1,95041.33,95041.33
2025-07-14,BEARINGS,LAMPARAS H1 24 VOLT.,1,4600.00,4600.00
2025-07-14,RUBINETTI,FARO 650 AMBAR,1,6900.00,6900.00
2025-07-14,FABIO LEON,"TUERCA AUTROFRENANTE USS 1 2""",1,122.00,122.00
2025-07-14,FABIO LEON,"BULON GRADO 5 UNC DORADO 5 8X1 1 2""",1,322.29,322.29
2025-07-14,FABIO LEON,"TUERCA AUTOFRENANTE USS 5 16""",1,40.00,40.00
2025-07-14,FABIO LEON,"ARANDELA PLANA H GALV.AZUL 5 16""",1,10.67,10.67
2025-07-14,FABIO LEON,"ARANDELA PLANA H GALV.AZUL 1 4""",1,9.71,9.71
2025-07-15,ADORNO GUILLERMO JAVIER,"50 VIDRIOS DE 8MM, 125 CM DE DIAMETRO",1,1800.00,1800.00
2025-07-15,HIERROS CASANOVA,"CA.EST.CUAD. 20X20X1,24",1,8942.00,8942.00
2025-07-15,AGUAYO,FARO RED. ELECT. CRISTAL UNIP. BAIML 3000E 39 LED,1,24924.59,24924.59
2025-07-15,AGUAYO,FARO RED. ELECT. ROJO BIPOLAR BAIML 3000E 39 LED,1,37572.44,37572.44
2025-07-15,AGUAYO,FARO REDONDO ELECTRONICO VERDE BAIML 3030E,1,12609.69,12609.69
2025-07-15,AGUAYO,TETON REPARACION TENSOR 7 8 ESP. 9MM,1,3894.86,3894.86
2025-07-15,TER,TF ZF 16S 130 1650 N.M. C PL,1,502909.00,502909.00
2025-07-15,TER,EJE PROLONGADOR TF ZF 16S 1650,1,99469.00,99469.00
2025-07-16,ACRILICOS ARTE,TUBO ACRILICO CRISTAL TRANSP. 31 8MM LARGO 1000MM,1,61983.47,61983.47
2025-07-16,HIERROS CASANOVA,"CA.EST.CUAD. 30X30X1,24",1,13645.68,13645.68
2025-07-16,AGUAYO,"TETON REPARACION TENSOR 3 4 7 8 1"" ESP. 9MM",1,3894.86,3894.86
2025-07-16,AGUAYO,VALVULA DESCARGA RAPIDA 1 4 TRAILER DM 171,1,20602.96,20602.96
2025-07-16,AGUAYO,RESORTE SOSTEN MANGUERA LARGO P SEMA RR372G,1,10376.28,10376.28
2025-07-16,AGUAYO,RESORTE SOSTEN MANGUERA CORTO P ACOPLA. RR371G,1,7387.21,7387.21
2025-07-17,AUTOSUR,CORREA,1,23140.50,23140.50
2025-07-17,TAGLIANI REPUESTOS,LLAVE SELECTORA A B 619N1 673,1,57851.24,57851.24
2025-07-17,STOCCO,"CASQUETE TORIESFERICO 1700 6,3",1,690000.00,690000.00
2025-07-18,SENEN DIEGO LORENZO ALBERT,VALV. EMEVAL 1 1 4 CON CERTIFICADO NA 55. 1.5 KG,1,380000.00,380000.00
2025-07-18,SENEN DIEGO LORENZO ALBERT,VALV. ALIVIO PRESION GNB 1 1 4 3190 7,1,144340.70,144340.70
2025-07-18,ARGENGAS GROUP,DIOXIDO DE CARBONO DE 30.00 KG,1,1285.00,1285.00
2025-07-18,ARGENGAS GROUP,OXIGENO A,1,1946.00,1946.00
2025-07-18,ARGENGAS GROUP,FLETE,1,36230.00,36230.00
2025-07-18,ARGENGAS GROUP,ALQUILER DE CILINDROS,1,230.70,230.70
2025-07-19,CONSTRUMUNDO,HIERRO ALETEADO 10MM,1,12479.34,12479.34
2025-07-19,CONSTRUMUNDO,ALAMBRE DE FARDO POR KG,1,3512.40,3512.40
2025-07-21,GRUPO EMETRES INSUMOS S.R.L.,CREMA LUBRICANTE PREMIUM X 4KG,1,6825.24,6825.24
2025-07-21,BURGOM,3M 8210 MASCARILLA (N95) RESPIRADOR,1,4701.06,4701.06
2025-07-21,BURGOM,CORREA EVER WEAR B 060,1,20219.94,20219.94
2025-07-21,BURGOM,ADHESIVO DIGOCOL 250 CC.,1,3984.30,3984.30
2025-07-21,BURGOM,CORREA EVER WEAR B 053,1,17860.70,17860.70
2025-07-21,BURGOM,YUMA 279 2,1,5323.36,5323.36
2025-07-21,BURGOM,CORREA EVER WEAR B 069,1,23252.58,23252.58
2025-07-21,DISTRIBUIDORA DIEZ,TUBO LED 18W ALIC,1,1654.90,1654.90
2025-07-21,DISTRIBUIDORA DIEZ,TUBO LED 48W IDOLER,1,20490.60,20490.60
2025-07-21,DISTRIBUIDORA DIEZ,LISTON LED 1X18 DITECNICA,1,4355.00,4355.00
2025-07-21,DISTRIBUIDORA DIEZ,GRAMPA CAMBRE DE 20,1,163.80,163.80
2025-07-21,DISTRIBUIDORA DIEZ,CONECTOR DE PVC 20 SICA,1,163.80,163.80
2025-07-21,DISTRIBUIDORA DIEZ,MODULO DE 1 PUNTO 6900,1,1467.70,1467.70
2025-07-21,DISTRIBUIDORA DIEZ,BASTIDOR CAMBRE SXXL 6970,1,496.60,496.60
2025-07-21,DISTRIBUIDORA DIEZ,TAPA CAMBRE SXXL 2 BOCAS ART.4132,1,726.70,726.70
2025-07-21,DISTRIBUIDORA DIEZ,CAJA EXTERIOR P 12 TERMICAS TABEPLAST,1,19259.50,19259.50
2025-07-21,DISTRIBUIDORA DIEZ,BOLSA DE TARUGOS + TORNILLOS NS 6,1,8517.60,8517.60
2025-07-21,DISTRIBUIDORA DIEZ,CURVA DE 20 PVC SICA,1,200.20,200.20
2025-07-21,DISTRIBUIDORA DIEZ,"CANO SICA DE 20"" PVC",1,365.30,365.30
2025-07-21,DISTRIBUIDORA DIEZ,ROLLO DE CINTA AISLADORA 20MTS TEMFLEX,1,2522.00,2522.00
2025-07-21,BALANCEO DIEGO,"SOPORTE DE PUENTE, ALARGUE Y BALANCEO DE CARDAN IVECO",1,3627.00,3627.00
2025-07-22,DACI,BULON G5 HEX USS 9 16X11 2,1,529.07,529.07
2025-07-22,DACI,TUERCA AUTOFRENANTE 9 16 12 USS,1,285.49,285.49
2025-07-22,DACI,ARANDELA PLANA 9 16 ZINCADA,1,151.60,151.60
2025-07-22,DACI,TIZA BLANCA CAJA * 144 UNIDADES,1,6368.39,6368.39
2025-07-21,TER,TF MB G281 12 NEUM.MULT. Z15,1,433448.00,433448.00
2025-07-21,TER,EJE PROLONGADOR MB G281 C PLACLARGO 222MM ( 222 MM ),1,211395.00,211395.00
2025-07-22,HIERROS CASANOVA,RUEDAS GRANERO * 60 MM CON PORTA,1,20089.20,20089.20
2025-07-22,HIERROS CASANOVA,"CA.EST.CUAD. 20X20X1,24",1,9120.84,9120.84
2025-07-22,HIERROS CASANOVA,"CA.EST.RECT. 50X30X1,24",1,18718.31,18718.31
2025-07-22,HIERROS CASANOVA,ANGULOS 1X1 8,1,13605.99,13605.99
2025-07-22,ARIGOM,BAJO PARAGOLPE WEBER 200 X 38,1,44200.00,44200.00
2025-07-23,HIERROS CASANOVA,"CA.EST.CUAD. 80X80X1,6",1,48779.80,48779.80
2025-07-23,LUBRICENTRO RUTA,ACEITE HIDRAULICO,1,3966.95,3966.95
2025-07-23,DISTRIBUIDORA DIEZ,CINTA AISLADORA MOD.770 3M,1,3663.40,3663.40
2025-07-23,DISTRIBUIDORA DIEZ,CABLE 1X70 MM,1,12157.60,12157.60
2025-07-23,DISTRIBUIDORA DIEZ,BOLSA DE PRECINTOS SYBYD ALT5 NEGRO,1,5435.30,5435.30
2025-07-23,DISTRIBUIDORA DIEZ,BOLSA DE PRECINTOS SYBYD ALT4 NEGRO,1,4412.20,4412.20
2025-07-23,DISTRIBUIDORA DIEZ,BOLSA DE PRECINTOS SYBYD ALT3 NEGROS,1,3549.00,3549.00
2025-07-23,DISTRIBUIDORA DIEZ,CINTA DOBLE FAZ TACSA,1,3640.00,3640.00
2025-07-23,DISTRIBUIDORA DIEZ,FICHA KALOP 2X16+N,1,4392.70,4392.70
2025-07-23,DISTRIBUIDORA DIEZ,TERMINAL 70MM 2,1,3164.20,3164.20
2025-07-23,DISTRIBUIDORA DIEZ,TERMINAL 70MM 3,1,3010.80,3010.80
2025-07-23,DISTRIBUIDORA DIEZ,BASE KALOP 2X16+N,1,4819.10,4819.10
2025-07-23,EXUBARA,OPTICAS F 14000 00 10 DERECHA,1,314049.59,314049.59
2025-07-23,DISTRIBUIDORA DIEZ,MTS. CABLE 1X70 MM,1,12157.60,12157.60
2025-07-23,DISTRIBUIDORA DIEZ,BOLSA DE PRECINTOS SBYBD ALT5 NEGRO,1,5435.30,5435.30
2025-07-23,DISTRIBUIDORA DIEZ,BOLSA DE PRECINTOS SBYBD ALT4 NEGRO,1,4412.20,4412.20
2025-07-23,DISTRIBUIDORA DIEZ,BOLSA DE PRECINTOS SBYBD ALT3 NEGROS,1,3549.00,3549.00
2025-07-24,GIANNONI,THINNER HYDRA ORO X 18,1,4819.10,4819.10
2025-07-24,GIANNONI,KIT PARCHE X 1000,1,4819.10,4819.10
2025-07-24,GIANNONI,PINCEL PG S.2024 V1 N10,1,4819.10,4819.10
2025-07-25,SENEN DIEGO LORENZO ALBERT,"VALV. EMEVAL 1 1 4 CON CERTIFICADO N A 1,5 KG",1,4819.10,4819.10
2025-07-25,SANITARIOS ADRIANA,ELECTRODO CONARCO DE 2.50 MM X KG.,1,13500.00,13500.00
2025-07-28,CONSTRUMUNDO,ARENA C BOLSON 1TN,1,35537.19,35537.19
2025-07-28,CONSTRUMUNDO,LADRILLO TECHO TELGOPOR 10CM,1,2438.02,2438.02
2025-07-28,CONSTRUMUNDO,ALAMBRE DE FARDO POR KG,1,3512.40,3512.40
2025-07-28,APERAM,"5151 10766 LLAVE DE PASO #150 316 1' 33,40",1,30484.30,30484.30
2025-07-28,APERAM,"5151 10767 LLAVE DE PASO #150 316 1.1 4' 42,20",1,43563.80,43563.80
2025-07-28,APERAM,"5151 10736 CODO 90 #150 316 1' 33,40",1,7226.10,7226.10
2025-07-28,APERAM,"5151 10727 CODO 90 #150 304 1.1 4' 42,20",1,8624.70,8624.70
2025-07-28,APERAM,"5151 11636 NIPLE #150 304 1' 33,40X100,00 MM",1,5982.90,5982.90
2025-07-28,CONSTRUMUNDO,"VIGUETAS 4,80 MT",1,19434.91,19434.91
2025-07-28,CONSTRUMUNDO,BOLSAS CEMENTO AVELLANEDA 25KG,1,4710.74,4710.74
2025-07-28,CONSTRUMUNDO,BOLSAS CAL HIDRAT EXTRA 25KG,1,4132.23,4132.23
2025-07-28,CONSTRUMUNDO,HIERRO ALETADO 8MM,1,8016.53,8016.53
2025-07-28,CONSTRUMUNDO,HIERRO ALETADO 10MM,1,12479.34,12479.34
2025-07-29,RUBINETTI,830 19 LED AG R BIV,1,40676.00,40676.00
2025-07-29,RUBINETTI,830 19 LED AG C BIV,1,40676.00,40676.00
2025-07-29,RUBINETTI,830 19 LED AG A BIV,1,40676.00,40676.00
2024-07-29,BURGOM,CORREA EVER WEAR B 052,1,17520.10,17520.10
2024-07-29,BURGOM,REGATON CUADRADO 30X30,1,171.00,171.00
2024-07-29,BURGOM,CORREA EVER WEAR B 056,1,18869.50,18869.50
2024-07-29,BURGOM,BURLETE DE GOMA ESPONJA 25X50,1,11417.05,11417.05
2025-07-31,AVEDIS,ALQUILER DE TUBO (21%),1,250.00,250.00
2025-07-31,CONSTRUMUNDO,ARENA C BOLSON 1TN,1,35537.19,35537.19
2025-07-31,CONSTRUMUNDO,PIEDRA PARTIDA C BOLSON 1TN,1,54545.45,54545.45
2025-07-31,CONSTRUMUNDO,BOLSAS CEMENTO AVELLANEDA 25KG,1,4710.74,4710.74
2025-07-31,MARBY,REGULARIZA FACT. ANTICIPO,1,11398305.45,11398305.45
2025-07-31,CONSTRUMUNDO,LAD CERAMICO 12X18X33,1,570.25,570.25
2025-08-01,GIANNONI,ESTOPA BLANCA X 05,1,9006.00,9006.00
2025-08-01,GIANNONI,VIRUTA GRUESA X 0.330,1,2582.56,2582.56
2025-08-01,GIANNONI,VIRUTA MEDIANA X 0.330,1,2582.56,2582.56
2025-08-01,ARRIOLA,BALDE P ARENA INCENDIO ROTOMOLDEADO,1,25995.60,25995.60
2025-08-01,INTERNET,MGW 50 MB FTTH,1,14049.59,14049.59
2025-08-01,INTERNET,ABONO CORPORATIVO,1,619.83,619.83
2025-08-02,AGUA PARICE,BIDONES DE AGUA,1,3500.00,3500.00
2025-08-04,PATRACAS,"PRENSA ESTOPA EN H F 2"" Y EMPAQUETADURA",1,82343.00,82343.00
2025-08-04,ARGENGAS GROUP,DIOXIDO DE CARBONO DE 30.00 KG,1,1285.00,1285.00
2025-08-04,ARGENGAS GROUP,OXIGENO A,1,1946.00,1946.00
2025-08-04,ARGENGAS GROUP,FLETE,1,36230.00,36230.00
2025-08-04,ARGENGAS GROUP,ALQUILER DE CILINDROS,1,230.70,230.70
2025-08-04,PATRACAS,"KIT DE EJES, ENGRANAJES Y BUJES PARA DMC 3"" CEMENTADA CON EMPAQUETADURA, CAJA Y RULEMAN",1,1624857.00,1624857.00
2025-08-04,ULTRACOLOR,ALBAMIX 4570111 POLIUR BLANCO A X4L,1,54799.44,54799.44
2025-08-04,ULTRACOLOR,ALBAMIX (5188812) 4590013 CONV P FDO 2K X1L,1,28058.06,28058.06
2025-08-04,ULTRACOLOR,ALBAMIX 4570100 POLIUR NEGRO A X4L,1,53634.96,53634.96
2025-08-04,ULTRACOLOR,ALBAMIX 4570100 POLIUR AZUL WEBER A X4L,1,57235.82,57235.82
2025-08-04,ULTRACOLOR,ALBAMIX (5353609) 4585007 FDO EPO ANTIC W 4L,1,70428.97,70428.97
2025-08-04,ULTRACOLOR,ALBAMIX (5353672) 4590020 CONV FDO EPOX800CC,1,12739.51,12739.51
2025-08-04,ULTRACOLOR,ZEOCAR MASILLA POLIESTER X4K,1,25666.06,25666.06
2025-08-05,REPUESTOS LLAVALLOL,ESTRIBO DERECHO CABINA,1,78512.40,78512.40
2025-08-05,REPUESTOS LLAVALLOL,ESTRIBO CABINA,1,107438.02,107438.02
2025-08-05,REPUESTOS LLAVALLOL,FARO ANTINIEBLA DER.,1,166942.15,166942.15
2025-08-05,REPUESTOS LLAVALLOL,FARO ANTINIEBLA IZQ.,1,166942.14,166942.14
2025-08-05,REPUESTOS LLAVALLOL,INTERRUPTOR 3ER EJE,1,58842.98,58842.98
2025-08-05,REPUESTOS LLAVALLOL,INTERRUPTOR LUZ INTERIOR,1,107438.01,107438.01
2025-08-05,REPUESTOS LLAVALLOL,FAROL POSTERIOR,1,31500.00,31500.00
2025-08-05,REPUESTOS LLAVALLOL,LAMPARA H1 24V,1,4200.00,4200.00
2025-08-05,REPUESTOS LLAVALLOL,ENCHUFE,1,950.00,950.00
2025-08-05,BULONES COIRO,TUER AUTOF ME ACE R TOZA 14 2,1,384.53,384.53
2025-08-05,BULONES COIRO,BUL EXAGONAL A10 9 T RE 14 2 060,1,1650.00,1650.00
2025-08-05,BULONES COIRO,BUL R C CUAD HIER Z AZ 3 16 24H 050,1,60.29,60.29
2025-08-05,ACERO LOMAS,"NIPLE CON COSTURA DIN 2999 (DIN 2982) 304 1 2"" X 50 MM",1,2396.69,2396.69
2025-08-05,ACERO LOMAS,"TEE S 150 DIN 2999 (A 351) 304 1 2""",1,3966.94,3966.94
2025-08-05,ACERO LOMAS,"TAPON S 150 DIN 2999 (A 351) 304 1 2""",1,4049.59,4049.59
2025-08-05,ACERO LOMAS,"CODO 90 S 150 DIN 2999 (A 351) 304 1 2""",1,2727.27,2727.27
2025-08-05,CONSTRUMUNDO,ARENA C BOLSON 1TN,1,35537.19,35537.19
2025-08-05,CONSTRUMUNDO,BOLSAS CAL HIDRAT EXTRA 25KG,1,4132.23,4132.23
2025-08-05,CONSTRUMUNDO,BOLSAS CEMENTO AVELLANEDA 25KG,1,4710.74,4710.74
2025-08-07,DACI,AUTOPERFORANTE HEXAGONAL MECHA 14 X 2 FLEB,1,125.91,125.91
2025-08-07,SANITARIOS ADRIANA,TORNILLO PUNTA MECHA C.HEXAG. 14 X 1 1 2 X200,1,130.00,130.00
2025-08-07,SANITARIOS ADRIANA,BOCALLAVE ESTRIADA ENC.1 2 X 3 8 CROSS 1,1,2500.00,2500.00
2025-08-07,SANITARIOS ADRIANA,MECHA CILIND.A R DE 3.50 MAX,1,2400.00,2400.00
2025-08-07,SANITARIOS ADRIANA,"MECHA PLANA PARA MADERA DE 1 2"" 12MM ""MAX""",1,3500.00,3500.00
2025-08-07,NEW CLEVERS,RESORTE A GAS CLEVERSLT 318 N 330,1,44200.00,44200.00
2025-08-07,ACERO LOMAS,"CODO 90 MACHO HEMBRA S 150 DIN 2999 (A 351) 304 3 4""",1,11570.25,11570.25
2025-08-07,ACERO LOMAS,"CODO 90 MACHO HEMBRA S 150 DIN 2999 (A 351) 304 1""",1,19008.26,19008.26
2025-08-07,ACERO LOMAS,"CODO 90 S 150 DIN 2999 (A 351) 304 1 2""",1,2727.27,2727.27
2025-08-07,ACERO LOMAS,"UNION DOBLE S 150 DIN 2999 (A 351) 304 1 2""",1,20826.45,20826.45
2025-08-07,ACERO LOMAS,ENTRERROSCA S 150 DIN 2999 (A 351) 304 1 1 2,1,2396.69,2396.69
2025-08-07,DISTRUIBUIDORA DE REPUESTOS PESADOS,KIT DE REPARACION PLATO DE ENGANCHE JOST COMPLETO,1,278200.00,278200.00
2025-08-08,HIERROS CASANOVA,TUBOS USO MECANICO 2 X3.2 DIAM.EXT. 60.30,1,55222.63,55222.63
2025-08-08,HIERROS CASANOVA,VARIOS CORTES TUBO,1,149.47,149.47
2025-08-08,COINGAS,"CODO GALV. 2"" 90 HH LATYN",1,6270.83,6270.83
2025-08-08,COINGAS,"CODO GALV. 2"" 90 MH LATYN",1,7436.98,7436.98
2025-08-08,COINGAS,"TAPA GALV. 2"" H LATYN",1,3300.44,3300.44
2025-08-08,COINGAS,NIPLE GALV. 3 4 X 15 CM,1,1998.86,1998.86
2025-08-08,COINGAS,NIPLE GALV. 1 1 4 X 25CM,1,6414.93,6414.93
2025-08-08,COINGAS,NIPLE GALV. 1 1 2 X 25CM,1,7793.99,7793.99
2025-08-08,COINGAS,"BUJE RED. GALV. 3"" X 2 1 2 DEMA",1,13248.23,13248.23
2025-08-08,COINGAS,SELLADOR H3 25 CC SALADILLO,1,1517.27,1517.27
2025-08-08,COINGAS,TEFLON 3 4 X 20 MTS.,1,565.26,565.26
2025-08-08,DISTRIBUIDORA DIEZ,LAMPARA LED 14W ALIC,1,950.30,950.30
2025-08-08,DISTRIBUIDORA DIEZ,FOTOCONTROL ELECTRONICO VC VCF 03E,1,8178.30,8178.30
2025-08-08,DISTRIBUIDORA DIEZ,"PRENSACABLE PLASTICO 7 8"" CONEXTUBE",1,455.00,455.00
2025-08-08,DISTRIBUIDORA DIEZ,ROLLO DE CINTA AISLADORA 20MTS TEMFLEX,1,3627.00,3627.00
2025-08-08,DISTRIBUIDORA DIEZ,CARRETEL SPAGUETTI TERMOCONTRAIBLE 4.8MM X 3 16 X 10 MTS,1,10190.70,10190.70
2025-08-08,DISTRIBUIDORA DIEZ,CARRETEL SPAGUETTI TERMOCONTRAIBLE 6.4MM X 1 4 X 10 MTS,1,11298.30,11298.30
2025-08-08,DISTRIBUIDORA DIEZ,PORTALAMPARA C CHICOTE,1,439.40,439.40
2025-08-08,DISTRIBUIDORA DIEZ,BOLSA DE PRECINTOS SYBYD ALT3 NEGROS,1,3549.00,3549.00
2025-08-08,DISTRIBUIDORA DIEZ,BOLSA DE PRECINTOS SYBYD ALT5 NEGRO,1,5435.30,5435.30
2025-08-08,DISTRIBUIDORA DIEZ,MTS CABLE T.T TALLER 2 X1.5,1,941.20,941.20
2025-08-08,GIANNONI,FONDO EPOXI GRIS ANTI. 8007 X 04,1,87377.41,87377.41
2025-08-08,GIANNONI,CONVERTIDOR EPOXI 9020 X 1,1,13434.71,13434.71
2025-08-08,HIZA,PICOS 1.2,1,1440.00,1440.00
2025-08-08,HIZA,TOBERAS 250,1,6150.00,6150.00
2025-08-11,NEW GAS,GAR.10K.YPF GAS,1,13574.66,13574.66
2025-08-11,FRANTEXTIL,BPHIP REFLECTIVO BLANCO 50 METROS,1,108760.33,108760.33
2025-08-11,HIZA,"TORCHA 250 X 4,4M",1,176057.85,176057.85
2025-08-11,ULTRACOLOR,ALBAMIX 4570100 ESM PU ACRI BERMELLON A X4L,1,53634.96,53634.96
2025-08-11,ULTRACOLOR,ALBAMIX(5188812) 4590013 CONV P FDO 2K X1L,1,28058.06,28058.06
2025-08-11,ULTRACOLOR,ALBAMIX 4570100 ESM PU ACRI GRIS CHASIS A X4L,1,52613.33,52613.33
2025-08-11,ULTRACOLOR,ALBAMIX(5353609) 4585007 FDO EPO ANTIC W 4L,1,70428.97,70428.97
2025-08-11,ULTRACOLOR,ALBAMIX(5353672) 4590020 CONV FDO EPOX800CC,1,12739.51,12739.51
2025-08-11,ULTRACOLOR,DIPROEL DILUY POLIURETANO X 200L,1,642823.20,642823.20
2025-08-11,ULTRACOLOR,DIPROEL DILUY ACRILICO X 200L,1,620712.00,620712.00
2025-08-12,AVEDIS,OXIGENO INDUSTRIAL TUBO,1,2149.74,2149.74
2025-08-12,AVEDIS,ARGON TUBO,1,13504.88,13504.88
2025-08-12,AVEDIS,CO2 INDUSTRIAL TUBO,1,1661.75,1661.75
2025-08-12,AVEDIS,ACARREO GASEOSO (21%),1,0.01,0.01
2025-08-11,BAIRES,22209 KMBW33C3,1,6999.00,6999.00
2025-08-11,BAIRES,VKUA 4554 A,1,25000.00,25000.00
2025-08-11,BAIRES,SN 509,1,37740.00,37740.00
2025-08-11,BAIRES,H 309,1,5365.00,5365.00
2025-08-11,MARBY,CH LC CC 6.35X1500X7000,1,1136.32,1136.32
2025-08-12,PROVEEDURIA HIDRAULICA,ABRAZADERA 105,1,2355.37,2355.37
2025-08-12,PROVEEDURIA HIDRAULICA,ABRAZADERA 106,1,2355.37,2355.37
2025-08-12,ZALOZE,"C.R.LARGO 90 SCH 40 1 1 2""",1,7602.83,7602.83
2025-08-12,ZALOZE,"C.R.LARGO 90 SCH 40 2""",1,7604.16,7604.16
2025-08-12,ZALOZE,"C.R.L 90 SCH 40 21 2""",1,13072.32,13072.32
2025-08-12,ZALOZE,"C.R.LARGO 90 SCH 40 3""",1,18027.84,18027.84
2025-08-12,INOXIDABLES PIERRI,NIPLES 11 4 X 100 AISI 304,1,10012.50,10012.50
2025-08-12,INOXIDABLES PIERRI,TEE ROSC 3 4 AISI 304,1,7342.50,7342.50
2025-08-12,INOXIDABLES PIERRI,CODOS ROSC 3 4 AISI 304,1,5340.00,5340.00
2025-08-12,INOXIDABLES PIERRI,TAPON 3 4 AISI 304,1,4005.00,4005.00
2025-08-12,INOXIDABLES PIERRI,NIPLE 3 4 X 150 AISI 304,1,10012.50,10012.50
2025-08-12,INOXIDABLES PIERRI,"NIPLES 1"" X 100 AISI 304",1,8010.00,8010.00
2025-08-12,INOXIDABLES PIERRI,"1 2 NIPLE 1"" AISI 316",1,4005.00,4005.00
2025-08-12,INOXIDABLES PIERRI,"CODOS M H"" AISI 316",1,14685.00,14685.00
2025-08-12,CASABLANCA,FARO RR 650 ELECTRONICO 6 LED C REFLECTOR,1,10898.35,10898.35
2025-08-12,TANGLER,ROLLO CINTA BLANCA 3M,1,425236.22,425236.22
2025-08-12,TANGLER,ROLLO CINTA ROJA 3M,1,638769.47,638769.47
2025-08-13,PESADO TODO,TUERCA PULGADA ALTA 7 8 PASO FINO,1,568.57,568.57
2025-08-13,ACOPLES SANCHEZ,CAMACHO HIERRO 2 1 2,1,81080.00,81080.00
2025-08-13,ACOPLES SANCHEZ,HEMBRA ROSCA MACHO ATMOSFERICO 2 1 2,1,32094.00,32094.00
2025-08-13,ACOPLES SANCHEZ,CAMACHO CON BASE 2 1 2,1,99716.00,99716.00
2025-08-13,ACOPLES SANCHEZ,LLAVE SALIDA,1,89748.00,89748.00
2025-08-13,PESADO TODO,ABRAZ. 7 8X82X380 C ACO38 40,1,8122.40,8122.40
2025-08-13,PESADO TODO,ABRAZ. 7 8X82X400 C ACO38 40,1,8465.60,8465.60
2025-08-13,FOURCADE,ESPARRAGOS 3 4 X 450. C TUERCA,1,5680.00,5680.00
2025-08-13,STOCCO,"CASQUETE TORIESFERICO 2000 6,3 A.C.",1,1083000.00,1083000.00
2025-08-14,DACI,BULON C REDONDA C C SIN TUERCA 8X56,1,170.89,170.89
2025-08-14,DACI,BROCA PERNO PARAHORMIGON [004] ZINCADO M10 X 1.50 X 65 [C,1,661.91,661.91
2025-08-14,DACI,BROCA PERNO PARAHORMIGON [005] ZINCADO M10 X 1.50 X 95 [C,1,926.08,926.08
2025-08-14,HIDRONOVA,MANGUERA APER ATOXICA 1,1,5322.24,5322.24
2025-08-14,HIDRONOVA,"RACORD DE BAJA 1""",1,12600.00,12600.00
2025-08-14,SP ACCESORIOS,CONO BALIZADOR DE 55 CM,1,18131.50,18131.50
2025-08-14,ELECTRO TRAILER,BARRA DE TRABA,1,121675.14,121675.14
2025-08-14,BURGOM,ADAPTADOR UNIVERSAL P FACIAL CASCO,1,33310.44,33310.44
2025-08-14,BURGOM,CORREA EVER WEAR B 092,1,32197.50,32197.50
2025-08-14,BURGOM,GUANTE JERSEY MOTEADO GUA,1,1572.80,1572.80
2025-08-14,BURGOM,CORREA EVER WEAR B 064,1,22392.45,22392.45
2025-08-14,BURGOM,CORREA EVER WEAR B 065,1,22744.80,22744.80
2025-08-14,BURGOM,SOGA DE POLIPROPILENO DE 8MM.,1,380.32,380.32
2025-08-14,BURGOM,ABR.SUPER PRESION 37 46,1,3051.38,3051.38
2025-08-14,SENEN DIEGO LORENZO ALBERT,VALV ESF. 3028 05 3 4,1,7685.00,7685.00
2025-08-14,SENEN DIEGO LORENZO ALBERT,VALV ESF. 3028 06 1,1,12985.00,12985.00
2025-08-14,SENEN DIEGO LORENZO ALBERT,VALV ESF. 3028 08 1 1 2,1,31217.00,31217.00
2025-08-14,SENEN DIEGO LORENZO ALBERT,FILTROS Y 3302 05 3 4,1,9752.00,9752.00
2025-08-14,SENEN DIEGO LORENZO ALBERT,JUEGO DE NIVEL 1 2 338 COMPLETO,1,185000.00,185000.00
2025-08-14,SENEN DIEGO LORENZO ALBERT,VALV ESF. 3028 09 2,1,44255.00,44255.00
2025-08-14,SENEN DIEGO LORENZO ALBERT,VALV ESF. 3028 12 4,1,247589.50,247589.50
2025-08-14,SENEN DIEGO LORENZO ALBERT,MTS TUBO 5 8,1,165625.00,165625.00
2025-08-14,SENEN DIEGO LORENZO ALBERT,ACOPLE DTH 4,1,22869.50,22869.50
2025-08-14,SENEN DIEGO LORENZO ALBERT,ACOPLE DCE 2 1 2,1,16761.25,16761.25
2025-08-14,SENEN DIEGO LORENZO ALBERT,VALV EST 2014 04 3 4,1,29201.74,29201.74
2025-08-15,HIERROS CASANOVA,CH. LISAS GALV. 1.22X2.44 NRO 25,1,25732.24,25732.24
2025-08-15,HIERROS CASANOVA,SINOSUIDAL PREPINTADA NEGRA 25 LARGO 3.00 MT,1,44663.31,44663.31
2025-08-15,HIERROS CASANOVA,SINOSUIDAL PREPINTADA NEGRA 25 LARGO 2.00 MT,1,29775.52,29775.52
2025-08-15,HIERROS CASANOVA,SINOSUIDAL PREPINTADA NEGRA 25 LARGO 4.50 MT,1,69994.95,69994.95
2025-08-15,HIERROS CASANOVA,SINOSUIDAL PREPINTADA NEGRA 25 LARGO 2.50 MT,1,37219.40,37219.40
2025-08-15,HIERROS CASANOVA,"CA.EST.CUAD. 20X20X1,24",1,9390.68,9390.68
2025-08-15,HIERROS CASANOVA,VARIOS CORTES ANGULO,1,130.02,130.02
2025-08-15,CASABLANCA,FARO RR 650 ELECTRONICO 6 LED C REFLECTOR,1,10898.35,10898.35
2025-08-15,ULTRACOLOR,ZEOCAR MASILLA POLIESTER X4K,1,24838.12,24838.12
2025-08-15,ULTRACOLOR,ALBAMIX 4570100 ESM PU ACRI VDE INGLES A X4L,1,52613.33,52613.33
2025-08-15,ULTRACOLOR,ALBAMIX(5188812) 4590013 CONV P FDO 2K X1L,1,28058.06,28058.06
2025-08-18,CONSTRUMUNDO,LADRILLO CORDOBA,1,289.26,289.26
2025-08-18,CONSTRUMUNDO,BOLSAS CEMENTO AVELLANEDA 25KG,1,4710.74,4710.74
2025-08-18,GIANNONI,ESMALTE A. POLIU. GRIS QUIMIGUAY. 0100 X 03,1,61489.28,61489.28
2025-08-18,GIANNONI,CONVERTIDOR 9013 X 1,1,29589.18,29589.18
2025-08-18,RUBINETTI,FAROS 650,1,7245.00,7245.00
2025-08-18,RUBINETTI,FAROS 850,1,25725.00,25725.00
2025-08-18,DI GILIO,"CABLE EXTENSION SENSOR 5,1 MTS",1,25341.82,25341.82
2025-08-19,AVEDIS,OXIGENO INDUSTRIAL TUBO,1,2149.74,2149.74
2025-08-19,AVEDIS,ARGON TUBO,1,13504.88,13504.88
2025-08-19,AVEDIS,CO2 INDUSTRIAL TUBO,1,1661.75,1661.75
2025-08-19,AVEDIS,ACARREO GASEOSO (21%),1,0.01,0.01
2025-08-19,TER,TF MB G291 NEUM.MULT.ALT2 Z15 ALTO TORQUE 1.33,1,1060316.00,1060316.00
2025-08-19,TER,EJE PROLONGADOR G291 12 C PLACNEW 2022 ( 260MM ),1,267841.00,267841.00
2025-08-19,WACKER,PAR GUANTES DESCARNE P.SOLDADOR FORRO INTERNO COSTU,1,5057.90,5057.90
2025-08-20,GALPA,CODIGO P.ABEJA RESIDUO,1,21434.50,21434.50
2025-08-20,GALPA,SK 511 AL 2 TAPA,1,44920.40,44920.40
2025-08-20,GALPA,SK 509 ALT 2 ACOPLE,1,48260.50,48260.50
2025-08-20,ARGENGAS GROUP,OXIGENO A,1,1946.00,1946.00
2025-08-20,ARGENGAS GROUP,FLETE,1,36230.00,36230.00
2025-08-20,ARGENGAS GROUP,ALQUILER DE CILINDROS,1,230.70,230.70
2025-08-20,DACI,"LIMA ROT. ARBOL C PTA. ESFERICA 12,7X6,0",1,21.00,21.00
2025-08-20,DACI,"NEUM.AMOLADORA RECTA 1 4"" EN KIT X 16 PZS BREMEN*",1,10.50,10.50
2025-08-20,DACI,KG ELECTRODO CONARCO 6013A 2.50MM {10},1,21.00,21.00
2025-08-20,ARGENGAS GROUP,DIOXIDO DE CARBONO DE 30.00 KG,1,1285.00,1285.00
2025-08-21,BANCU,BOMB 3 (205 LITROS),1,455171.80,455171.80
2025-08-21,BANCU,GRASA ALTA TEM. REV.N:3 (20 LITROS),1,151006.40,151006.40
2025-08-21,APERAM,"V.ESFERICA 3 C #150 316 4 114,30",1,692281.75,692281.75
2025-08-21,CONSTRUMUNDO,BOLSAS CEMENTO AVELLANEDA 25KG,1,5041.32,5041.32
2025-08-21,CONSTRUMUNDO,BOLSAS CAL HIDRAT EXTRA 25KG,1,4132.23,4132.23
2025-08-21,CONSTRUMUNDO,ARENA C BOLSON 1TN,1,35537.19,35537.19
2025-08-21,BURGOM,BOTIN FRANCES C P OMBU N 38 47,1,72478.80,72478.80
2025-08-21,BURGOM,CORREA EVER WEAR B 076,1,26596.35,26596.35
2025-08-21,BURGOM,CORREA EVER WEAR B 057,1,19943.01,19943.01
2025-08-21,BURGOM,CORREA EVER WEAR B 054,1,18895.68,18895.68
2025-08-21,BURGOM,CORREA EVER WEAR B 051,1,18050.04,18050.04
2025-08-21,FERRIN,CANO DIAM. 45 MM DOBLE TELA,1,29324.00,29324.00
2025-08-21,FERRIN,CANO DIAM. 60 MM DOBLE TELA,1,38792.00,38792.00
2025-08-21,ACERO LOMAS,"CODO 90 MACHO HEMBRA S 150 DIN 2999 (A 351) 304 3 4""",1,11239.67,11239.67
2025-08-21,ACERO LOMAS,"ENTRERROSCA S 150 DIN 2999 (A 351) 304 3 4""",1,5785.12,5785.12
2025-08-22,BURGOM,CORREA EVER WEAR B 064,1,22392.45,22392.45
2025-08-22,NEW GAS,GAR.10K.YPF GAS,1,13574.66,13574.66
2025-08-25,TER,TF ZF 9S 1110 NEUM.MULT.P.C PLRENAULT MIDLUM,1,478954.00,478954.00
2025-08-25,TER,EJE PROLONGADOR TF ZF 9S 1110 ZF 9S 1110 TO,1,303921.00,303921.00
2025-08-25,TER,TF MB G140 NEUM.MULT. C PLATO,1,1099928.00,1099928.00
2025-08-25,AVEDIS,OXIGENO INDUSTRIAL TUBO,1,2149.74,2149.74
2025-08-25,AVEDIS,ARGON TUBO,1,13504.88,13504.88
2025-08-25,AVEDIS,CO2 INDUSTRIAL TUBO,1,1661.75,1661.75
2025-08-25,AVEDIS,ACARREO GASEOSO (21%),1,0.01,0.01
2025-08-22,APERAM,"CCC CON COSTURA 304 50,80 X 3,00 PE L",1,23744.00,23744.00
2025-08-26,DISTRIBUIDORA DIEZ,BOLSA DE PRECINTOS SYBYD ALT5 NEGRO,1,5435.30,5435.30
2025-08-26,DISTRIBUIDORA DIEZ,BOLSA DE PRECINTOS SYBYD ALT3 NEGROS,1,3549.00,3549.00
2025-08-26,DISTRIBUIDORA DIEZ,BOLSA DE PRECINTOS SYBYD ALT 2,1,2171.00,2171.00
2025-08-26,DISTRIBUIDORA DIEZ,TUBO LED 18W ALIC,1,1725.10,1725.10
2025-08-26,DISTRIBUIDORA DIEZ,LISTON LED 1X18 DITECNICA,1,4355.00,4355.00
2025-08-26,DISTRIBUIDORA DIEZ,ROLLO DE CINTA AISLADORA VINI TAPE X 20 MTS,1,3796.00,3796.00
2025-08-27,GIANNONI,VIRUTA FINA X 0.330,1,2582.56,2582.56
2025-08-27,GIANNONI,CETOL B NATURAL X 04,1,44419.96,44419.96
2025-08-27,GIANNONI,AGUARRAS MINERAL ALBA X 04,1,16040.57,16040.57
2025-09-01,INTERNET,MGW 50 MB FTTH,1,14049.59,14049.59
2025-09-01,INTERNET,ABONO CORPORATIVO,1,619.83,619.83
2025-09-01,NEW GAS,GAR.10K.YPF GAS,1,13574.66,13574.66
2025-09-01,BULONES COIRO,TORN ALLEN FR A1 29 T RE 14 2 080,1,6655.00,6655.00
2025-09-01,BULONES COIRO,BUL R C CUAD HIER Z AZ 5 16 18H 044,1,169.58,169.58
2025-09-01,BULONES COIRO,ELECTRODO CONARCO 6013A 2.50MM X KG,1,9002.08,9002.08
2025-09-01,DACI,LOCTITE 567 X 50 GRS,1,21.00,21.00
2025-09-02,ARGENGAS GROUP,OXIGENIO A,1,1946.00,1946.00
2025-09-02,ARGENGAS GROUP,DIOXIDO DE CARBONO DE 30.00 KG,1,1285.00,1285.00
2025-09-02,ARGENGAS GROUP,FLETE,1,36230.00,36230.00
2025-09-02,ARGENGAS GROUP,ALQUILER DE CILINDROS,1,230.70,230.70
2025-09-02,ARGEC SA,FTM4000 GUARDABARROS SEMICIRCULAR ENTERIZO,1,52000.00,52000.00
2025-09-02,ARGEC SA,FTM 5002 CAJON DE HERRAMIENTAS 750MM,1,79500.00,79500.00
2025-09-02,ULTRACOLOR,"ALBAMIX 4570100 ESM PU ""VIOLETA S MUESTRA"" A X4LTS",1,53634.96,53634.96
2025-09-02,ULTRACOLOR,ALBAMIX(518812) 4590013 CONV P FDO 2K X1L,1,28058.05,28058.05
2025-09-02,ULTRACOLOR,"ALBAMIX 4570100 ESM PU ""AZUL QUIMIGUAY"" A X4LTS",1,53634.96,53634.96
2025-09-02,ULTRACOLOR,ALBAMIX(5188812) 4590013 CONV P FDO 2K X1L,1,28058.05,28058.05
2025-09-03,CONSTRUMUNDO,PEG IMPER PERFECTO,1,7933.88,7933.88
2025-09-03,TORMECAN,MESA PLATO CORR. 5 16 ALT. 60,1,210000.00,210000.00
2025-09-04,AGUA PARICE,BIDONES DE AGUA,1,3306.00,3306.00
2025-09-04,HN INGENIERIA,REPARACION BANCO HIDRAULICO (3 PALANCAS ),1,160000.00,160000.00
2025-09-04,METALURGICA GABRIELLI,"1 CANO 2"" X 3MM AISI 304 SEGUN MUESTRA CON DOS CURVAS 1 CANO 2"" X 3MM AISI 304 SEGUN MUESTRA CON TRES CURVAS",1,170000.00,170000.00
2025-09-04,FABIO,TUERCA AUTOFRENANTE 5 16 CINC AZUL,1,40.00,40.00
2025-09-04,FABIO,TUERCA AUTOFRENANTE 3 8 CINC AZUL,1,51.43,51.43
2025-09-04,FABIO,TUERCA AUTOFRENANTE 1 2 13H CINC AZUL,1,120.46,120.46
2025-09-04,FABIO,TUERCA AUTOFRENANTE 5 8 CINC AZUL,1,244.69,244.69
2025-09-04,FABIO,TUERCA EXAGONAL LIVIANA UNC GALV. AZUL 3 4,1,179.67,179.67
2025-09-04,MECAFER,"DISCOPARADESBASTESECUREXTRA178X7 , 0X",1,4633.33,4633.33
2025-09-04,MECAFER,FLAPSTANDARD28N115ZA 60,1,2831.87,2831.87
2025-09-04,GIANNONI,ESMALTE A. POLIU. 050 AZUL BANDERA. 0100 X 03,1,69819.16,69819.16
2025-09-04,GIANNONI,CONVERTIDOR 9013 X 1,1,29589.18,29589.18
2025-09-08,CONSTRUMUNDO,"VIGUETAS 2,00 MT",1,5953.48,5953.48
2025-09-08,GIANNONI,ESMALTE A. POLIU. 050 AZUL BANDERA. 0100 X 03,1,69819.16,69819.16
2025-09-08,GIANNONI,CONVERTIDOR 9013 X 1,1,29589.18,29589.18
2025-09-08,VACIO PONT,"BOMBA DE VACIO, MODELO S 90 N DE SERIE : 9512 MARCA REGISTRADA: MINYMASPRES",1,7593257.85,7593257.85
2025-09-10,AGUAYO,BUJE BAL. POLIPROPILENO CORTO MONT 85 MM,1,9064.77,9064.77
2025-09-10,ADORNO GUILLERMO JAVIER,VIDRIO 17X13 CM,1,800.00,800.00
2025-09-10,MECAFER,KIT FILTRO P PARTICILAS N95 P CONFO5300 24,1,12611.25,12611.25
2025-09-10,AGUAYO,"PERNO TENSOR 1"" X 140 MM 3943",1,8877.41,8877.41
2025-09-10,AGUAYO,"TUERCA AUTOF. 1"" SAE 2985",1,3799.80,3799.80
2025-09-10,AGUAYO,"BUJE TENSOR 1"" X 47 X 78 MM 2046 302104",1,6798.96,6798.96
2025-09-10,AGUAYO,"TETON REPARACION TENSOR 3 4 7 8 1"" ESP. 9 MM",1,3894.86,3894.86
2025-09-10,AGUAYO,PERNO BAL. 140 MM CON TUERCA ALTA MONT.,1,46798.25,46798.25
2025-09-10,AGUAYO,ARANDELA PERNO BAL. MONT. AV11,1,1698.32,1698.32
2025-09-10,AGUAYO,ARO GIRATORIO 1000 X 90 MM 2 HILERAS P DIRECCIONAL,1,1649818.13,1649818.13
2025-09-11,TANGLER,IMO CLASE 9 REFLECTIVO,1,5948.00,5948.00
2025-09-11,TANGLER,CIRCULO VELOCIDAD MAXIMA 80,1,3140.00,3140.00
2025-09-11,ACRILICOS ARTE,DISCO DE ACRILICO CON ORIFICIO S PERDIDO,1,114876.03,114876.03
2025-09-11,ARGENGAS GROUP,OXIGENO A,1,1946.00,1946.00
2025-09-11,ARGENGAS GROUP,DIOXIDO DE CARBONO DE 30.00 KG,1,1285.00,1285.00
2025-09-11,ARGENGAS GROUP,FLETE,1,36230.00,36230.00
2025-09-11,ARGENGAS GROUP,ALQUILER DE CILINDROS,1,230.70,230.70
2025-09-11,BALANCEO DIEGO,ALARGUE Y BALANCEO DE CARDAN MB ATEGO,1,350000.00,350000.00
2025-09-11,TER,TF FS 4209 A NEUM. MULT. C PL,1,561444.00,561444.00
2025-11-12,MARBY,CH LC CC 6.35X1500X7000,1,1136.32,1136.32
2025-09-15,HIDRONOVA,MANG 3 4 R2 X 4270MM HG 7 8 JIC X HG 1.3 16 JIC,1,130400.00,130400.00
2025-09-15,HIDRONOVA,CODO 90 HG JIC X JIC 7 8,1,26216.89,26216.89
2025-09-15,HN INGENIERIA,REPARACION BANCO HIDRAULICO,1,130000.00,130000.00
2025-09-15,TRV,TVR 53 AB,1,10900.00,10900.00
2025-09-15,AVEDIS,OXIGENO INDUSTRIAL TUBO,1,2749.74,2749.74
2025-09-15,AVEDIS,ZOIDAR 20 TUBO,1,11500.00,11500.00
2025-09-15,AVEDIS,CO2 INDUSTRIAL TUBO,1,1661.75,1661.75
2025-09-15,AVEDIS,ACARREO GASEOSO (21%),1,0.01,0.01
2025-09-15,STORANI,"BUJE ""H""",1,113900.00,113900.00
2025-09-15,STORANI,ARANDELA AXIAL,1,3451.00,3451.00
2025-09-15,STORANI,PERNO PIVOT 1 1 4 X 11 12H,1,24970.91,24970.91
2025-09-15,STORANI,TUERCA 1 1 4 SAE AUTOFRENANTE,1,9803.17,9803.17
2025-09-15,STORANI,GUIA INTERIOR 380,1,19955.86,19955.86
2025-09-15,STORANI,GUIA EXTERIOR 380,1,20652.96,20652.96
2025-09-16,ZALOZE,"RED CON SCH 40 4 X 2 1 2""",1,29536.88,29536.88
2025-09-16,VALVULAS ESTEBAN,UNION DOBLE AJUSTE TUBO 12,1,2671.68,2671.68
2025-09-16,VALVULAS ESTEBAN,VIROLA 12 MM (X50),1,26322.43,26322.43
2025-09-16,VALVULAS ESTEBAN,TUERCA AJUSTE 12,1,2252.24,2252.24
2025-09-16,VALVULAS ESTEBAN,PERNO ENCHUFE 1 4 X 1 4H ACERO (X10),1,7331.82,7331.82
2025-09-16,VALVULAS ESTEBAN,UNION DOBLE ACERO MANG. 3 8,1,14719.70,14719.70
2025-09-16,VALVULAS ESTEBAN,PERNO ENCHUFE 1 4 X 3 8 MANG. ACERO,1,866.63,866.63
2025-09-16,VALVULAS ESTEBAN,RACORD ACERO MANG. 3 8 X 1 4H,1,1434.63,1434.63
2025-09-16,VALVULAS ESTEBAN,CODO 90 PLASTICO 6 X 1 8,1,1473.19,1473.19
2025-09-16,VALVULAS ESTEBAN,CODO 90 PLASTICO 6 X 1 4,1,1808.86,1808.86
2025-09-16,VALVULAS ESTEBAN,CONECTOR RECTO PLASTICO 6 MM X 1 8 M,1,867.13,867.13
2025-09-16,VALVULAS ESTEBAN,CONECTOR RECTO PLASTICO 6 MM X 1 4 M,1,1669.00,1669.00
2025-09-16,VALVULAS ESTEBAN,VALVULA BOTON 5 VIAS X 1 4,1,24963.46,24963.46
2025-09-16,VALVULAS ESTEBAN,CONJ.(RO+AZ) FRENO CAMION 1 2 PA6 C CC CON CONEXION 1 4 DE AMBOS LADOS,1,62627.24,62627.24
2025-09-16,VALVULAS ESTEBAN,CONEX. (ACERO) AJUSTE C GUIA TU 1 2 X 1,1,5151.28,5151.28
2025-09-16,VALVULAS ESTEBAN,TUBO POLIAMIDA (6) 6 X 4 100MTS N,1,53043.20,53043.20
2025-09-16,VALVULAS ESTEBAN,TUBO POLIAMIDA (6) 5 16 X 1 100MTS N,1,67443.60,67443.60
2025-09-16,VALVULAS ESTEBAN,TAPON (ACERO) 1 4 NPT,1,690.56,690.56
2025-09-16,VALVULAS ESTEBAN,TAPON (ACERO) 1 8 NPT,1,371.38,371.38
2025-09-16,VALVULAS ESTEBAN,CODO AJUSTE 90 TUBO 3 8 X 1 4M,1,2559.92,2559.92
2025-09-16,VALVULAS ESTEBAN,CONEC. RECTO AJUSTE TU 3 8 X 1 4M,1,1211.67,1211.67
2025-09-16,VALVULAS ESTEBAN,TUERCA AJUSTE 3 8 REFORZADA,1,1123.67,1123.67
2025-09-16,VALVULAS ESTEBAN,VIROLA 3 8 (X50),1,13975.30,13975.30
2025-09-16,VALVULAS ESTEBAN,CODO AJUSTE 90 TUBO 8 X 1 4M,1,3540.67,3540.67
2025-09-16,VALVULAS ESTEBAN,CONEC. RECTO AJUSTE TU 8 X 1 4M,1,1839.60,1839.60
2025-09-16,VALVULAS ESTEBAN,TUERCA AJUSTE 8 (X10),1,8360.45,8360.45
2025-09-16,VALVULAS ESTEBAN,VIROLA 8 MM (X50),1,12647.91,12647.91
2025-09-16,VALVULAS ESTEBAN,VIROLA 6 MM (X50),1,10276.55,10276.55
2025-09-16,VALVULAS ESTEBAN,CUPLA (ACERO) 1 4 (X10),1,8180.73,8180.73
2025-09-16,VALVULAS ESTEBAN,CUPLA (ACERO) 1 8 (X10),1,5437.55,5437.55
2025-09-16,VALVULAS ESTEBAN,BUJE DE REDUCCION (ACERO) M H 1 4 X 1 8,1,539.02,539.02
2025-09-16,VALVULAS ESTEBAN,BUJE DE REDUCCION (ACERO) M H 3 8 X 1 4,1,755.39,755.39
2025-09-16,VALVULAS ESTEBAN,CUPLA PASACHAPA H 1 4,1,4721.24,4721.24
2025-09-16,VALVULAS ESTEBAN,CUPLA PASACHAPA H 3 8,1,5977.49,5977.49
2025-09-16,VALVULAS ESTEBAN,UNION DOBLE AJUSTE TUBO 1 2,1,2296.32,2296.32
2025-09-16,VALVULAS ESTEBAN,VIROLA 1 2 (X50),1,24371.59,24371.59
2025-09-16,VALVULAS ESTEBAN,TUERCA AJUSTE 1 2 (X10),1,12760.45,12760.45
2025-09-17,DISTRIBUIDORA DIEZ,CABLE 1X6 MM,1,1485.90,1485.90
2025-09-17,DISTRIBUIDORA DIEZ,CAJA DE PASO 90X90X55,1,2470.00,2470.00
2025-09-17,ARGENGAS GROUP,OXIGENO A,1,1946.00,1946.00
2025-09-17,ARGENGAS GROUP,DIOXIDO DE CARBONO DE 30.00 KG,1,1285.00,1285.00
2025-09-17,ARGENGAS GROUP,FLETE,1,36230.00,36230.00
2025-09-17,ARGENGAS GROUP,ALQUILER DE CILINDROS,1,230.70,230.70
2025-09-17,DISTRIBUIDORA DIEZ,CABLE 1X1.5 MM,1,352.30,352.30
2025-09-17,DISTRIBUIDORA DIEZ,CABLE 1X10,1,2432.30,2432.30
2025-09-17,DISTRIBUIDORA DIEZ,CABLE 1X2.5MM,1,604.50,604.50
2025-09-17,HIZA,TOBERA CONICA 250 15MM,1,6120.00,6120.00
2025-09-17,HIZA,"TUBO DE CONTACTO CUE 8 M6X28MM 1,2 MM",1,1610.00,1610.00
2025-09-17,HIZA,VIDRIOS TRANSPARENTES,1,485.00,485.00
2025-09-17,HIZA,VIDRIOS PROTANE N11,1,2740.00,2740.00
2025-09-17,HIZA,LINER ALAMBRE 0.9 1.2MM ROJO X 5.4M,1,14200.00,14200.00
2025-09-17,HIZA,ANTIADHERENTE,1,5820.00,5820.00
2025-09-18,MULTIKNO,CODO 90 35 X 35 CM. 3 1 2P 89 MM. (770142),1,16207.84,16207.84
2025-09-18,MULTIKNO,CANO LISO 89 MM X MT. (*),1,10350.00,10350.00
2025-09-18,MARSIGLIONE ANTONIO LUIS,PICO DE WIDIA PARA ARENAR MARSIGLIONE NRO. 6,1,106000.00,106000.00
2025-09-18,GIANNONI,RODILLO LANA BCA PAINTING X 22,1,6387.11,6387.11
2025-09-18,GIANNONI,DURALBA MUROS IMPER X 20,1,121848.64,121848.64
2025-09-18,GIANNONI,PINCEL LBRUSHS S.319 N20,1,1271.10,1271.10
2025-09-18,GIANNONI,ESPATULA PINTOR X 06,1,4811.24,4811.24
2025-09-18,GIANNONI,PINCEL LBRUSHS S.319 N25,1,1764.95,1764.95
2025-09-18,GIANNONI,LIJA AL AGUA AA 150,1,846.90,846.90
2025-09-18,HIERROS CASANOVA,UPN X 6 MTS 80,1,107640.59,107640.59
2025-09-18,HIERROS CASANOVA,"CA.EST.RED. 1X1,6",1,11971.18,11971.18
2025-09-18,HIERROS CASANOVA,"CA.EST.RED. 5 8X1,24",1,6206.03,6206.03
2025-09-18,HIERROS CASANOVA,"CA.EST.RED. 2X1,24",1,19300.72,19300.72
2025-09-18,HIERROS CASANOVA,TUBOS USO MECANICO 3 X 4 DIAM.EXT. 88.90,1,104774.85,104774.85
2025-09-18,HIERROS CASANOVA,TUBOS USO MECANICO 2 1 2 X 3.2 DIAM.EXT. 76.20,1,70710.14,70710.14
2025-09-18,HIERROS CASANOVA,TUBOS USO MECANICO 1 X 2.85 DIAM.EXT. 33.7,1,26865.22,26865.22
2025-09-18,HIERROS CASANOVA,TUBOS USO MECANICO 2 X 3.2 DIAM.EXT. 60.30,1,55304.61,55304.61
2025-09-18,HIERROS CASANOVA,ANGULOS 7 8X1 8,1,12959.66,12959.66
2025-09-18,HIERROS CASANOVA,TE 7 8X1 8,1,16728.83,16728.83
2025-09-18,HIERROS CASANOVA,PLANCHUELAS 1X3 16,1,11099.33,11099.33
2025-09-18,HIERROS CASANOVA,"CA.EST.RECT. 80X40X1,6",1,37214.00,37214.00
2025-09-18,STOCCO,"CASQUETE TORIESFERICO 1850 6,3 A.C.",1,838000.00,838000.00
2025-09-19,BURGOM,844 PATA CON TORNILLO 5 16,1,799.95,799.95
2025-09-19,BURGOM,CINTA TEFLON 3 4 X 20 MTRS.,1,989.94,989.94
2025-09-19,BURGOM,CORREA EVER WEAR B 052,1,19810.60,19810.60
2025-09-19,BURGOM,ADHESIVO DIGOCOL 250 CC.,1,4268.16,4268.16
2025-09-19,TER,TF ESO 6106A NEUM.MULT. C PL. VW DELIVERY,1,791559.00,791559.00
2025-09-22,WACKER,HOJA AL AGUA WA70 080,1,466.64,466.64
2025-09-22,WACKER,ANTEOJO ARGON GRIS H C (LIBUS),1,1602.91,1602.91
2025-09-22,HIERROS CASANOVA,CUADROS 5 8,1,22121.20,22121.20
2025-09-22,SARABIA MARIO FABIAN,CILINDRADOS DE CANOS DE 3 A DIAMETRO 1750 Y 1900 MM,1,30000.00,30000.00
2025-09-22,COINGAS,CODO GALV. 1 1 2 90 MH LATYN,1,4880.93,4880.93
2025-09-22,COINGAS,TAPON GALV. 1 1 4 M LATYN,1,1394.55,1394.55
2025-09-22,COINGAS,TAPA GALV. 3 4 H LATYN,1,743.76,743.76
2025-09-22,COINGAS,NIPLE GALV. 1 1 2 X 15CM,1,4787.96,4787.96
2025-09-22,COINGAS,TEFLON 3 4 X 20 MTS.,1,600.59,600.59
2025-09-22,COINGAS,SELLADOR H3 25 CC SALADILLO,1,1517.27,1517.27
2025-09-22,COINGAS,NIPLE GALV. 2 1 2 X 15CM,1,7855.97,7855.97
2025-09-22,REPUESTOS LLAVALLOL,CERRADURA LATERAL,1,45066.00,45066.00
2025-09-22,REPUESTOS LLAVALLOL,FLEXIBLE CDO. PUERTA,1,74592.00,74592.00
2025-09-22,HIERROS CASANOVA,REDONDOS 5 8,1,17358.62,17358.62
2025-09-22,HIERROS CASANOVA,VARIOS CORTES CUADRA,1,138.64,138.64
2025-09-22,HIERROS CASANOVA,"CA.EST.RED. 2X1,6",1,26869.54,26869.54
2025-09-22,CASABLANCA,FARO BAIMIL TRASERO UNIV. 1600 ELECTRONICO BIVOLTAJE CRRA,1,92604.48,92604.48
2025-09-22,ZALOZE,"C.R.LARGO 90 SCH 40 3""""",1,21737.22,21737.22
2025-09-22,ZALOZE,"RED CON SCH 40 6 X 4""""",1,75231.11,75231.11
2025-09-22,ZALOZE,"RED CON SCH 40 4 X 3""""",1,27360.90,27360.90
2025-09-22,ZALOZE,"RED CON SCH 40 4 X 2 1 2""""",1,30337.88,30337.88
2025-09-22,BAIRES,TIRA FILTRO,1,15000.00,15000.00
2025-09-22,BAIRES,22209 MBKCW33,1,73490.00,73490.00
2025-09-22,BAIRES,H 309,1,5500.00,5500.00
2025-09-22,BAIRES,SN 509,1,40000.00,40000.00
2025-09-22,ELECTRO TRAILER,PAQUETE 10 HOJAS ELASTICOS TRASERO MH MARCHETTI,1,363328.76,363328.76
2025-09-22,ELECTRO TRAILER,JUEGO PATAS DE APOYO JOST B200 TELESCOPICA JOST,1,1615093.78,1615093.78
2025-09-22,ELECTRO TRAILER,CONJUNTO PERNO REY 2 JOST JURISDICCION IIER: C.A.B.A,1,433040.34,433040.34
2025-09-23,AVEDIS,ACARREO GASEOSO (21%),1,250.00,250.00
2025-09-23,AVEDIS,OXIGENO INDUSTRIAL TUBO,1,2149.74,2149.74
2025-09-23,AVEDIS,ARGON TUBO,1,13504.88,13504.88
2025-09-23,AVEDIS,CO2 INDUSTRIAL TUBO,1,1661.75,1661.75
2025-09-23,SENEN DIEGO LORENZO ALBERT,VALV. ESF. 2.,1,47762.00,47762.00
2025-09-23,SENEN DIEGO LORENZO ALBERT,VALV. ESF. 2 1 2,1,106992.60,106992.60
2025-09-23,SENEN DIEGO LORENZO ALBERT,VALV. ESF. 3,1,171986.10,171986.10
2025-09-23,SENEN DIEGO LORENZO ALBERT,VALV. ESF. 4,1,267209.80,267209.80
2025-09-24,REPUESTOS LLAVALLOL,AMORIGUADOR TAPA LAT.,1,85470.00,85470.00
2025-09-24,BAIRES,SN 509,1,40000.00,40000.00
2025-09-24,BAIRES,H 309,1,5500.00,5500.00
2025-09-24,BAIRES,22209 MBKC3W33,1,73490.00,73490.00
2025-09-25,DACI,AUTOPERFORANTE HEXAGONAL MECHA 14 X 2 FLEB,1,142.28,142.28
2025-09-25,DACI,MECHA A R EZETA 4.00 MM,1,1822.20,1822.20
2025-09-25,DACI,RUEDA GRIS GIRATORIA 50 MM,1,1397.09,1397.09
2025-09-25,FABIO,BULON PULIDO UNC GALV. AZUL 5 16X1,1,47.25,47.25
2025-09-25,CONSTRUMUNDO,BOLSAS CAL HIDRAT EXTRA 25KG,1,4545.45,4545.45
2025-09-25,CONSTRUMUNDO,HIERRO ALETADO 6MM,1,5537.19,5537.19
2025-09-25,CONSTRUMUNDO,HIERRO ALETADO 8MM,1,8677.69,8677.69
2025-09-25,HIDRONOVA,MANG 1 2 R2 X 6800MM HG X HG 7 8 JIC,1,132800.00,132800.00
2025-09-25,HIDRONOVA,UNION DOLE EN MANG,1,24000.00,24000.00
2025-09-25,HIDRONOVA,MANOMETRO INOX. C GLICERINA DIAM. 63 SALIDA INFERIOR,1,22027.50,22027.50
2025-09-25,TER,TF FS 6306 A NEUM.MULT. C PL.,1,535884.00,535884.00
2025-09-25,TER,CORONA N 1162 FS 4205A,1,95641.00,95641.00
2025-09-25,TER,PINON N 1163 TF 1160,1,76383.00,76383.00
2025-09-25,TER,CORONA RECTA N 1165 TF 1160,1,89502.00,89502.00
2025-09-25,TER,RODAMIENTO N 32304 CORONA,1,19399.00,19399.00
2025-09-26,NEW GAS,GAR.10K.YPF GAS,1,13547.66,13547.66
2025-09-29,SANCHEZ GASTON RAUL,MATAFUEGO X 10KG ABC,1,144628.09,144628.09
2025-09-29,TODO UNION,PLASTIMET AMARILLA 30MTS 2 1 2,1,501640.00,501640.00
2025-09-29,TODO UNION,PLASTIMET AMARILLA 10MTS 2 1 2,1,173880.00,173880.00
2025-09-29,TODO UNION,JUEGO UNIONES MANIJAS ALUMINIO 2 1 2,1,49800.00,49800.00
2025-09-30,DISTRIBUIDORA DIEZ,CABLE TIPO TALLER 7X1MM,1,2324.40,2324.40
2025-09-30,DISTRIBUIDORA DIEZ,CABLE T.T. 2X1.5MM,1,1037.40,1037.40
2025-09-30,ULTRACOLOR,ALBAMIX 4570100 ESM PU NEGRO A X4LTS,1,55093.15,55093.15
2025-09-30,ULTRACOLOR,ALBAMIX(5188812) 4590013 CONV P FDO 2K X1L,1,28058.05,28058.05
2025-09-30,ULTRACOLOR,ALBAMIX(5353609) 4585007 FDO EPO ANTIC W 4L,1,70428.97,70428.97
2025-09-30,ULTRACOLOR,ALBAMIX(5353672) 4590020 CONV FDO EPOX800CC,1,12739.50,12739.50
2025-09-30,ULTRACOLOR,DIPROEL DILUY ACRILICO X 200L,1,675000.00,675000.00
2025-09-30,ULTRACOLOR,DIPROEL DILUY POLIURETANO X 200L,1,684000.00,684000.00
