nombre,cantidad,unidad_medida,stock_minimo
"BOMBA DMC EN HF CON ENGRANAJES CEMENTADOS 3"" EJE LIBRE MARCA PATRACAS",1000,unidad,1
"TETON REPARACION TENSOR 3/4 - 7/8 - 1"" ESP",1000,unidad,1
ARANDELA PERNO BAL MONT AV11,1000,unidad,1
BUJE BAL TEFLON LARGO MONT,1000,unidad,1
PERNO BAL 170MM CON TUERCA ALT MONT,1000,unidad,1
TETON PREPARACION 90X58X3/4 MANOTA DE CHAPA MONT,1000,unidad,1
TUBO LED 48W INTERLEC,1000,unidad,1
FUSIBLE DE VIDRIO 6X30 3 AMP,1000,unidad,1
BASE KALOP 2X16+N,1000,unidad,1
FICHA KALOP 2X16+N,1000,unidad,1
TERMICA TETRAPOLAR 40AMP STECK,1000,unidad,1
ALLEN C/CIL 10X120,1000,unidad,1
"MECHA A/R EZETA 8,50MM",1000,unidad,1
MACHOS PASO MILIMETRICO CONO 2 Y 3 10X1.50MM,1000,unidad,1
RUEDA POLIP GIRAT 40MM COD 167,1000,unidad,1
"INSERTO EXT 12,00 X 1,75 X INT 8,00 X 1,25 X L 12,8",1000,unidad,1
ACEITE CASTROL 4 T,1000,unidad,1
"PATROLL LINEA AMARILLA SEGMENTADO Ø 7"" -Ø INTERIOR 22,2MM",1000,unidad,1
CRIQUE 6/ERGO 8155A,1000,unidad,1
TIZA BLANCA CAJA 144 UNIDADES,1000,unidad,1
"ADAMITE PAPEL PARA JUNTAS ESPESOR 0,4MM (ANCHO 0;80MTS",1000,unidad,1
"ADAMITE PAPEL PARA JUNTAS ESPESOR 1;6MM (ANCHO 0,80MTS",1000,unidad,1
TF DOBLE ZF 16S-1650 NEUM MULT ( ARR: Z15 X AB: C/PL.),1000,unidad,1
EJE PROLONGADOR TF ZF 16S-1650,1000,unidad,1
VARIOS VARILLA ROSCADA ZINCADA 3/4,1000,unidad,1
VARIOS VARILLA ROSCADA ZINCADA 1 1/4,1000,unidad,1
GUANTE CUERO GUANTE SOLDADOR,1000,unidad,1
CINTA METRICA EVEL 5 METROS,1000,unidad,1
LENTE LIBUS TRANSPARENTE ARGON,1000,unidad,1
LENTE LIBUS OSCURO ARGON,1000,unidad,1
TF MB G85-6 NEU MULT P C/PLATO,1000,unidad,1
FIX TORNILLO P/MADERA 5 X 45,1000,unidad,1
TACOS DE NYLON FISCHER S8,1000,unidad,1
PIXOPOL 10 MIN GRIS,1000,unidad,1
TUERCA DI-ZN 1 / USS 8 X UNIDAD,1000,unidad,1
MECHA AC/RAO S/CORTA RATIFICADA 8.00MM,1000,unidad,1
"BROCA DE WILDA VASAGO HEXAGONAL 1/4"" 0 8 X 110",1000,unidad,1
AUTOPERFORANTE 8 X 1 1/2 TANQUE MECHA,1000,unidad,1
ARENA C/BOLSON 1TN,1000,unidad,1
PIEDRA PARTIDA C/BOLSON 1 TN,1000,unidad,1
BOLSAS CEMENTO 50KG AVELLANEDA,1000,unidad,1
"CASQUETE TORIESFERICO 1800 6,3",1000,unidad,1
UN 30/1999 REFLECTIVO,1000,unidad,1
UN 33/1267 REFLECTIVO,1000,unidad,1
UN 30/1268 REFLECTIVO,1000,unidad,1
UN 30/1202 REFLECTIVO,1000,unidad,1
UN 33/1264 REFLECTIVO,1000,unidad,1
NUMEROS DEL 0 AL 10,1000,unidad,1
CIRCULO MAX 80,1000,unidad,1
"NIPLES S/COSTURA 0 1"" X300MM",1000,unidad,1
GAR.10K.YPF GAS,1000,unidad,1
APARTAMIENTO II BB,1000,unidad,1
CORREA EVER WEAR 8-088,1000,unidad,1
YUMA 380/TT 1/4,1000,unidad,1
MANGA DESCARNE P/SOLDADOR,1000,unidad,1
CORREA EVER WEAR B-060,1000,unidad,1
CORREA EVER WEAR A-042,1000,unidad,1
ESPUMA DE POLIURETANO AEROSOL 500ML,1000,unidad,1
MANGUERA HIDROCARBUROS 13MM 300LBS,1000,unidad,1
TF MB G330 NEUM MULT C/PL EJE 4560,1000,unidad,1
EJE PROLONGADOR MB G330 C/PLACNEW 2019 (207MM) ( 211MM),1000,unidad,1
BULON G5 HEX USS 5/8X3/ 1/2,1000,unidad,1
BULON G5 HEX USS 5/8X4/,1000,unidad,1
TUERCA AUTOPERFORANTE 5/8 11USS,1000,unidad,1
"JUEGO UNIONES MANIJA BRONCE 2""1/2",1000,unidad,1
"JUEGO UNIONES MANIJA BRONCE 3""",1000,unidad,1
"MACHO MANIJA BRONCE 2""1/2",1000,unidad,1
"CAMACHO HIERRO 2""1/2",1000,unidad,1
"CAMACHO HIERRO 3""",1000,unidad,1
MANIJA BRONCE,1000,unidad,1
TERMINAL DE COBRE,1000,unidad,1
BOLSA DE PRECINTOS SYBYD ALT 2,1000,unidad,1
BOLSA DE PRECINTOS SYBYD ALT 3,1000,unidad,1
BOLSA DE PRECINTOS SYBYD ALTS NEGRO,1000,unidad,1
90MTS CABLE TIPO TALLER 2X1 MM,1000,unidad,1
100MTS CABLE TIPO TALLER 3X1MM,1000,unidad,1
LAMPARA LED 50W SYBYD,1000,unidad,1
LAMPARA LED 12W CALIDAS IDOLER,1000,unidad,1
PORTALAMPARA CON CHICOTE,1000,unidad,1
"TERMINAL HOJA 16MM 1/4""",1000,unidad,1
ADAPTADOR P/ LAMPARA LED IDOLER,1000,unidad,1
TERMINAL DE COBRE 4/2MM,1000,unidad,1
ARANDELAS DE SUPLEMENTO 18X26X0.80,1000,unidad,1
TARUGO NT 8,1000,unidad,1
SILOC 8600 X 98 G,1000,unidad,1
AUTOPERFORANTE 8 X 1/2 TANQUE MECHA,1000,unidad,1
AUTOPERFORANTE 8 X 3/4 TANQUE MECHA,1000,unidad,1
AUTOPERFORANTE AGUJA 6 X 1,1000,unidad,1
SUPLEMENTO 18 X 26 (0.20),1000,unidad,1
SOLENOIDE 24 VCC 5W,1000,unidad,1
ELECTROVALVULA CAMOZZI 5/2 1/4,1000,unidad,1
FICHA ELECTRICA,1000,unidad,1
"VIGUETAS / 3,60MT",1000,unidad,1
LADRILLO TECHO TELGOPOR 10CM,1000,unidad,1
MALLA 15X15 H 6 DE 2X5M,1000,unidad,1
ARENA MT3,1000,unidad,1
PIEDRA PARTIDA 1M3,1000,unidad,1
BOLSAS CEMENTO 50KG LOMA NEGRA,1000,unidad,1
HIERRO ALETADO 6MM,1000,unidad,1
HIERRO ALETADO 10MM,1000,unidad,1
SN- 507 SOPORTE ICO114024C,1000,unidad,1
"CURVA GALV 1"" 45 HH LATYN",1000,unidad,1
MANG 3/8 R2 1600MM HG X HG 7/8 JIC,1000,unidad,1
MANG 3/8 R2 2700MM HG X HG 7/8 JIC,1000,unidad,1
MANG 3/8 R2 2550MM HG X HG 7/8 JIC,1000,unidad,1
MANG 3/8 R2 2350MM HG X HG 7/8 JIC,1000,unidad,1
MANG 3/8 R2 1350MM HG X HG 7/8 JIC,1000,unidad,1
MANG 3/8 R2 1150MM HG X HG 7/8 JIC,1000,unidad,1
TEE MF 7/8 JIC,1000,unidad,1
"ADAPTADOR ""1"" NPT X HF 1"" AS/M BSP",1000,unidad,1
CODO GALV 1/2 90 HH LATYN,1000,unidad,1
"CODO GALV 3"" 90S HH DEMA",1000,unidad,1
CODO GALV 3/4 90 MH LATYN,1000,unidad,1
CUPLA C/8 GALV 3/8 DEMA,1000,unidad,1
CUPLA C/8 GALV 1/2 LATYN,1000,unidad,1
CUPLA C/5 GALV 1/2 LATYN,1000,unidad,1
TAPON GALV 1 1/4 M LATYN,1000,unidad,1
TAPON GALV 1 1/2 M LATYN,1000,unidad,1
"TAPA GALV 2"" H LATYN",1000,unidad,1
NIPLE GALV 3/8 X 15CM,1000,unidad,1
NIPLE GALV 3/4 X 15CM,1000,unidad,1
U.D.C. GALV 3/4 HH LATYN,1000,unidad,1
"U.D.C. GALV 1"" HH LATYN",1000,unidad,1
R.C.T. GALV 3/4 LATYN,1000,unidad,1
SOPORTE PLASTICO DOBLE PARA MANG 3/8,1000,unidad,1
CONECT AUTOMAT CODO 90 T6 X R1/8,1000,unidad,1
MANGU 3/4 R1 X 800MM HG X HG 1.1/16 JIC,1000,unidad,1
CAMBIO DE TERMINAL EN MANGUERA HG 9/16 P/3/4 R2,1000,unidad,1
CAMBIO DE TERMINAL 7/8 JIC PARA MANG 1/2 R1,1000,unidad,1
ADAPTADOR JIC X NPT 1.1/16 X 3/4,1000,unidad,1
"ADAPTADOR JIC X NPT 1 3 /16 X 1""",1000,unidad,1
CODO 90 HG JIC X NPT 7/8 X 1/2,1000,unidad,1
TE GALV 1 1/4 LATYN,1000,unidad,1
TE GALV 1 1/2 LATYN,1000,unidad,1
TEFLON 3/4 X 40 MTS ALTA DENSIDAD,1000,unidad,1
SELLADOR H3 125 CC SALADILLO,1000,unidad,1
SELLADOR H3 25 CC SALADILLO,1000,unidad,1
TEFLON 3/4 X 10 MTS,1000,unidad,1
TEFLON 3/4 MTS ALTA DENSIDAD,1000,unidad,1
CUPLA C/B GALV 1/2 LATYN,1000,unidad,1
277 X 10 GRS LOCTITE,1000,unidad,1
TUBOS USO MECANICO 1,1000,unidad,1
VARIOS CORTE ANGULO,1000,unidad,1
ACEITE TRANSMISION,1000,unidad,1
THINNER HYDRA 501 X 18,1000,unidad,1
DILUYENTE P/POLI X 18,1000,unidad,1
CRISTALBA BRILLANTE X 04,1000,unidad,1
PETRILAC TINTA CEDRO X 240,1000,unidad,1
HYDRARRAS X 04,1000,unidad,1
TF FS 6306-A NEUM MULT C/PL,1000,unidad,1
"3121-10094 BARRA REDONDA 304 12,00 ""L""",1000,unidad,1
"3141-13352 CCC CON COSTURA 304 12,70 X 1,20 PE ""L""",1000,unidad,1
"3141-13692 CCC CON COSTURA 304 31,75 X 1,20 PEGR400",1000,unidad,1
"0102-23045 CHAPA 304 3,00 1250 X 2500 2B C1 A",1000,unidad,1
"0102-22140 CHAPA 304 1,00 1000 X 2000 2B C1 A",1000,unidad,1
ARANDELA PLANA 7/8 ZINC,1000,unidad,1
30 MTS CABLE SOLDADURA 35MM,1000,unidad,1
THINNER 501 MULTIPLUS X 200LTS,1000,unidad,1
CONVERTIDOR 9013 X 4,1000,unidad,1
ESMALTE A POLIU GLOBAL SUR 0100 X 03,1000,unidad,1
ZEOCAR MASILLA FORMULA POL X 04,1000,unidad,1
BARRA CHAVETA CUADRADA 20X12X30,1000,unidad,1
"BULON PULIDO UNC GALV AZUL 1/4 X 3/4""",1000,unidad,1
"BULON PULIDO UNC GALV.AZUL 5/16X1""",1000,unidad,1
"TUERCA EXAGONAL LIVIANA UNC NATURAL 5/16""",1000,unidad,1
"KGR DE ARANDELA PLANA H GALV AZUL 1/2""",1000,unidad,1
"BULON GRADO 5 UNC DORADO 1/2X1 1/2""",1000,unidad,1
"TUERCA AUTOFRENANTE UNC GALV AZUL 1/2""",1000,unidad,1
"KGR DE ARANDELA PLANA H GALV AZUL 5/16""",1000,unidad,1
TUBOS USO MECANICO 4,1000,unidad,1
TUBOS USO MECANICO 3,1000,unidad,1
TUBOS USO MECANICO 21/2,1000,unidad,1
UPN X 6 MTS 80,1000,unidad,1
PLANCHUELAS 5X1 / 4,1000,unidad,1
PLANCHUELAS 1.1/2X1/4,1000,unidad,1
PLANCHUELAS 1X3/16,1000,unidad,1
"CA EST RECT 40X20X1,6",1000,unidad,1
"TYROLIT DISCO SENSITIVO 350X3 , 2X25 ,4",1000,unidad,1
LAD CERAMICO 12X18X33,1000,unidad,1
DIPROEL DILUY ACRILICO X 200L,1000,unidad,1
TETON REPARACION DE FUNDICION SALTO 8-022,1000,unidad,1
ARANDELA PERNO BAL SALTO AV19,1000,unidad,1
"PERNO TENSOR 7/8 X 7"" ( 180 MM) 3966",1000,unidad,1
TUERCA AUTOF 7/8 SAE 2996,1000,unidad,1
BUL NC-1010- 1/4X20X3/4ZCJ1800,1000,unidad,1
BUL NC-1010- 1/4X20X1 ZCJ1500,1000,unidad,1
BUL NC-1010-5/16X18X 3/ 4ZCJ1200,1000,unidad,1
"BUL NC-1010-5/16X18X1,1/2ZC660",1000,unidad,1
LIJA AL AGUA AA240,1000,unidad,1
GAR 45K YPF GAS,1000,unidad,1
BULON 7/8 X 140 MM ALT NAC,1000,unidad,1
BULON 7/8 X 160 MM ALT NAC,1000,unidad,1
BULON 7/8 X 190 MM ALT NAC,1000,unidad,1
TUE-78 TUERCA 7/8 ALT NAC,1000,unidad,1
GLASURIT CAT RAP 929-91 X 2.5,1000,unidad,1
"VACUOMETRO 76 CM 4"" ROSCA DE 1/2 INF",1000,unidad,1
CODO 90 JIC X NPT 7/8 X 1/2,1000,unidad,1
YUMA 732/RR 732/RT 732/TT,1000,unidad,1
ADHESIVO DIGOCOL 250 CC.,1000,unidad,1
ADHESIVO CIANO CB1-CM1-CM2-CA3 20GS,1000,unidad,1
CORREA EVER WEAR B-058,1000,unidad,1
HESKINS 25MM X 6MT NEGRO ANTIDESLIZANTE,1000,unidad,1
AFLOJA TODO DIAGOCOL X440,1000,unidad,1
CORREA EVER WEAR B-076,1000,unidad,1
CORREA EVER WEAR B-054,1000,unidad,1
CORREA EVER WEAR B-067,1000,unidad,1
RVM2000- CAVEZAL SOPLADOR RVM2000 AH C/PATAS E/IZQ G/ANT,1000,unidad,1
ALQUILER DE TUBO (21%),1000,unidad,1
CO2 INDUSTRIAL TUBO,1000,unidad,1
OXIGENO INDUSTRIAL TUBO,1000,unidad,1
ARGON TUBO,1000,unidad,1
"BOMBA D.M.C. EN H F CON ENGRANAJES CEMENTADOS 3"" EJE LIBRE MARCA PATRACAS",1000,unidad,1
"MCH-C-MH MANOTA DE CHAPA M.H. CENTRAL ARMADA (C/BALANCIN, PERNO Y BUJE) (ALTURA 210MM)ALT NAC",1000,unidad,1
MACH-D-TT-210-MH MANOTA DE CHAPA M.H. DELANTERA TREN TRASERO (ALTURA 210MM)ALT NAC,1000,unidad,1
MANCH-T-TT-210-MH MANOTA DE CHAPA TRASERA TREN TRASERO (ALTURA 210MM)ALT NAC,1000,unidad,1
BT-18279 BUJE PARA TENSOR MONTENEGRO (7/8 X 23 X 78)ALT NAC,1000,unidad,1
20400 PERNO 7/8 X 150 ALT NAC,1000,unidad,1
TU-78 TUERCA 7/8 ALT NAC,1000,unidad,1
CA. EST. RECT. 50X30X2,1000,unidad,1
BULON C/REDONDA C/C SIN TUERCA 8X125,1000,unidad,1
BULON C/REDONDA C/C SIN TUERCA 6X90,1000,unidad,1
VIRUTA FINA X 0.330,1000,unidad,1
VIRUTA GRUESA X 0.330,1000,unidad,1
"[MN22100RF0076V] 220100 R 1/2""NPT -76CM/HG VACUOMETRO MARCA CENI -SERIE22-CAJA:ACERO INOXIDABLE 0100MM-INTERNOS:BRONCE- SALIDA: INTERIOR 1/2""NPT- RANGO -76CM/HG-CLASE 1,6% - CON GLISERINA",1000,unidad,1
"[MN22100F25000]220100 R 1/2""NPT 2.5 BAR/PSI MANOMETRO MARCA CENI-SERIE 22 CAJA: ACERO INOXIDABLE 0100MM - INTERNOS:BRONCE- SALIDA INFERIOR 1/2""NPT RANGO 0-2.5 BAR/PSI CLASE 1,6% CON GLISERINA",1000,unidad,1
"POLEA H F 3 CANALES ""A"" 0400 MM",1000,unidad,1
"DELIMITADOR CON RETRORREFLECTOR INCORPORADO COLOR AMBAR CON CONECTOR Y TRABAS PARA ENCASTRE, FUNCION: POSICION Y GIRO LATEREAL",1000,unidad,1
"DELIMITADOR CON RETRO REFLECTOR INCORPORADO COLOR CRISTAL CON SALIDA DE CABLES ENVAINADO ,FUNCION:POSICION DELANTERA",1000,unidad,1
DELIMITADOR CON RETRO REFLECTOR INCORPORADO COLOR ROJO CON SALIDA DE CABLES ENVAINADO FUNCION:POSICION LATERAL O TRASERA,1000,unidad,1
DELIMITADOR CON RETRO REFLECTOR INCORPORADO COLOR VERDE CON SALIDA DE CABLES ENVAINADO,1000,unidad,1
"FARO REDONDO ELECTR. DIAM 4"" CON 30 LEDS, BIVOLTAJE (12/24V) COLOR ROJO POS / AMBAR GIRO",1000,unidad,1
"FARO REDONDO ELECTR. DIAM 4"" CON 30 LEDS, BIVOLTAJE (12/24V) COLOR ROJO POS / CRISTAL RETROCESO",1000,unidad,1
"FARO REDONDO ELECTR. DIAM 4"" CON 30 LEDS BIVOLTAJE (12/24V) COLOR ROJO POS / STOP",1000,unidad,1
TENSOR FIJO MH 500 MM,1000,unidad,1
TENSOR FIJO MH 450 MM,1000,unidad,1
GUARDA - FANGO WEBER 2000X380,1000,unidad,1
GUARDA - FANGO WEBER 630X550,1000,unidad,1
HGF,1000,unidad,1
MANGUITO 55211-G/2W3,1000,unidad,1
SOPORTE 2201LC04240136-H,1000,unidad,1
POLEA FUND. 4 B 180,1000,unidad,1
POLEA FUND. 4 B 200,1000,unidad,1
PALLET,1000,unidad,1
BOLSAS CAL HIDRAT EXTRA 25KG,1000,unidad,1
"RDA. M. BENZ 7.5 X 22,5""",1000,unidad,1
VALVULAS TIPO SCHRADER P/RUEDA,1000,unidad,1
MANGUITO 55211-G/23,1000,unidad,1
NTN 3322001LC04181,1000,unidad,1
CRUZ 104605-G/21,1000,unidad,1
MANGUITO 22093LC0500069S,1000,unidad,1
DPI 2201LC04240136-H,1000,unidad,1
ADAPTADOR JIC X ORING 1.1/16 X 1.1/16,1000,unidad,1
CODO 90 JIC X ORING 1.1/16,1000,unidad,1
CODO 90 HG JIC X JIC 1.1/16,1000,unidad,1
FARO 650,1000,unidad,1
FARO 850,1000,unidad,1
FARO 103,1000,unidad,1
"TAPON 1"" AISI 304",1000,unidad,1
"TEE ROSC 1"" AISI 304",1000,unidad,1
"CODO ROSC 1"" AISI 304",1000,unidad,1
1210-R (1209-K),1000,unidad,1
1244. (H-309),1000,unidad,1
3896. (SN-509),1000,unidad,1
CONO BALIZADOR 55 CM,1000,unidad,1
AUTOPERFORANTE 8X1 1/2 TANQUE MECHA,1000,unidad,1
BULON G5HEX USS 5/8X6/,1000,unidad,1
"BULON DE DISCO 22 X 95MM S/TUERCA M, BENZ 301",1000,unidad,1
TUERCA DE DISCO RANDDN / M. BENZ 308,1000,unidad,1
RETEN DE RUEDA BAÑO ACEITE. SAV 6766 W01184,1000,unidad,1
BOLSA DE PRECINTOS SYBYD ALT 5 NEGRO,1000,unidad,1
CABLE TIPO TALLER 2X1 MM,1000,unidad,1
LAMPARA FORZA ALIC 55W,1000,unidad,1
ROLLO DE CINTA AISLADORA VINI-TAPE X 20 MTS,1000,unidad,1
LAMPARA LED 12W INTERELEC FRIA,1000,unidad,1
LAMPARA LED 50W IDOLER,1000,unidad,1
MANGUERA HIDROCARBUROS 19MM 300LBRS,1000,unidad,1
"AEROSOL LUBRICANTE AFLOJA TODO ""GRANDE""",1000,unidad,1
SELLADOR SILOC 300 GMS NEGRO/TRANS/BLA PROFESIONAL,1000,unidad,1
SELLADOR SINTETICO (PINTABLE) 310 GMS SELLA CARROCERIAS,1000,unidad,1
CORREA EVER WEAR B-090,1000,unidad,1
CORREA EVER WEAR A-038,1000,unidad,1
CORREA EVER WEAR B-059,1000,unidad,1
CORREA EVER WEAR A-063,1000,unidad,1
BOMBACHA CAMPO OMBU ALFORZADA,1000,unidad,1
CORREA EVER WEAR B-053,1000,unidad,1
CORREA EVER WEAR B-061,1000,unidad,1
BOTA NAUTICA C/CUELLO AMAR/AZUL 39/44 960,1000,unidad,1
PLAFON LED SYBYD REDONDO 12 W,1000,unidad,1
DISYUNTOR BIPOLAR 25AMP STECK,1000,unidad,1
TERMICA BIPOLAR 10AMP STECK,1000,unidad,1
TERMICA BIPOLAR 6AMP AEA,1000,unidad,1
CAJA KALOP EXTERIOR,1000,unidad,1
BASTIDOR EXULT,1000,unidad,1
TAPA EXULT BLANCA,1000,unidad,1
MODULO 1 PUNTO EXULT,1000,unidad,1
TOMA EXULT 1 PUNTO,1000,unidad,1
TAPON JELUZ,1000,unidad,1
BASE EXTERIOR 2X10,1000,unidad,1
LAMPARA LED 15W INTERELEC,1000,unidad,1
CAJA TABLEPLAST PF083,1000,unidad,1
"ASPIRADOR DE CONDUCTO GALAXIA 4""",1000,unidad,1
PANTALLA DE POLICARBONATO 30CM,1000,unidad,1
POMPA PKC 15/15 S,1000,unidad,1
BOQUILLA 1/4 NPT ACERO 15 035,1000,unidad,1
PIST ML320 G 1/4M-180BAR.25L/M,1000,unidad,1
LANCIA 1200P15+SF12X2+U1/4NPTF TZ,1000,unidad,1
"VB35 VALVOLA X:5 Y:53,5",1000,unidad,1
"ENROLLA AUTOM.MANG 1/2"" 15 M ACEITE",1000,unidad,1
TRIMAS BASE GRIS CHASIS.ACRIL X 3.5,1000,unidad,1
TRIMAS BASE AZUL OCEANO.ACRIL X 3.5,1000,unidad,1
BALDE P/ARENA INCENDIO ROTOMOLDEADO,1000,unidad,1
"CAÑO DN 168,3 X 6,4 MM. METROS",1000,unidad,1
TORIESFERICO 1600,1000,unidad,1
TORIESFERICO 1700,1000,unidad,1
TORIESFERICO 1750,1000,unidad,1
TORIESFERICO 1800,1000,unidad,1
TORIESFERICO 1900,1000,unidad,1
TORIESFERICO 2000,1000,unidad,1
TORIESFERICO 2100,1000,unidad,1
TORIESFERICO 2200,1000,unidad,1
"CUPLAS 0 1/2"" SCH40 P/SOLDAR",1000,unidad,1
RET 8922 LX DBH,1000,unidad,1
TORCHA REPARADAS,1000,unidad,1
PICOS M6 1.2,1000,unidad,1
PICOS M8 1.2,1000,unidad,1
VIDRIOS TRANSPARENTES,1000,unidad,1
VIDRIOS PROTANE 11,1000,unidad,1
TOBERAS 250,1000,unidad,1
TOBERAS 360,1000,unidad,1
APORTE INOX 308 1.6,1000,unidad,1
SIRGAS 4 MTS.,1000,unidad,1
TUNGSTENOS 2.4,1000,unidad,1
POR CERTIFICACION DE CISTERNA - GLOBAL SUR STL,1000,unidad,1
TORIESFERICO 1600 6.3 A.C.,1000,unidad,1
TORIESFERICO 1700 6.3 A.C.,1000,unidad,1
TORIESFERICO 1750 6.3 A.C.,1000,unidad,1
TORIESFERICO 1800 6.3 A.C.,1000,unidad,1
TORIESFERICO 1900 6.3 A.C.,1000,unidad,1
TORIESFERICO 2000 6.3 A.C.,1000,unidad,1
TORIESFERICO 2100 6.3 A.C.,1000,unidad,1
TORIESFERICO 2200 6.3 A.C.,1000,unidad,1
"UNIONES 3""",1000,unidad,1
LLAVES SALIDA,1000,unidad,1
CAMACHO CON BASE,1000,unidad,1
DESCARGA,1000,unidad,1
"TAPAS 4""",1000,unidad,1
"ROLLOS AMARILLA 3""",1000,unidad,1
"ARANDELA 4""",1000,unidad,1
22213 K,1000,unidad,1
SN 513,1000,unidad,1
H-313,1000,unidad,1
TF ES 6306-A NEUM.MULT C/PL.,1000,unidad,1
TF DOBLE MB G221 N.MULT.AT ALTO TORQUE,1000,unidad,1
TF DIRECTA P/TF 5211 NEUM PL (ABAJO),1000,unidad,1
TF DIRECTA P/TF 5211 NEUM 215 (ARRIBA),1000,unidad,1
EJE PROLONGADOR MB G221 C/PLAC ( 211MM),1000,unidad,1
TRV 53-AB,1000,unidad,1
ADCTUADOR 90 D. 83 2E F05/F07,1000,unidad,1
ADCTUADOR 90 D.63 2E F05/F07,1000,unidad,1
ADAPTADOR P/ACT . POT. E/C 11 A E/C 14,1000,unidad,1
ADAPTADOR 17X14X19,1000,unidad,1
TUBOS USO MECANICO 2 1/2,1000,unidad,1
TUBOS USO MECANICO 2,1000,unidad,1
ANGULOS 1 . 1/4X3/16,1000,unidad,1
ANGULOS 7/8X1/8,1000,unidad,1
TE 7/8X1/8,1000,unidad,1
"METAL DESPLEGADO 450-30-30/2(1 , 5X3)",1000,unidad,1
"TYROLIT DISCO SENSITIVO 350X2 , 5X25 ,4",1000,unidad,1
"CA. EST. RECT. 40X20X1,6",1000,unidad,1
"CA. EST. RECT. 100X20X1,6",1000,unidad,1
"CA. EST. RED. 2X1 , 24",1000,unidad,1
"NIPLE 1"" X 100 AISI 316",1000,unidad,1
NIPLES 1/2 100 AISI 316,1000,unidad,1
NIPLES 3/4 100 AISI 316,1000,unidad,1
"1/2 NIPLES 2"" AISI 316",1000,unidad,1
"TAPA 2"" AISI 304",1000,unidad,1
VALV BY PASS U251,1000,unidad,1
IPN X 6MTS 80,1000,unidad,1
PLANCHUELAS 1 . 1/2X1/4,1000,unidad,1
PLANCHUELAS 3 /4X1/ 4,1000,unidad,1
PLANCHUELAS 1X3 /16,1000,unidad,1
REDONDOS 3/4,1000,unidad,1
REDONDOS 1/2,1000,unidad,1
REDONDOS 3/8,1000,unidad,1
REDONDOS 5/16,1000,unidad,1
REDONDOS 1/4,1000,unidad,1
CUADRADOS 5/8,1000,unidad,1
CUADRADOS 1/2,1000,unidad,1
"CA. EST. RED. 5/8X1 ,6",1000,unidad,1
"CA. EST. RED. 1/ 2X1,6",1000,unidad,1
"CA. EST. RED. 1X1,6",1000,unidad,1
KIT ABS 2S2M,1000,unidad,1
KIT . CONEXIONES,1000,unidad,1
"SENSOR ABS 90"" 1MT + CLIP",1000,unidad,1
CORONA 176MM,1000,unidad,1
VALVULA PREV,1000,unidad,1
KIT CONEXIONES TRCM SUSP MEC,1000,unidad,1
KIT CONEX. DESC. RAP 2 VIAS FORD,1000,unidad,1
SPRING 30/30 303MM ROSCA 3/8,1000,unidad,1
KIT CONEXIONES SPRING X EJE,1000,unidad,1
TANQUE DE AIRE 75L CON SOPORTE,1000,unidad,1
KIT CONEXIOES TANQUE DE 75 L,1000,unidad,1
KIT A/A U-TBA 28D EUROBRAKE,1000,unidad,1
AJUST. AUTOM. U-TBA 28D,1000,unidad,1
PUNTO FIJO U-TBA DER,1000,unidad,1
PUNTO FIJO U-TBA IZQ,1000,unidad,1
TUBO POLIAMIDA 12 X 9 -NEGRO,1000,unidad,1
TUBO POLIAMIDA 16 X 12-NEGRO,1000,unidad,1
TUBO POLIAMIDA 8 X 6-NEGRO,1000,unidad,1
KIT CONEXIONES,1000,unidad,1
CORONA 176 MM,1000,unidad,1
VALVULA DESC RAP Y 2 VIAS P /FORD,1000,unidad,1
KIT CONEX. DESC RAP 2 VIAS FORD,1000,unidad,1
KIT CONEXIONES TANQUE 75L,1000,unidad,1
AJUST. AUTOM. U-TAB 28D,1000,unidad,1
PUNTO FIJO U-TAB DER,1000,unidad,1
TUBO POLIAMIDA 12 X 9 - NEGRO,1000,unidad,1
TUBO POLIAMIDA 16 X 12 - NEGRO,1000,unidad,1
TUBO POLIAMIDA 8 X 6 - NEGRO,1000,unidad,1
"VALVULAS ESF. PT BRONCE CROMADO PTFE 1/2""",1000,unidad,1
"VALVULAS ESF. PT BRONCE CROMADO PTFE 3/4""",1000,unidad,1
"VALVULAS ESF. PT BRONCE CROMADO PTFE 1""",1000,unidad,1
"VALVULAS ESF. BRONCE PASO TOTAL 2""",1000,unidad,1
BIDONES DE AGUA,1000,unidad,1
ENGANCHE Nº3 FIAT COMPLETO,1000,unidad,1
GANCHO CADENERO DE CHAPA (JGO),1000,unidad,1
"CODOS ROSC 1"" AISI 304",1000,unidad,1
"TAPONES 1"" AISI 316",1000,unidad,1
"TEE ROSC 1"" AISI 316",1000,unidad,1
MOTOR TRIF WEG 5.5 HP 1500 RPM IMB3 IP55 C112M A -13985922,1000,unidad,1
GLASURIT COLOR 22 X 01,1000,unidad,1
ENVASE X 1 (72),1000,unidad,1
ESMALTE A POLIU. GRIS VISON 0100 X 03,1000,unidad,1
CONVERTIDOR 9013 X 1,1000,unidad,1
GLASURIT CAT. RAP. 929-91 X 0.500,1000,unidad,1
KIT PARCHE X 10000,1000,unidad,1
ESTOPA BLANCA X 05,1000,unidad,1
VIRUTA MEDIANA X 0.330,1000,unidad,1
"8.25 X 22,5 10AG PHASE IV",1000,unidad,1
"CODO 90"" PLASTICO 8 X 1/4",1000,unidad,1
CONECTOR RECTO PLASTICO 6MM X 1/4,1000,unidad,1
CONECTOR RECTO PLASTICO 6MM X 1/8,1000,unidad,1
"CODO 90"" PLASTICO 8 X 1/8",1000,unidad,1
CONECTOR RECTO PLASTICO 8MM X 1/8,1000,unidad,1
UNION DOBLE RECTA PASTICA TUBO 1/4,1000,unidad,1
REGULADOR 1/4,1000,unidad,1
CINTA DOBLE A N 988 18 X 50,1000,unidad,1
S.W KIT PRIMER Y ENDURECEDOR POLI P-710,1000,unidad,1
LACA NITRO SEMI MATE NEGRO X 01,1000,unidad,1
THINNER HYDRA ORO X 4,1000,unidad,1
UNION DOBLE AJUSTE TUBO 8,1000,unidad,1
TUERCA AJUSTE TUBO 8 (X10),1000,unidad,1
BUJE DE REDUCCION (ACERO) 3/8 X 1/4,1000,unidad,1
"CONJUNTO FRENO CAMION 1/2 PA6 C/CONE.4,50MT",1000,unidad,1
VIROLA 6MM(X50),1000,unidad,1
VIROLA 8MM(X50),1000,unidad,1
ACORTAR CARDAN,1000,unidad,1
2 CRUCETAS 5-160,1000,unidad,1
"CONJUNTO EMBRAGUE, PLACA Y DISCO SIN REC DE VOLANTE",1000,unidad,1
JUNTA SEGURO RODILLO DE DIRECT,1000,unidad,1
RETEN,1000,unidad,1
BOLILLAS DE HORQUILLAS,1000,unidad,1
GRAPODINA DE EMBRAGUE,1000,unidad,1
RULEMAN 403635,1000,unidad,1
RULEMAN 62,1000,unidad,1
RULEMAN 403637,1000,unidad,1
RULEMAN 403638,1000,unidad,1
"ACOPLE DNM 4"" ALUMINIO ( NACIONALES )",1000,unidad,1
"ACOPLE DNM 3"" ALUMINIO ( NACIONALES )",1000,unidad,1
"ACOPLE DNM 2 1/2"" ALUMINIO ( NACIONALES )",1000,unidad,1
"ACOPLE DTH 3"" ALUMINIO ( NACIONALES )",1000,unidad,1
"ACOPLE DCE 4"" ALUMINIO ( NACIONALES )",1000,unidad,1
"ACOPLE DCE 3"" ALUMINIO ( NACIONALES )",1000,unidad,1
"ACOPLE DCE 2 1/2"" ALUMINIO ( NACIONALES )",1000,unidad,1
"ACOPLE DCE 2"" ALUMINIO ( NACIONALES )",1000,unidad,1
VALV MARIPOSA WAFER 100 PAL,1000,unidad,1
TERMICA TRIPOLAR 25A STECK,1000,unidad,1
LLAVE ELIBET INVERSORA C/CAJA 32A COD.32302/0,1000,unidad,1
ADAPTADOR P/LAMPARA 50W,1000,unidad,1
FICHA STECK N-5276 32 AMP,1000,unidad,1
CHAPA ALUMINIO 1000 X 2000 X 2 MM ESPESOR,1000,unidad,1
VALV MARIPOSA WAFER 150 PAL,1000,unidad,1
"CASQUETE TORIESFERICO 1750 6,3",1000,unidad,1
"ADAP. MACHO - ROSCA MACHO 4""",1000,unidad,1
"ADAP. MACHO - ROSCA MACHO 3""",1000,unidad,1
"ADAP. MACHO - ROSCA MACHO 2-1/2""",1000,unidad,1
"ADAP. MACHO - ROSCA MACHO 2""",1000,unidad,1
"TAPA 3""",1000,unidad,1
"CUPLA HEMBRA - MANGUERA 4""",1000,unidad,1
"CUPLA HEMBRA - MANGUERA 2""",1000,unidad,1
BOLSAS CAL CACIQUE MAX 30KG,1000,unidad,1
BUJE 3 X 2 1/2 GALVANIZADO,1000,unidad,1
ALAMBRE DE FARDO /POR KG,1000,unidad,1
MESA PLATO CORRUGADA 40 ALT.,1000,unidad,1
MESA PLATO CORRUGADA 100 ALT.,1000,unidad,1
"RED CON SCH 40 6 X 4""",1000,unidad,1
"RED CON SCH 40 4 X 3""",1000,unidad,1
"RED CON SCH 40 4 X 2 1/2""",1000,unidad,1
"C.R.LARGO SCH 40 6""",1000,unidad,1
"C.R.LARGO 90"" SCH 40 3""",1000,unidad,1
"C.R.LARGO 90º SCH 40 2 1/2""",1000,unidad,1
"BUJE RED. GALVANIZADO 3"" X 2 1/2 DEMA",1000,unidad,1
DCOFQP T1890 L600 PAB0º GRASA TC PT ABS,1000,unidad,1
DCOFQP T1890 LA520 CSTD GRASA PT TA ABS,1000,unidad,1
6.35 X 1500 X 7000 (*),1000,unidad,1
3.20 X 1500 X 6000,1000,unidad,1
4.80 X 1500 X 6000,1000,unidad,1
1.60 X 1220 X 2440,1000,unidad,1
VALVULA DE RETENCION 1/4,1000,unidad,1
FONDO TORIESFERICO DIAM. 450 X 1/8,1000,unidad,1
ALBAMIX 4590020 CONV FDO EPO X 4L,1000,unidad,1
PLACA TEFLON PARA PLATO DE ENGANCHE JOST CON KIT DE INSTALACION,1000,unidad,1
RETEN 5432 DBH,1000,unidad,1
BR LASER TN 660/2320,1000,unidad,1
"BULON GRADO 5 UNC DORADO 5/8X1 1/2""",1000,unidad,1
"BULON GRADO 5 UNC DORADO 5/8X5""",1000,unidad,1
CEMENTO AVELLANEDA,1000,unidad,1
CAL HIDRAT EXTRA 25KG,1000,unidad,1
CAL CACIQUE MAX 30KG,1000,unidad,1
HIDRALIT,1000,unidad,1
CAL MILAGRO,1000,unidad,1
PEG IMPER BORGOÑA 30KG,1000,unidad,1
HIDROFUGO HOMERO X10 KG,1000,unidad,1
LADRILLO CORDOBA,1000,unidad,1
LADRILLO COMUN,1000,unidad,1
LADRILLO MAR DEL PLATA,1000,unidad,1
LADRILLO HUECO 8X8X33,1000,unidad,1
LADRILLO HUECO 12X18X33 (9AUJ.),1000,unidad,1
LADRILLO HUECO 18X18X33,1000,unidad,1
BLOQUE CEMENTO 13X19X39,1000,unidad,1
"HIERRO DEL 4,2",1000,unidad,1
HIERRO DEL 6,1000,unidad,1
HIERRO DEL 8,1000,unidad,1
HIERRO DEL 10,1000,unidad,1
HIERRO DEL 12,1000,unidad,1
KG ALAMBRE FARDO,1000,unidad,1
KG CLAVOS PUNTA PARIS,1000,unidad,1
MTS DE ARENA,1000,unidad,1
MTS DE PIEDRA,1000,unidad,1
MTS DE CASCOTE PICADO,1000,unidad,1
MTS DE GRANZA,1000,unidad,1
CHASIS DE TOSCA (8 MTS),1000,unidad,1
CONCHILLA (MTS),1000,unidad,1
YESO TUYANGO X 30 KG,1000,unidad,1
HORMIGON H21,1000,unidad,1
"VIGAS 4,20 MT",1000,unidad,1
LADRILLOS DE TERGOPOR,1000,unidad,1
"MALLA 15X15 2X5M HIERRO 4,2",1000,unidad,1
"MALLA 15X15 2X5M HIERRO 5,3",1000,unidad,1
601 X 10 GRS LOCTITE,1000,unidad,1
MECHA A/R EZETA 14.00MM,1000,unidad,1
TF DOBLE ZF 16S-151 NEUM MULT ( ARR: Z15 X AB: C/PL.),1000,unidad,1
EJE PROLONGADOR TF ZF 16S-151 (ZF 16S-2225),1000,unidad,1
TF FS 6306-A NEUM MULT C/P1 6406-B,1000,unidad,1
ACOPLE RAPIDO 1/4 S/PERNO RCA. H 1/4,1000,unidad,1
PERNO ENCHUFE 1/4 X MANG 3/8,1000,unidad,1
RACORD ACERO MANG 3/8 X 1/4M (X10),1000,unidad,1
PERNO ENCHUFE 1/4 X 1/4 MACHO (X10),1000,unidad,1
VALVULA RETENCION NEUM. 1/8,1000,unidad,1
VALVULA RETENCION NEUM. 1/4,1000,unidad,1
CODO 90° PLASTICO 6 X 1/8,1000,unidad,1
CODO 90° PLASTICO 8 X 1/8,1000,unidad,1
UN REFLECTIVO DOBLE,1000,unidad,1
MATAFUEGOS ABC X 10 KGS,1000,unidad,1
TF MB G3/60 NEUM MULT C/PLATO,1000,unidad,1
SOPORTE TF 1114 DOBLE CARD CT 1114 COMO CT,1000,unidad,1
CABLE TIPO TALLER 2X1 1.5MM,1000,unidad,1
FARECLA G3 WAX (EX CERA WAX TOP) X 0.500,1000,unidad,1
CETOL B/NATURAL X 04,1000,unidad,1
DISCO AA 050,1000,unidad,1
DISCO AA 120,1000,unidad,1
FONDO EPOXI GRIS ANTI. 8007 X 04,1000,unidad,1
CONVERTIDOR EPOXI 9020 X 1,1000,unidad,1
ESMALTE A POLIU NEGRO 0100 X 03,1000,unidad,1
ESMALTE A POLIU BERMELLON 0100 X03,1000,unidad,1
ESMALTE A POLIU BLANCO 0100 X 03,1000,unidad,1
ESMALTE A POLIU GRIS CHASIS 0100 X 03,1000,unidad,1
ESMALTE A POLIU ALUMINIO LLANTA 0100 X 03,1000,unidad,1
BUL NC-1010-5/16X18X 1 ZCJ900,1000,unidad,1
TUERCA H° 5/16 NC18CAJA3000,1000,unidad,1
TOR C/TQES/T 3/16X3/4 EST350,1000,unidad,1
MMA- 2520S CAMARA DE AIRE TUBULAR H. 390,1000,unidad,1
"CA. EST. CUAD. 40X40X3 ,2",1000,unidad,1
CA. EST. RECT. 40X30X2,1000,unidad,1
MANG 3/4 R2 1050 HG X HG 1.1/16 JIC,1000,unidad,1
MANG 3/4 R2 X 2060MM HG X HG 1.1/16 JIC,1000,unidad,1
MANG 3/4 R2 X 2740MM HG X HG 1.1/16 JIC,1000,unidad,1
CODO 90 JIC X NPT 1.1/16 X 3/4,1000,unidad,1
BUJE RED M X H 0 7/8,1000,unidad,1
"ACOPLE A PALANCA TIPO C 2.1/2""",1000,unidad,1
"RACORD FORJADO DE ACERO 2.1/2""",1000,unidad,1
GLASURIT PR.HS VOC GRIS 285-700 X 03,1000,unidad,1
GLASU CAT RAP 929-55(SOLO PRIM) X 0.500,1000,unidad,1
GLASURIT CAT.RAP.929-91 X 0.500,1000,unidad,1
ENVASE X4 (24),1000,unidad,1
TRIMAS REVEST TEXT NEGRO X 01,1000,unidad,1
TF FS 4205-A NEUM MULT C/PL,1000,unidad,1
CH/LC CC 6.35X1500X7000,1000,unidad,1
CH/LC CC 3.20X1500X6000,1000,unidad,1
CH/LC CC 4.80X1500X6000,1000,unidad,1
CH/LF CC 1.60X1220X2440,1000,unidad,1
TIRAS DE TUBO DE VIDRIO 0 32MM X 4MM ESPESOR X1000MM DE LARGO,1000,unidad,1
PLANCHUELAS 1X3 /8,1000,unidad,1
VARIOS CORTE PLANCHA 1/2,1000,unidad,1
TEE GALV 2 1/2 DEMA,1000,unidad,1
NIPLE GALV 1/4 X 10CM,1000,unidad,1
CODO GALV 1/4 90 HH DEMA,1000,unidad,1
CAÑO PN20 REDECO 20MM,1000,unidad,1
CODO 90 C/INSERT MACHO 20X 1 /2 REDECO,1000,unidad,1
BUJE RED PPP 3/4 X 1/2 IPS,1000,unidad,1
CODO FUSION FUSION 20MM 90 REDECO,1000,unidad,1
UDC ROSCA HEMBRA MET. 20 X 1/2 REDECO,1000,unidad,1
R.C.T. PPP 1/2 IPS,1000,unidad,1
CODO HH 1/2 X 90 PPP IPS,1000,unidad,1
VALVULA ESFERICA EVOLUTION 20,1000,unidad,1
JUNTA DE ASIENTO AP. CAPEA FLAPER FO20,1000,unidad,1
NUEVO PLAN 25 MB,1000,unidad,1
ABONO CORPORATIVO,1000,unidad,1
NEUM. MULT. C/P1 VW DELIVERY,1000,unidad,1
CORREA EVER WEAR A-027,1000,unidad,1
CORREA EVER WEAR A-028,1000,unidad,1
1319 MANCHON 85MM X 6 AGUJ.,1000,unidad,1
AFLOJA TODO 170X250 DIGOCOL,1000,unidad,1
BURLETE DE GOMA ESPONJA 15X50,1000,unidad,1
BURLETE DE GOMA ESPONJA 25X50,1000,unidad,1
CORREA EVER WEAR B-055,1000,unidad,1
CORREA EVER WEAR B-056,1000,unidad,1
MANGUERA AIRE-AGUA 19MM 300LBRS.,1000,unidad,1
CORREA EVER WEAR B-045,1000,unidad,1
BURLETE DE GOMA ESPONJA 6X30,1000,unidad,1
PLANCHA GOMA EVA ESP 5MM,1000,unidad,1
PLANCHA GOMA EVA ESP 10MM,1000,unidad,1
SINTETICA 1 TELA 6MM GU,1000,unidad,1
CORREA EVER WEAR B-070,1000,unidad,1
CORREA EVER WEAR B-035,1000,unidad,1
22211 KMBC3W33,1000,unidad,1
SN-511,1000,unidad,1
H-311,1000,unidad,1
"MACHO ROSCA MACHO MANIJA BRONCE 2"" 1/2",1000,unidad,1
"TAPON 2"" 1/2",1000,unidad,1
LLAVE SALIDA,1000,unidad,1
"CAMACHO C/BASE 2"" 1/2",1000,unidad,1
CHAVETAS MEDIA LUNAS 1/8 X 5/8,1000,unidad,1
1209-K,1000,unidad,1
H-309,1000,unidad,1
SN-509,1000,unidad,1
POLEA 5 CAN 100MM DIAM,1000,unidad,1
POLEA 5 CAN 260MM DIAM,1000,unidad,1
"1MTS CAÑO SICA DE 20"" PVC",1000,unidad,1
CURVA SICA DE 20 PVC,1000,unidad,1
CAJA EXULTT 10X10,1000,unidad,1
CONECTOR SICA DE 20 PVC,1000,unidad,1
CUPLA DE UNION 20 SICA,1000,unidad,1
1MTS CABLE 1X1.5 MM,1000,unidad,1
1MTS CABLE 1X2.5 MM,1000,unidad,1
"CONECTOR CURVO 90"" MACHO 1/2"" ESTANCO S/T F52",1000,unidad,1
"CONECTOR RECTO 1/2"" DAISA FT33",1000,unidad,1
TUERCA 1/2,1000,unidad,1
KIT DE TARUGOS C/TORNILLOS 6MM TASCA X 100 UNID,1000,unidad,1
GRAMPA SICA DE 20,1000,unidad,1
DIPROEL DILUY POLIURETANO X18L,1000,unidad,1
TUERCA ESPECIAL ROSCA CUAD. 3/4 4H 38X31 CIL,1000,unidad,1
BULON EXAGONAL A109 T RE 16 150 065,1000,unidad,1
TUERCA AUTOF ME HACER TOZA 12 15 0 C/ALA,1000,unidad,1
BULON EXAGONAL A109 T RE 16 150 075,1000,unidad,1
BULON EXAGONAL A8.8 Z PD 3/4 10 H 155,1000,unidad,1
BULON EXAGONAL A8.8 Z PD 3/4 10 H 165,1000,unidad,1
BULON EXAGONAL A8.8 Z PD 3/4 11 H 175,1000,unidad,1
BULON EXAGONAL A8.8 Z PD 3/4 12 H 200,1000,unidad,1
BULON EXAGONAL A8.8 Z PD 3/4 13 H 215,1000,unidad,1
BULON EXAGONAL A8.8 Z PD 3/4 14 H 225,1000,unidad,1
CONECTOR DE PVC 20 SICA,1000,unidad,1
MODULO DE COMBINACION JELUZ,1000,unidad,1
CAJA TABLEPLAS XCB-10/77,1000,unidad,1
BULON G5 HEX USS 7/8 X 3 /,1000,unidad,1
BULON G5 HEX USS 7/8 X 4 1/2 /,1000,unidad,1
TUERCA AUTOFRENANTE 7/8 9 USS,1000,unidad,1
MODULO TAPON CIEGO RICHI,1000,unidad,1
"CAÑO SICA DE 20"" PVC",1000,unidad,1
PLAFON ROKER R-216,1000,unidad,1
CABLE 1 X 2.5MM,1000,unidad,1
CAJA KALOP RECT EXTERIOR,1000,unidad,1
KIT DE TORNILLOS Y TARUGOS N6,1000,unidad,1
TERMICA BIPOLAR 16AMP STECK,1000,unidad,1
TERMICA BIPOLAR 6AMP STECK,1000,unidad,1
CAJA TABLEPLAST PF08S,1000,unidad,1
PAR DE BOTINES OMBU FRANCES C/P NEGRO,1000,unidad,1
MODULO DE TOMA JELUZ,1000,unidad,1
MODULO DE TOMA EXULT,1000,unidad,1
TAPAS JELUX,1000,unidad,1
ROLLO INOX 308 15KG,1000,unidad,1
PICOS 1.2,1000,unidad,1
ANILLO AISLANTE C70,1000,unidad,1
JUEGOS PLASMA C70 CORTOS,1000,unidad,1
FABRICAR CARDAN 720MM C/BALANCEO,1000,unidad,1
PIEZAS ESCUADRAS SEGÚN PLANO X 1/2,1000,unidad,1
BRIDA 0 183 0 100 X 3/8,1000,unidad,1
P BARRANDA CICLISTA PLASTICA SEMIACOPLAD,1000,unidad,1
BARAN CICLISTA SOLA Y BRUSA CHICA,1000,unidad,1
PROTECTOR TRAS PLAS 32/100,1000,unidad,1
R.C.T. GALV. 3/4 LATYN,1000,unidad,1
TEE GALV 3/8 DEMA,1000,unidad,1
"TE GALV 1"" LATYN",1000,unidad,1
"ADAPTADOR MF JIG 7/8 % MF CONI (25,00%)",1000,unidad,1
"JUEGO DE CODOS ALUMINIO (25,00%)",1000,unidad,1
"NIPLE GALV 1"" X 15CM",1000,unidad,1
NIPLE GALV 1 1/4 X 15CM,1000,unidad,1
"NIPLE GALV 2"" X 15CM",1000,unidad,1
"NIPLE GALV 2"" 1/2 X 15CM",1000,unidad,1
"NIPLE GALV 2"" X 25CM",1000,unidad,1
CURVA GALV 1/2 45 HH LATYN,1000,unidad,1
CURVA GALV 1 1/4 45 HH LATYN,1000,unidad,1
CURVA GALV 1 1/2 45O HH LATYN,1000,unidad,1
CURVA GALV 1 1/4 45 MH LATYN,1000,unidad,1
"CURVA GALV 2"" 45 MH LATYN",1000,unidad,1
CURVA GALV 2 1/2 45 MH DEMA,1000,unidad,1
"R.C.T GALV 2"" LATYN",1000,unidad,1
CODO GALV 1/4 90 MH DEMA,1000,unidad,1
"CODO GALC 2"" 90 MH LATYN",1000,unidad,1
CUPLA C/B GALV 1 1/4 LATYN,1000,unidad,1
CUPLA C/B GALV 1 1/2 LATYN,1000,unidad,1
CUPLA C/B GALV 2 1/2 DEMA,1000,unidad,1
"CUPLA C/B GALV 3"" DEMA",1000,unidad,1
TAPA GALV 1 1/4 H LATYN,1000,unidad,1
TAPA GALV 2 1/2 H DEMA,1000,unidad,1
NIPLE GALV 1 /2 X 15CM,1000,unidad,1
RESMITA A4 80GRS 6222/2 BOREAL,1000,unidad,1
80W90,1000,unidad,1
BULONES DE CARDAN MERCEDES,1000,unidad,1
MANIJA ACCESO MERCEDES BENZ,1000,unidad,1
PORTA LAMPARAS H1,1000,unidad,1
LAMPARA H1,1000,unidad,1
PITONES DE 10/2 C/T,1000,unidad,1
CABLE TIPO TALLER 4X4MM,1000,unidad,1
BOLSA DE PRECINTOS SYBYD ALT3,1000,unidad,1
BOLSA DE PRECINTOS SYBYD ALT4 NEGRO,1000,unidad,1
BOLSA DE PRECINTOS SYBYD ALT5 NEGRO,1000,unidad,1
RVM 1000 AH EB GA - IMP-VAC-PRE,1000,unidad,1
CABEZAL R1000 ATMOSF AH EJE INF GA,1000,unidad,1
PUNTO CAPSULADO,1000,unidad,1
VIDRIO REDONDO 12.5CM,1000,unidad,1
"VIDRIO 13,5 X 17,5CM",1000,unidad,1
DUR LADRILLO SAT CON PEL CERAM X C4,1000,unidad,1
H 307 MANGUITO,1000,unidad,1
1207 K ARB,1000,unidad,1
SN 507 SOPORTE,1000,unidad,1
SUPER LAVABLE NETCOLOR BLANCO X 10,1000,unidad,1
BULON G5 HEX USS 3/4X2/1/2,1000,unidad,1
TUERCA AUTOFRENANTE 3/4 10 USS,1000,unidad,1
"BRIDA Ø 130 Ø73 X 1/2"" EXCLUSA",1000,unidad,1
"DISCO Ø105 X 3/8"" EXCLUSA",1000,unidad,1
"BRIDA Ø170 Ø70 X 1/2""",1000,unidad,1
"DISCO Ø140 X 3/8"" EXCLUSA",1000,unidad,1
"PLACA 350 X 110 X 5/8"" CON 2 AGUJ",1000,unidad,1
"PLACA 300 X 110 X 5/8""",1000,unidad,1
"BRIDA Ø 135 Ø67 X 1/4""",1000,unidad,1
"TAPAS PORTAFILTRO X 3/8""",1000,unidad,1
"PIEZAS LAGRIMAS X 3/8""",1000,unidad,1
"BRIDA BRIDA Ø 135 Ø80 X 3/8""",1000,unidad,1
CHAV CUADRADA HACER 8 X 8 X 300,1000,unidad,1
SK-509 AL 2 ACOPLE,1000,unidad,1
ZOLDAR 20 TUBO,1000,unidad,1
TF ZF 16AS-2630TO NEUM.M. C/PL,1000,unidad,1
EJE PROLONG. TF ZF 16AS-2630 (16AS-2230),1000,unidad,1
CORREAS CP-62 CARLISLE,1000,unidad,1
REJILLA COCINA DOBLE SCHEZ,1000,unidad,1
TRAPO DE PISO ALPARGATA G,1000,unidad,1
SECADOR BLANCO DE 50CM,1000,unidad,1
QUITASARRO T-H X6 LTS,1000,unidad,1
GUANTES DE LATEX TALLE XL,1000,unidad,1
ESCOBILLON BARRENDERO CHICO,1000,unidad,1
CABO DE MADERA 150MT,1000,unidad,1
GUARDABARRO UNIVERSAL,1000,unidad,1
BURLETE ESPONJA 6 X 30MM,1000,unidad,1
BURLETE CABURE CAUCHO EPDM,1000,unidad,1
BOMBA 180 LTS PORTAVOLQUETES SIN VALVULA SIN LLAVE ( GIRO DERECHO),1000,unidad,1
MANGUITO ESTRIADO COMUN SIN CEMENTAR Z-15,1000,unidad,1
CARDAN 1085MM C/BALANCEO,1000,unidad,1
BALANCEO 2 CARDANES DE TOMA DE FUERZA,1000,unidad,1
TORNILLO ARBOL TRANSMIS,1000,unidad,1
MANCHON 170 X 25 ASPIRANTE ESPELENTE,1000,unidad,1
MANG 1/2 R2 X 6500MM HG 7/8 JIC X HG 1/2 AS/MACHO,1000,unidad,1
MANG 3/8 R2 X 8000MM HG X HG 7/8 JIC,1000,unidad,1
MANG 1/4 R2 X 15 MTS MG 1/4 GAS X MG 1/2 GAS,1000,unidad,1
ADAPTADOR CODO 90M X H 1/4,1000,unidad,1
ADAPTADOR 9-16 JIC X 1/2 NPT,1000,unidad,1
MANOMETRO C/GLICERINA 0-160 BAR,1000,unidad,1
ADAPTADOR JIC X NPT 7/8 X 3/8,1000,unidad,1
CODO 90 JIC X NPT 7/8 X 3/8,1000,unidad,1
CODO 90 DE BRONCE M X H R 1/4,1000,unidad,1
MANOMETRO DIAM 63 ROSCA INF 1/4 0-160 BAR,1000,unidad,1
FIBRON AMARILLO TINTE,1000,unidad,1
MANGUERA 3/4 R1 X 1300MM HG X MG 1.3/16,1000,unidad,1
MANGUERA 3/8 R1 X 1400MM HG X HG 7/8 JIC,1000,unidad,1
MANGUERA 1/2 R2 X 1000MM HG 7/8 JIC X HG 1.1/16 JIC,1000,unidad,1
MANGUERA 1/2 R2 X 1300MM HG X HG 1.1/16,1000,unidad,1
MANGUERA 3/8 R1 X 1000MM HG X HG 7/8 JIC,1000,unidad,1
MANGUERA 3/4 R2 X 1500MM HG X HG 1.1/16 JIC,1000,unidad,1
MANGUERA 3/8 R2 X 1500MM HG X HG 7/8 JIC,1000,unidad,1
MANG 1/2 R2 X 500MM HG X MF 7/8 JIC,1000,unidad,1
"MANG 1"" R4 X 1500MM",1000,unidad,1
ADAPTADOR JIC X NPT 1.1/16 X 1/2,1000,unidad,1
ABRAZADERA DE BAJA PRESION,1000,unidad,1
BUJE DE REDUCCION DE BRONCE M X H T1/4 X R 1/8,1000,unidad,1
CONECT AUTOMAT TEE ROSCA CENTRAL T6 X R1/8,1000,unidad,1
ADAPTADOR JIC X NPT 7/8 X 3/4,1000,unidad,1
CUPLA DE 75 X 250MM,1000,unidad,1
ABRAZADERAS REFORZADAS AB-112,1000,unidad,1
TF FS 6306-A NEUM MULT C/P1,1000,unidad,1
TF FS 6306-A NEUM MULT C/PL (6406-B),1000,unidad,1
EJE PROLONGADO TF ZF 16AS-2630 TF 1344 (16AS-2230),1000,unidad,1
LLAVES ALLEN DE 4MM,1000,unidad,1
BROCA SDS PLUS Ø 8 X350,1000,unidad,1
RET 8347 LX DBH,1000,unidad,1
2. 117 O'RING,1000,unidad,1
"6,50-10 WEST LAKE SERIE 0304 OCA",1000,unidad,1
"BROCA MIL G8 HEX MB P1,50 12 X 30",1000,unidad,1
CODOS P/SOLD 76 X 1.5 AISI 304,1000,unidad,1
"MANGUERA MARCA INDUSTRIAS DICA MODELO DICAFLEX GG Ø 4"" LARGO 3000MM EXTREMOS PRENSADOS EN ACERO CARBONO MF X MF Ø 4"" BSPT",1000,unidad,1
"ACOPLE DCH 4"" ALUMINIO ( NAC )",1000,unidad,1
ACOPLE DCH 2 1/2 ALUMINIO ( NAC ),1000,unidad,1
"TYROLIT DISCO SENSITIVO 350X2 5X25,4",1000,unidad,1
"3141-10257 CCC CON COSTURA 304 31.75 X 1,20 PE ""L""",1000,unidad,1
"3141-10207 CC CON COSTURA 304 25,40 X 1,50 PE ""L""",1000,unidad,1
"3141-10257 CCC CON COSTURA 304 31,75 X 1,20 PE L""",1000,unidad,1
"3141-10257 CCC CON COSTURA 305 25,40 X 1,50 PE L""",1000,unidad,1
CAÑO DE 60 X 3MM CILINDRADO SEGÚN PLANTILLA,1000,unidad,1
CUERDA VITON DIAM 5MM,1000,unidad,1
CH/LC CC 6.35X1500X6000,1000,unidad,1
"ACOPLE DNH 2 1/2"" ALUMINIO",1000,unidad,1
WURTH BONDER 20G,1000,unidad,1
CINTA DE ENMASCARAR 18MM X 50M,1000,unidad,1
"REPARACION DE CAJA DE TRANF Nº1726 CAMBIO DE CUERPO N1726 CORONA N°4100 PIÑON N°4102 RETENES ORING DESARME, ARMADO , PRUEBA DE BANCO 1621",1000,unidad,1
MANG 3/8 R1 X 2040MM HG X HG 9/16 AS/T,1000,unidad,1
S W KIT PRIMER Y ENDURECEDOR POLI P-710,1000,unidad,1
S W SELLADOR PARA CORRECTORES X 0.200 (77029),1000,unidad,1
LIJA AL AGUA AA 1200,1000,unidad,1
THINNER HYDRA ORO X 18,1000,unidad,1
SW KIT PRIMER Y ENDURECEDOR POLI P-710,1000,unidad,1
GLASURIT COLOR 55X 1L,1000,unidad,1
ENVASE X 4,1000,unidad,1
SW BARNIZ ALT SOLIDO 8937 X 05,1000,unidad,1
"SW ENDURECEDOR RAPIDO 066 X 0,834",1000,unidad,1
S.W OPEX ENDURECEDOR P/PRIMER X 0.100,1000,unidad,1
S.W OPEX PRIMER GRIS X 0.800,1000,unidad,1
ENVASE X 4 (24),1000,unidad,1
GLASURIT COLOR 55 X 1L,1000,unidad,1
"22Ø100 R 1/2"" NPT 4 BAR/PSI",1000,unidad,1
"22Ø100 R 1/2""NPT -76 CM/HG",1000,unidad,1
CERTIFICADO CALIBRACION CLASE 1.6%,1000,unidad,1
BUJE 63 X 51 GALVANIZADO,1000,unidad,1
CODO MH 6 GALVANIZADO,1000,unidad,1
MANGUITO H 19 POLIETIL,1000,unidad,1
MANGUITO MACHO 19 X ROSCA 13 POLIETILENO,1000,unidad,1
JGO TUBOS X 24PZ (1/2) 10-32MM,1000,unidad,1
SPOT DE 1 LUZ CON CAPUCHON DE CHAPA,1000,unidad,1
"22∅63 R 1/4""NPT - 1 BAR/-76 CM/HG",1000,unidad,1
ADAPTADOR C45 M-H 1/4 ALTA,1000,unidad,1
CUPLA 1/4 ALTA,1000,unidad,1
2 CAÑOS AISI 304 CURVADOS SEGÚN PLANTILLA,1000,unidad,1
SELLADOR H3 2S CC SALADILLO,1000,unidad,1
BUJE RED GALV 2 1/2 DEMA,1000,unidad,1
ESMALTE A POLIU TURQUESA 0100 X 03,1000,unidad,1
TANQUE REMOLQUE CON SOPORTE,1000,unidad,1
DELANTAL CUERO 60X90 CENTIMETROS,1000,unidad,1
MANGA CUERO,1000,unidad,1
POLAINA CUERO,1000,unidad,1
"MECHA ACERO RAPIDO EZETA 5,25MM",1000,unidad,1
MECHA ACERO RAPIDO EZETA 6MM,1000,unidad,1
MECHA ACERO RAPIDO EZETA 7MM,1000,unidad,1
"MECHA ACERO RAPIDO EZETA 9,5MM",1000,unidad,1
MECHA ACERO RAPIDO EZETA 10MM,1000,unidad,1
MECHA ACERO RAPIDO EZETA 11MM,1000,unidad,1
VARIOS MECHA ACERO RAPIDO EZETA 13.5,1000,unidad,1
VARIOS MECHA ACERO RAPIDO EZETA 14,1000,unidad,1
VARIOS MECHA ACERO RAPIDO EZETA 17,1000,unidad,1
VARIOS MECHA ACERO RAPIDO EZETA 19,1000,unidad,1
LLAVE COMBINADA BREMEN 11MM,1000,unidad,1
LLAVE COMBINADA BREMEN 13MM,1000,unidad,1
LLAVE COMBINADA BREMEN 14MM,1000,unidad,1
CARETA SOLDAR FRAVIDA VISOR MOVIL,1000,unidad,1
VARIOS ARNES PARA CARETA SOLDADOR FRAVIDA,1000,unidad,1
VARILLA ROSCADA 3/4 PULGADA ZINCADA,1000,unidad,1
VARIOS LLAVE COMBINADA DE 1/2 BREMEN,1000,unidad,1
VARIOS MECHA ACERO RAPIDO EZETA 8.5,1000,unidad,1
PANTALON OMBU BLANCO TALLE ROPA 40,1000,unidad,1
PANTALON OMBU BLANCO TALLE ROPA 44,1000,unidad,1
FARO PATENTE S10 12/,1000,unidad,1
BISAGRA MUNICION 100 X 37 H. PULIDO,1000,unidad,1
JUEGOS DE PATAS DE APOYO B200- ALTA JOST,1000,unidad,1
"ACOPLE DC 2""",1000,unidad,1
OBLEA CARGA Y PASAJEROS,1000,unidad,1
HONORARIOS CAMIONES N1 - 1 AÑO,1000,unidad,1
RUEDA INTER BLANCA ECO 32 C/BASE,1000,unidad,1
"BULON MIL G8 HEX MB P1,50 12 X 30",1000,unidad,1
MACHOS PASO MILIMETRICO CONO 2 Y 3 9X1MM,1000,unidad,1
"LLAVES EXCLUSAS BRONCE 3"" J.M.",1000,unidad,1
"BUJE RED GALV 4"" X (N/N) DEMA",1000,unidad,1
"CODO 2"" M-H GALVANIZADO",1000,unidad,1
"ACTUADOR 90 D 83"" 2E F05/ F07",1000,unidad,1
ADAPTADOR 17*14*19,1000,unidad,1
JUEGO BARREROS S/10,1000,unidad,1
ACTUADOR 90 D.83 ZE F05/F07,1000,unidad,1
"TETON REPARACION TENSOR 3/4 - 7/8 - 1"" ESP 9MM",1000,unidad,1
ESTRIBOS S10 12+,1000,unidad,1
FA PARASOL A LA IZQ,1000,unidad,1
FA SOPORTE SUPERIOR IZQ,1000,unidad,1
"BULONES C/HEX 5/16 X 1"" COMPLETO AISI 304",1000,unidad,1
BUJE DE 100 X 63 GALVANIZADO,1000,unidad,1
VARIOS APLIVADORES PARA CARTUCHOS DE SILICONA,1000,unidad,1
CUPLA DE 88 X 250MM,1000,unidad,1
ABRAZADERAS REFORZADAS AB-113,1000,unidad,1
ESPARRAGOS 3/4 X 420 C/TUERCAS,1000,unidad,1
"RACORD 1"" 1/4 X 1"" GAS/BSPT",1000,unidad,1
PERNO LANZA MH 38 X 150 UTIL,1000,unidad,1
"TUERCA AUTOFRENANTE 1"" 1/4 ( SAE/UNF 12 - PASO FINO)",1000,unidad,1
ARANDELA REPARACION TETON LANZA 38 (MH),1000,unidad,1
TF ZF 16AS-130/1650 NEUM.M. C/PL,1000,unidad,1
"3141-10125 CCC CON COSTURA 304 19,05 X 1,50 PE ""L""",1000,unidad,1
REPARACION DE CAJA DE TRANF N°1726 CAMBIO DE PLATO N°4576 TODOS RODAMIENTOS TODOS LOS RETENES DESARME ARMADO PRUEBA DE BANCO 1631,1000,unidad,1
ACEITE CAJA ( PROV 7464 75W90) (PROV 898 75W80),1000,unidad,1
INTERRUPTOR BOCINA 1 PUNTO HIWAY,1000,unidad,1
INTERRUPTOR BOCINA EX 504168698 (1 PUNTO),1000,unidad,1
SOPORTE CABINA,1000,unidad,1
VALV MARIPOSA WAFER Ø 150 PAL,1000,unidad,1
"VALV ESF BRONCE PASO TOTAL 2""",1000,unidad,1
VALV ESF BRONCE PASO TOTAL 2 1/2,1000,unidad,1
"TUERCA AUTOFRENANTE 5/16""",1000,unidad,1
TUERCA EXAGONAL LIVIANA WHT GALV AZUL 1/2,1000,unidad,1
INTERSEAL 670 HS BITUMEN NEGRO : KIT ( A+B) X 3.31,1000,unidad,1
DILUYENTE P/EPOXI X 04,1000,unidad,1
BULON G5 HEX USS 3/4X8,1000,unidad,1
BULON CARDAN,1000,unidad,1
ARANDELA AXIAL RCA-235,1000,unidad,1
BUJE CORTO RCA-235,1000,unidad,1
BUJE LARGO RCA-235,1000,unidad,1
PERNO CORTO RCA-235,1000,unidad,1
TUERCA 1 1/2 SAE,1000,unidad,1
"PERNO PIVOT 1 1/4 X 9,5 12H",1000,unidad,1
TUERCA 1 1/4 SAE AUTOFRENANTE,1000,unidad,1
BUJE PIVOT,1000,unidad,1
GUIA EXTERIOR 380,1000,unidad,1
GUIA INTERIOR 380,1000,unidad,1
"ARANDELA GROWER 1 1/2""",1000,unidad,1
AMORTIGUADOR (72076) (9473/4),1000,unidad,1
"BULON 3/4"" X 11 1/2"" 10H G8",1000,unidad,1
TUERCA 3/4 AUTOFRENANTE 10H,1000,unidad,1
UNION DOBLE AJUSTE TUBO 12,1000,unidad,1
TUERCA AJUSTE TUBO 12MM,1000,unidad,1
VIROLA 12MM (X50),1000,unidad,1
ADAPTADOR H-M 16X 3/8,1000,unidad,1
ADAPTADOR H-M 16X 1/4,1000,unidad,1
CUPLA PASACHAPA H 3/8,1000,unidad,1
CODO 90 AJUSTE TU 8 X 1/4M,1000,unidad,1
VIROLA 8MM (X50),1000,unidad,1
UNION DOBLE AJUSTE TUBO 3/8,1000,unidad,1
TUERCA AJUSTE C/GUIA 3/8,1000,unidad,1
VIROLA 3/8 (X50),1000,unidad,1
BUJE REDUCCION (ACERO) M-H 3/4 X 1/4,1000,unidad,1
ALEMITES CODO RECTOS 6 X 1MM,1000,unidad,1
ALEMITES CODO 45 6 X 1MM,1000,unidad,1
BUJE REDUCCION M 22 X H 1/4,1000,unidad,1
TAPON 22,1000,unidad,1
TAPON (ACERO) 1/8 NPT,1000,unidad,1
UNION DOBLE ACERO MANG 5/16,1000,unidad,1
PERNO ENCHUFE 1/4 X MANG 5/16,1000,unidad,1
RACORD ACERO MANG 5/16 X 1/4M (X10),1000,unidad,1
UNION DOBLE RECTA PLASTICA TUBO 3/8,1000,unidad,1
CILINDRO PERFILADO DIAM 100 X 150,1000,unidad,1
HORQUILLA HEMBRA,1000,unidad,1
OXILANTE MACHO Y HEMBRA,1000,unidad,1
PURGADORES DESCARGA RAPIDA R1/4,1000,unidad,1
CONECT. AUTOMAT. CODO 90 T10 X R1/2,1000,unidad,1
DCOFQP T1820 D5 L600 PABO GRASA TA PT,1000,unidad,1
BULON CARDAN 1112-1,1000,unidad,1
5/32 X 5/8 H T,1000,unidad,1
TUERCA HEX ZN,1000,unidad,1
PELLA-21843 FRENO-CONEK-CODO 90 TUBO 6 ROSCA,1000,unidad,1
JUEGO DE CARDANES CAMBIAR CAÑO Y REFORMA BALANCEO,1000,unidad,1
CAÑO,1000,unidad,1
CABLE TIPO TALLER 4X1MM,1000,unidad,1
CABLE TIPO TALLER 2X1MM,1000,unidad,1
ROLLO DE CINTA AISLADORA VINI-TAPE X 20MTS,1000,unidad,1
"ANGULO 1-3/16 25,4MM-4,7625MM PESO 10;2",1000,unidad,1
CAJA CERROJO CORREDIZO PLEGADA 96X77X25 W:77MM H:96MM,1000,unidad,1
CORTES A 2000,1000,unidad,1
VALV BOTON 5/2 VIAS SALIDA 1/4,1000,unidad,1
"VARIOS VARILLA ROSCADA ZINCADA 5/16""",1000,unidad,1
"VARIOS VARILLA ROSCADA ZINCADA 3/8""",1000,unidad,1
"VARIOS VARILLA ROSCADA ZINCADA 1/2""",1000,unidad,1
ELECTRODO,1000,unidad,1
TOBERA,1000,unidad,1
ESCUDO,1000,unidad,1
CODO 90 PLASTICO 6 X 1/4,1000,unidad,1
CODO 90 PLASTICO 6 X 1/8,1000,unidad,1
UNION DOBLE RECTA PLASTICA 8MM,1000,unidad,1
VALVULA BOTON 5 VIAS X 1/4,1000,unidad,1
S/2 SIMPLE SOLENOIDE 1 /4 BSP 12V,1000,unidad,1
BEBEDERO DE CONEJO RCA MACHO 1/8 BSPT,1000,unidad,1
PICO P/DESTAPAR CAÑERIA 1/4-M-(HIDRO),1000,unidad,1
SILOC SP TRANS X 280G ( 0665 ),1000,unidad,1
CARROCERIAS X 310G (0659),1000,unidad,1
CIANO CM1 X 20G (0087),1000,unidad,1
ALQUILER DE TUBO,1000,unidad,1
TORNILLO Y TARUGO DE 10,1000,unidad,1
BUJE 13 X 9 GALVANIZADO,1000,unidad,1
TF EF 16S-130/1650 N.M. C/PL,1000,unidad,1
PROLONGADOR TF ZR 16A-1650,1000,unidad,1
GUARDA FANGO WEBER 2000X380,1000,unidad,1
GUARDA FANGO WEBER 630X500,1000,unidad,1
LANZA SIN BUJES MONTENEGRO LA1,1000,unidad,1
BUJE LANZA DE 38 X 120 MM MONT 2008,1000,unidad,1
PERNO DE LLANZA DE 38 X 120MM MONT,1000,unidad,1
"TUERCA AUTOF 1 "" 1/4 P/PERNO EXCEN S /NEUM 3010",1000,unidad,1
OJO DE LANZA N :3 COMPLETO HOMOLOGADO 40151,1000,unidad,1
"PERNO TENSOR 1"" X 152 4MM (6"") MALDONADO 3978",1000,unidad,1
"PERNO TENSOR 1"" X 165.1MM 6""1/2 3937",1000,unidad,1
"TUERCA AUTOF 1"" SAE 2985",1000,unidad,1
"BUJE TENSOR 1"" X 47 X 78MM 2046 302104",1000,unidad,1
BIDON DE AUXILIO X 5 LT,1000,unidad,1
NUEVO PLAN 25MB,1000,unidad,1
HIPOCLORITO DE SODIO,1000,unidad,1
REGULADOR DE PH,1000,unidad,1
SELLADOR SINTETICO(PINTABLE) 310 GMS SELLA CARROCERIAS,1000,unidad,1
GUANTE DE JERSEY MOTEADO,1000,unidad,1
CORREA EVER WEAR B-091,1000,unidad,1
AFLOJA TODO DIAGOCOL X 440,1000,unidad,1
BARBIJOS INDUSTRIAL MEDIO 503,1000,unidad,1
PISCINA N 32MM,1000,unidad,1
CORREA EVER WEAR B-095,1000,unidad,1
CORREA EVER WEAR A-039,1000,unidad,1
"TRICOFLEX AL ALIMENTARIO ASP/EXP 1"" 1/4",1000,unidad,1
ABR.SUPER PRESION 37-46,1000,unidad,1
CUBRE VAPREN TRASERO UNIVERSAL,1000,unidad,1
TRV53- AB,1000,unidad,1
"TUERCA AUTOFRENANTE 3/8""",1000,unidad,1
ROSCA C/T GALV 1 1/2 DEMA,1000,unidad,1
"ROSCA C/T GALV 2"" DEMA",1000,unidad,1
BUJE RED GALV 3/4 X 1/2 DEMA,1000,unidad,1
"BUJE RED GALV 1"" X 1/2 DEMA",1000,unidad,1
BUJE RED GALV 1/2 X 3/8 DEMA,1000,unidad,1
"CODO GALV 2"" 90 HH DEMA",1000,unidad,1
CODO GALV 3/4 90 MH DEMA,1000,unidad,1
"CODO GALV 1"" 90 MH DEMA",1000,unidad,1
CODO GALV 1 1/4 90 MH DEMA,1000,unidad,1
"CODO GALV 2"" 90 MH DEMA",1000,unidad,1
CUPLA C/B GALV 1/2 DEMA,1000,unidad,1
CUPLA C/B GALV 1 1/4 DEMA,1000,unidad,1
TAPON GALV 1/2 M DEMA,1000,unidad,1
"CURVA GALV 1"" 45 HH DEMA",1000,unidad,1
UNION D/C GALV 1/2 HH DEMA,1000,unidad,1
ROSCA C/T GALV 3/4 DEMA,1000,unidad,1
"ROSCA C/T GALV 1"" DEMA",1000,unidad,1
ROSCA C/T GALV 1 1/4 DEMA,1000,unidad,1
"MW TANQUES Y CISTERNAS LIQ SEGÚN CONTRATO SERV SEG PRIV BRINDANDO DURANTE OCTUBRE 2023 - 46,5 HS DIURNAS",1000,unidad,1
MW TANQUES Y CISTERNAS HS NOCTURNAS S/CONTRATO - 139.5 HORAS NOCTURNAS,1000,unidad,1
ALICATE TOTAL,1000,unidad,1
POR CERTIFICACION DE CISTERNA LOPEZ COPPOLA,1000,unidad,1
BULON CAB EXAG ACERO INOX 5/16X3/4,1000,unidad,1
MARIPOSA CPO 2 5/ 16/,1000,unidad,1
CURVA GALV 1 1/2 45 MH LATYN,1000,unidad,1
BASTIDOR LUZ 100X 50MM PVC BO-REGINA-MODEN 3M,1000,unidad,1
MOO TOMA 220+T VLA 10A 1M CONEX LATER VERONA,1000,unidad,1
TAPA 5X10 BLA 3B PVC VERONA PLATINUM,1000,unidad,1
"TERMOMAGNETICA DIN 2X 32A 6KA ""C"" NXB",1000,unidad,1
MOD LLAVE 1X10 BLA 1M VERONA,1000,unidad,1
NIPLE TE (T) C/ TUERCAS 5/16,1000,unidad,1
VALVULA FIJA P/ CONEXIÓN DE ACOPLADO 5/16 ( CHASIS),1000,unidad,1
REPUESTOS VIGIA,1000,unidad,1
PORTA VOLQUETE GRANDE NEUM,1000,unidad,1
INTERRUPTOR TAG AXLE LIFT,1000,unidad,1
CONECTOR 10 POLOS,1000,unidad,1
TERMINAL ELECTRICO,1000,unidad,1
ESMALTE A POLIU AMARILLO MED 0100 X 03,1000,unidad,1
BOLSAS CEMENTO 50 KG AVELLANEDA,1000,unidad,1
DIFUSORES 2.4,1000,unidad,1
MORDAZAS 2.4,1000,unidad,1
APORTE 308 2.4,1000,unidad,1
BOTONERA C-1 AGUJ D22 PVC GRI,1000,unidad,1
SELECTORA 3P D22 NEG 2NA LARG FIJA MET,1000,unidad,1
BULBO Y CONEXIÓN,1000,unidad,1
"TF DOBLE ZF 16S""1650 NEUM MULT (ARR : Z15 X AB : C/PL )",1000,unidad,1
"TRYLOLIT DISCO SENSITIVO 350 X2 5X25,4",1000,unidad,1
TORCHAS REPARADAS,1000,unidad,1
TORCHAS NUEVAS X 4MTS,1000,unidad,1
BOMBA PRESURIZADA PRESS 260W,1000,unidad,1
BOMBA AGUA,1000,unidad,1
CONTRACUERPO BOMBA,1000,unidad,1
CAND BOMBA AGUA,1000,unidad,1
NIPLE GALV 2 1/2 X 15 CM,1000,unidad,1
POR CERTIFICACION DE CISTERNA - IRIZAR SA,1000,unidad,1
TUBO POLIAMIDA 6 X 4 NEGRO,1000,unidad,1
TUBO POLIAMIDA 3/8 NEGRO,1000,unidad,1
TUBO POLIAMIDA 12 X 9 NEGRO,1000,unidad,1
TRABASIL RM1 15G,1000,unidad,1
TRABASIL VB1 X 15G,1000,unidad,1
ABRAZADERA 9MM -16,1000,unidad,1
ABRAZADERA 12MM 80-100,1000,unidad,1
650.,1000,unidad,1
"TUBO 5/16"" XMT",1000,unidad,1
SK-513 AL 3 ACOPLE,1000,unidad,1
TOSCA MT3,1000,unidad,1
TANQUE DE AIRE 40L CON SOPORTE,1000,unidad,1
TANQUE DE AIRE 115L C/SOPORTE,1000,unidad,1
INTERRUPTOR VEFBEN 12B,1000,unidad,1
CAJA ROKER MOD PR994/50,1000,unidad,1
BULON 3/4 X 9 1/2 10H G8,1000,unidad,1
CAJA NEUMATICA STD + REG 24VCC,1000,unidad,1
"VALVULA DE SEGURIDAD TIPO POP ∅ 1 1/4"" ASIENTO BRONCE",1000,unidad,1
"CUPLAS ∅ 1/2"" NEGRAS",1000,unidad,1
CUBRE PLATO TIPO JOST CON 12 BULONES,1000,unidad,1
"CABLE TALLER 12 X 1,5MM2 NEG",1000,unidad,1
BARRITAS MANT 12 X 12 X 180,1000,unidad,1
CAJA TABLETPLAST P/TERMICAS PF-045,1000,unidad,1
TERMICA BIPOLAR 20AMP STECK,1000,unidad,1
CAJA TABLEPAST MOD.XCB-23/82,1000,unidad,1
FICHA KALOP H3 MACHO KALOPS,1000,unidad,1
FICHA HEMBRA H3 KALOPS,1000,unidad,1
PORTA SENSOR ABS/EBS,1000,unidad,1
ANTICIPOS DE CLIENTES 100% SOBRE O.V. 53519,1000,unidad,1
"TF DOBLE ZF 16S""1650 NEUM MULT ARR: Z15 X AB: PL)",1000,unidad,1
LLAVE DE UN PUNTO,1000,unidad,1
"MANGUERA MARCA INDUSTRIAS DICA MOD DICAFLEX GG ∅ 3"" LARGO 1800MM EXTREMOS DE ACERO CARBONO MF ∅ 2 1/2"" BSPT + ACOPLE ALUMINIO MOD DCH ∅ 2 1/2"" IDEM",1000,unidad,1
CAJA ESTANCA BLANCA IP 65 115X165X110 TAPA TRANSPARENTE,1000,unidad,1
TORCHAS TIG REPARADAS,1000,unidad,1
TORCHAS MIG REPARADAS,1000,unidad,1
ENVASE PLASTICOS C/TAPAS X 0.700,1000,unidad,1
GLASURIT22 X 100GR VERDE S/M,1000,unidad,1
GLASURIT CAT RAP 929 91 X 0500,1000,unidad,1
DILUYENTE 600 / MASTER X 18,1000,unidad,1
TOSCA,1000,unidad,1
CARP A4 T/T NEGRA V/OPACA LAMA O,1000,unidad,1
FOLIOS A4 X100 40MIC LAMA OFFICE,1000,unidad,1
BOLIG OPACO T/G AZ C/U BIC,1000,unidad,1
BIBLIOR A4 L7CM CART AZUL EIFFEL,1000,unidad,1
TIZA BLANCA X 144 ALBORADA,1000,unidad,1
PH LASER 35/36/78/85 A,1000,unidad,1
BR LASER TB 660/2320 TN 2370 I,1000,unidad,1
MARC PX 21 AMARILLO UNI,1000,unidad,1
DETECTOR LAPIZ BILLETES PELIKAN,1000,unidad,1
"TUBO 1/4"" XMT",1000,unidad,1
"TUBO 5/6"" XMT",1000,unidad,1
"TUBO ESPIRALADO 5/16""",1000,unidad,1
"UNION RECTA PLASTICA 5/16""",1000,unidad,1
BAJADA CON CONECTORES,1000,unidad,1
"ROTOR NPT 3/4"" CORTO",1000,unidad,1
ACOPLE CARROCERIA 86MM REDONDO,1000,unidad,1
SOPORTE ACOPLE CARROCERIA 120MM,1000,unidad,1
ACOPLE SISTEMA INTERNO 37CM REGULABLE PARA EJE HUECO,1000,unidad,1
KIT DE ACOPLE SITEMA INTERNO EJE HUECO 43-50MM CON RESPIRO,1000,unidad,1
ANTICIPOS DE CLIENTES 100% S/POLEA 65V280E-B,1000,unidad,1
BUJE RED GALV 2 1/2 X (2) DEMA,1000,unidad,1
BULBO STOP,1000,unidad,1
"ACOPLE ALUM TIPO DC 2""",1000,unidad,1
CEMENTO,1000,unidad,1
ACOPLE CAÑO = 12X9 Y ROSCA = 22X1,1000,unidad,1
ACOPLE CAÑO = 12X9 Y ROSCA = 3/8,1000,unidad,1
UNION T CON A5 EN CABEZA - 16X,1000,unidad,1
"ACOPLE A5- ROSCA =16X1,5",1000,unidad,1
ARENA,1000,unidad,1
PIEDRA,1000,unidad,1
"CHAPA 430 1,50 1000 X 2000 VY C1 A",1000,unidad,1
TANQUE TRICAPA 750L HIDROLIT,1000,unidad,1
POR CERTIFICACION DE CISTERNA - VALLADARES,1000,unidad,1
"CONJUNTO PERNO REY 2"" JOST",1000,unidad,1
"KONDUSEAL CONECTOR RECTO MACHO 1/2"" BSP C/TUERCA",1000,unidad,1
"KONDUSEAL CONECTOR MACHO A 90 1/2"" NPT/BSP",1000,unidad,1
"KONDUSEAL TUERCA ALUM ROSCA 1/2"" NPT/BSP",1000,unidad,1
ARGENPLAS CABLE TIPO TALLER DE 2X2.5 MM,1000,unidad,1
"NIPLE GALV 2"" X 8CM",1000,unidad,1
CAJA EXULTT 32X32X50,1000,unidad,1
MASILLA FORMULA ZEOCAR 4K,1000,unidad,1
SHAMPOO TEFLONADO,1000,unidad,1
TALADRO PERCUTOR 800W-13MM 2 VELOCIDADES DEWALT,1000,unidad,1
PRENSACABLE PVC 3/4 PERCAN-PLAST,1000,unidad,1
BOLSA DE PRECINTOS ALT4,1000,unidad,1
CABLE T.T 3X1 MM,1000,unidad,1
CAJA TABLEPLAST DE PASE XCB 13/87,1000,unidad,1
CAJA EXULT 115X115X80,1000,unidad,1
"ACOPLE DNM 3"" ALUMINIO",1000,unidad,1
"ACOPLE DNM 2"" ALUMINIO",1000,unidad,1
"ACOPLE DTH 3"" ALUMINIO",1000,unidad,1
"ACOPLE DCE 3"" ALUMINIO",1000,unidad,1
ACOPLE DCE 2 1/2 ALUMINIO,1000,unidad,1
DIPROEL DILUY ACRILICO X200L,1000,unidad,1
ZEOCAR MASILLA POLIESTER X 4K,1000,unidad,1
REMERA CUELLO REDONDO AZUL TALLE S A XL,1000,unidad,1
REMERA CUELLO REDONDO AZUL TALLE XXL A XXXL,1000,unidad,1
CHOMBA PIQUE AZUL TALLE S A XL,1000,unidad,1
CHOMBA PIQUE AZUL TALLE XXL A XXXL,1000,unidad,1
CASQUETE TORIESFERICO ∅ 1600 ESP 6.3 A.C. R 1600 R150 DISCO 1840,1000,unidad,1
CASQUETE TORIESFERICO ∅ 1700 ESP 6.3 A.C. R 1700 R175 DISCO 1970,1000,unidad,1
CASQUETE TORIESFERICO ∅ 1750 ESP 6.3 A.C. R 1750 R175 DISCO 2020,1000,unidad,1
CASQUETE TORIESFERICO ∅ 1800 ESP 6.3 A.C. R 1800 R175 DISCO 2070,1000,unidad,1
CASQUETE TORIESFERICO ∅ 1900 ESP 6.3 A.C. R1900 R200 DISCO 2190,1000,unidad,1
CASQUETE TORIESFERICO ∅ 2000 ESP 6.3 A.C. R 2000 R200 DISCO 2300,1000,unidad,1
CASQUETE TORIESFERICO ∅ 2100 ESP 6.3 A.C. R 2100 R200 DISCO 2400,1000,unidad,1
CASQUETE TORIESFERICO ∅ 2200 ESP 6.3 A.C. R 2200 R200 DISCO 2500,1000,unidad,1
MANOMETRO INOX C/GLICERINA DIAM 63 SALIDA INFERIOR,1000,unidad,1
MANGUERA R1 3/4 X 1250MM HG 3/4 ASIENTO MACHO X MG 3/4 NPT,1000,unidad,1
MANGUERA R1 3/4 X 650MM MG 3/4 NPT X MG 3/4 NPT,1000,unidad,1
CODO 90 MF 1.1/16 JIC X 3/4 NPT,1000,unidad,1
BOCA DE CARGA GRANDE,1000,unidad,1
"ACOPLE A PALANCA TIPO F2""",1000,unidad,1
CAÑO DOBLE TELA DE 60MM,1000,unidad,1
CAÑO DOBLE TELA DE 76MM,1000,unidad,1
CAÑO DOBLE TELA DE 90MM,1000,unidad,1
VALVULA ESFERICA PASO TOTAL 2 IMP L.T.H-H,1000,unidad,1
FICHA MACHO 20 AMP,1000,unidad,1
FICHA HEMBRA 20 AMP,1000,unidad,1
"VALV ESF PT BRONCE CROMADO PTFE 3/4""",1000,unidad,1
"VALV ESF PT BRONCE CROMADO PTDE 1""",1000,unidad,1
"VALV ESF BRONCE PASO TOTAL 2 1/2""",1000,unidad,1
"VALV ESF BRONCE PASO TOTAL 3""",1000,unidad,1
"3028 12 VALV. ESF. BRONCE PASO TOTAL 4""",1000,unidad,1
RACOR DE CHAPA DE 2 1/2,1000,unidad,1
PRISIONERO C/CUADRADA 3/8X11/2,1000,unidad,1
TUERCA DI-ZN 3/8 16 USS X UNID,1000,unidad,1
400/2000 450/2000 400/2000 500/2000 TORNILLO TANQUE ZINC 5/3,1000,unidad,1
TUERCA ZINC BAJAS /32,1000,unidad,1
"CODO GALV 2"" 90 MH LATYN",1000,unidad,1
TEFLON 3/4 X 20 MTS,1000,unidad,1
CONECTOR,1000,unidad,1
RUEDA RULEMAN REFORZADAS 105MM,1000,unidad,1
TYROLIT DISCO SENSITIVO 350X3 2 X 25.4,1000,unidad,1
"METAL DESPLEGADO 450 - 30-30/2 (1,5X3)",1000,unidad,1
TE 1 .1 / 4X1/ 8,1000,unidad,1
ANGULOS 1X1/8,1000,unidad,1
"CA EST RECT 60X40X1,6",1000,unidad,1
CA EST RECT 100X40X2,1000,unidad,1
"BOMBA DMC EN Hº Fº CON ENGRANAJES CEMENTADOS 3"" EJE LIBRE MARCA PATRACAS",1000,unidad,1
POR CERTIFICACION DE CISTERNA - MALDONADO,1000,unidad,1
SINUSOIDAL CINCALUM 25 LARGO 5.00MT,1000,unidad,1
BOBINAUTPEXBOBINA 305M CABLE UTP EXTERIOR CAT 5E FURUKAV TFURU,1000,unidad,1
TORCHAS REPARADAS CON CAMBIO DE CABLE DE PODER,1000,unidad,1
CODO PLASTICO 90º TUBO 1/4 X 1/4M,1000,unidad,1
CONECTOR RECTO PLASTICO TUBO 1/4 X 1/4M,1000,unidad,1
CODO PLASTICO 90º TUBO 1/4 X 1/8M,1000,unidad,1
CONECTOR RECTO PLASTICO TUBO 1/4 X 1/8M,1000,unidad,1
5/2 SIMPLE SOLENOIDE 1/4 BSP 24V,1000,unidad,1
CODO 90 AJUSTE TU 6X1/8M,1000,unidad,1
CONECTOR RECTO AJUSTE TU 6X 1/8M,1000,unidad,1
TUERCA AJUSTE TUBO 6 (X10),1000,unidad,1
CUPLA ( ACERO) 1/4 (X10),1000,unidad,1
BUJE DE REDUCCION (ACERO) M-H 3/8 X 1/4,1000,unidad,1
BUJE DE REDUCCION (ACERO) M-H 3/8 X 1/8,1000,unidad,1
CONECTOR RECTO AJUSTE TU 10 X 1/4M,1000,unidad,1
CODO 90 AJUSTE TU 10 X 1/4M,1000,unidad,1
CODO 90 AJUSTE TU 10 X 3/8M,1000,unidad,1
CONECTOR RECTO AJUSTE TUBO 1/4 X 1/8M (X10),1000,unidad,1
CODO AJUSTE 90 TUBO 1/4 X 1/8M,1000,unidad,1
CONECTOR RECTO AJUSTE TUBO 1/4 X 1/4M (X10),1000,unidad,1
TUERCA AJUSTE C/GUIA 1/4,1000,unidad,1
VIROLA 10MM (X50),1000,unidad,1
ENTREROSCA ( ACERO ) 1/8(X10),1000,unidad,1
ENTREROSCA ( ACERO) 1/4 (X10),1000,unidad,1
ENTREROSCA ( ACERO ) 3/8 (X10),1000,unidad,1
TF FS 6306-A NEUM R LENT C/PL,1000,unidad,1
"REPARACION DE TOMA DE FUERZA TF DOBLE ZF 16S-1650 NEUM MULT (Z15 X C/PL) (2-541) 5/2022 CAMBIO PIÑON Nº 2383B PLATO Nº 3201 RETENES , ORIG JUEGO DE JUNTAS C/BULONES DESARME , LIMPIEZA, ARMADO",1000,unidad,1
ENGANCHE Nº3 FIAT-SCANIA COMP.,1000,unidad,1
GANCHO CADENERO DE CHAPA,1000,unidad,1
ACOPLE CARROCERIA 86 MM REDONDO,1000,unidad,1
"TUBO 1/4"" (XMT)",1000,unidad,1
"ESPARRAGO 64 MM 5/16"" X 18 MACHO 5/16"" X 18 HEMBRA",1000,unidad,1
SOPORTE ROTOR DISCO 160MM,1000,unidad,1
"ESPARRAGO 80MM 5/8"" X 18 HEMBRA",1000,unidad,1
"TUERCA CIEGA NF 3/8"" CROMADA",1000,unidad,1
"SOPORTE ROTOR DOBLE ""T"" 210MM",1000,unidad,1
ZAPATILLA OMBU KRIPTON,1000,unidad,1
AGROTILENO 3 X200 NEGRO,1000,unidad,1
CORREA EVER WEAR B-044,1000,unidad,1
CORREA EVER WEAR B-068,1000,unidad,1
MANGUERA CALEFACCION 19MM CYM,1000,unidad,1
CORREA EVER WEAR B-071,1000,unidad,1
CORREA EVER WEAR B-081,1000,unidad,1
CORREA EVER WEAR B-082,1000,unidad,1
CUBRE VAPREN HONDA FIT,1000,unidad,1
CORREA EVER WEAR B-049,1000,unidad,1
CORREA EVER WEAR B-065,1000,unidad,1
CORREA EVER WEAR B-089,1000,unidad,1
CORREA EVER WEAR A-034,1000,unidad,1
CORREA EVER WEAR B-087,1000,unidad,1
"ESPARRAGO 64MM 5/16"" X 18 HEMBRA",1000,unidad,1
VAVLVULA DE INFLADO CORTA,1000,unidad,1
"ACOPLE ""U"" A NEUMATICO",1000,unidad,1
LAMP REGLAM,1000,unidad,1
ART BEPO,1000,unidad,1
TROCHAS REFRIGERADAS REPARADAS,1000,unidad,1
JGOS TARA-CARGA-BRUTO 45 TN (6 NEGRAS+ 6 BLANCAS),1000,unidad,1
BANDERA WEBER IND ARG,1000,unidad,1
BANDERA WEBER REPARADO POR,1000,unidad,1
TANQUE TRAMPA 120X60MM,1000,unidad,1
TANQUE DE ACEITE 120X60MM,1000,unidad,1
TANQUE DE AGUA 120X60MM,1000,unidad,1
NIVEL DE ACEITE 120X25MM,1000,unidad,1
NIVEL DE AGUA 120X25MM,1000,unidad,1
FILTRO DE ACEITE 120X60MM,1000,unidad,1
FILTRO DE AGUA 120X60MM,1000,unidad,1
VALV DE SEGURIDAD 120X25MM,1000,unidad,1
VACUOMETRO 120X25MM,1000,unidad,1
MANOMETRO 120X25MM,1000,unidad,1
20 FILTRO 01 +20 FILTRO 02 120X35MM,1000,unidad,1
BOMBA DE VACIO 120 X 60MM,1000,unidad,1
BOCA DE CARGA 120X60MM,1000,unidad,1
TANQUE LAVAMANOS 200X30MM,1000,unidad,1
CALZA RUEDAS 200X30MM,1000,unidad,1
MATAFUEGO 200X30MM,1000,unidad,1
CONO BALIZA 200X30MM,1000,unidad,1
CARRETEL 120X30MM,1000,unidad,1
"JGOS TARA CARGA BRUTO 7,5 TN (2 NEGRAS + 2 BLANCAS )",1000,unidad,1
NO CIRCULAR CON TF CONECTADA ( CORTE),1000,unidad,1
MAX 750 RPM ( CORTE ),1000,unidad,1
C1 30.000 LTS,1000,unidad,1
C1 36.000 LTS,1000,unidad,1
C1 31.500 LTS,1000,unidad,1
"LARGO TOTAL 15,5 MTS",1000,unidad,1
LARGO TOTAL 8 MTS,1000,unidad,1
"LARGO TOTAL 13,5MTS",1000,unidad,1
OVALO WEBER CON FONDO - CHICO,1000,unidad,1
WEBER LARGO C/TEL NEGRO,1000,unidad,1
WEBER LARGO C/TEL BLANCO,1000,unidad,1
WEBER CORTO C/TEL NEGRO,1000,unidad,1
WEBER CORTO C/TEL BLANCO,1000,unidad,1
C1 14000 LTS ( W BLANCOS + 2 NEGROS),1000,unidad,1
C1 14500 LTS (2 BLANCOS + 2 NEGROS),1000,unidad,1
C1 25500 LTS (4 BLANCOS + 4 NEGROS),1000,unidad,1
C1 31500 LTS (4BLANCOS+ 4NEGROS),1000,unidad,1
C1 3000 LTS ( 4 BLANCOS + 4 NEGROS),1000,unidad,1
C1 8000 LTS (2 BLANCOS + 2 NEGROS),1000,unidad,1
C1 12000 LTS (2BLANCOS + 2 NEGROS ),1000,unidad,1
C1 16000 LTS (2 BLANCOS + 2 NEGROS ),1000,unidad,1
LARGO TOTAL 8 MTS (NEGROS),1000,unidad,1
"10 JGOS DE CALCOS "" PRECAUCION Y MANT PARA SEMIRREMOLQUES0KM""/ NO CIRCULAR CON TF CONECT/ 750 RPM MAX",1000,unidad,1
IMPRESION OPP CON CORTE / CALCO INSTRUCCIONES P/ ASHIRA /PUNTO DE ENGRASE,1000,unidad,1
JGOS TARA CARGA BRUTO 45 TNS,1000,unidad,1
C1 33000 LTS,1000,unidad,1
C1 36000 LTS,1000,unidad,1
"CALCOS "" NO REALIZAR MANIOBRA SUCCION/SOPLADO CON EL EQUIPO EN MARCHA"" / ""NO USAR 2 TF A LA VEZ"" / TIEMPO MAXIMO DE TRABAJO 1 HR""",1000,unidad,1
"IMPRESION OPP CON CORTE 12 CALCOS ""UTILICE HIDRO LAVADO A 4 BAR MAX""",1000,unidad,1
CALCOS UNIDAD EQUIPADA C/ HIDRO JET (CORTE),1000,unidad,1
ALIVIO 130 X 40MM,1000,unidad,1
CAÑO VIZCACHA 120 X 60MM,1000,unidad,1
BALDE DE ARENA 200 X 30MM,1000,unidad,1
CARGA 150 X35,1000,unidad,1
CARGA VENTRAL 200X30MM,1000,unidad,1
LANZA,1000,unidad,1
IMPRESON OPP CON CORTE P/ BOTONERA MI PAIS/DISEÑO INTRUMENTAL BOTONERA MI PAIS,1000,unidad,1
IMPRESION OPP CON CORTE CALCOS ACCIONAMIENTO TF DE CAJAS AUTOM / ACCIONAMIENTO PARA TF DE CAJAS MANUALES,1000,unidad,1
MTS CAÑO FLEXITEC DE 1/2 CONDUIT,1000,unidad,1
CONECTOR RECTO DAISA 3/4 FT33,1000,unidad,1
CONECTOR CURVO FT52 DAISA,1000,unidad,1
MTS CABLE TIPO TALLER 7X1.5MM,1000,unidad,1
CAJA TABLEPLAST XCB 13/87,1000,unidad,1
CORREA EVER WEAR B-052,1000,unidad,1
REPARACION INTEGRAL MOTOR 1HP 220V,1000,unidad,1
MTS CABLE 1X4MM,1000,unidad,1
MICROCONTACTO AEA M 300,1000,unidad,1
CAJA AEA X1P,1000,unidad,1
SELECTORA AEA MOD 8200,1000,unidad,1
TERMICA BIPOLAR 20 AMP STECK,1000,unidad,1
ROLLO DE CINTA AISLADORA VINI TAPE X 20 MTS,1000,unidad,1
"MTS CABLE TIPO TALLER 2X1,5MM",1000,unidad,1
UNION SICA DE 20 PVC,1000,unidad,1
MTS CAÑO SICA DE 20º PVC,1000,unidad,1
MODULO TOMA 20 AMP EXULT,1000,unidad,1
DISYUNTOR BIPOLAR 25 AMP SICA,1000,unidad,1
FOTOCONTROL 10 AMP 220V VC,1000,unidad,1
ZOCALO P/FOTOCONTROL,1000,unidad,1
TAPON EXULT,1000,unidad,1
"ACOPLE PALANCA POLIPROPILENO (TIPO) 2""",1000,unidad,1
BUJE DE REDUCCION H NPT X M NPT 1 X 1.1/2,1000,unidad,1
BUJE GALV M ∅ 2 X H ∅ 1 1/2,1000,unidad,1
GUARDA FANGO WEBER 630 X 500,1000,unidad,1
EJE STANDARD( AL CONTADO 5%),1000,unidad,1
CONEXION HIDRAULICA PARA ACOPLADO,1000,unidad,1
GLASURIT FORD PLA X 1L,1000,unidad,1
ESMALTE A. POLIU VERDE STA TERESITA 0100 X 03,1000,unidad,1
S.W KIT BARNIZ Y ENDURECEDOR 7100,1000,unidad,1
DILUYENTE 600/MASTER X 18,1000,unidad,1
SERVICIO ARME Y DESARME P/NEUM AUTOELEVADOR,1000,unidad,1
CAMARA 8.25-15 TR75A,1000,unidad,1
GUANTES LATEX TALLE M,1000,unidad,1
BLEM ORIGINAL Y LAVANDA AEROSOL,1000,unidad,1
BOLSAS DE CONSORCIO 90 X 120,1000,unidad,1
BALERINA CHICA,1000,unidad,1
LIMPIAVIDRIO X 1LT,1000,unidad,1
FILTRO DE GAS OIL,1000,unidad,1
VASO DE FILTRO,1000,unidad,1
"VALVULA ESFERA PN 25 PASO ESTANDAR CONSTRUCCION EN LATON UNE-EN 12165 CROMADO ASIENTOS PTFE EXTREMOS ROSCA GAS(BSP) H-H- ISO 228/1 TEMP MAX 110ºC MANDO MANUAL POR PALANCA DE ACERO DIAMETRO 4"" MARCA:GENEBRE",1000,unidad,1
"VALVULA ESPFERA PN 25 PASO ESTANDAR CONTRUCCION EN LATON UNE-EN 12165 CROMADO ASIENTOS PTFE EXTREMOS ROSCA GAS (BSP) H-H ISO 228/1 TEMP MAX 110ºC MANDO MANUAL POR PALANCA DE ACERO DIAMETRO 3"" MARCA:GENEBRE",1000,unidad,1
"VALVULA ESFERA PN 25 PASO ESTANDAR CONSTRUCCION EN LATON UNE-EN 12165 CROMADO ASIENTOS PTFE EXTREMOS ROSCA GAS(BSP) H-H- ISO 228/1 TEMP MAX 110ºC MANDO MANUAL POR PALANCA DE ACERO DIAMETRO 2 1/2"" MARCA:GENEBRE",1000,unidad,1
"VALVULA ESFERA PN 25 PASO ESTANDAR CONSTRUCCION EN LATON UNE-EN 12165 CROMADO ASIENTOS PTFE EXTREMOS ROSCA GAS(BSP) H-H- ISO 228/1 TEMP MAX 110ºC MANDO MANUAL POR PALANCA DE ACERO DIAMETRO 2"" MARCA:GENEBRE",1000,unidad,1
"VALVULA ESFERA PN 25 PASO ESTANDAR CONSTRUCCION EN LATON UNE-EN 12165 CROMADO ASIENTOS PTFE EXTREMOS ROSCA GAS(BSP) H-H- ISO 228/1 TEMP MAX 110ºC MANDO MANUAL POR PALANCA DE ACERO DIAMETRO 1 1/2"" MARCA:GENEBRE",1000,unidad,1
"VALVULA ESFERA PN 25 PASO ESTANDAR CONSTRUCCION EN LATON UNE-EN 12165 CROMADO ASIENTOS PTFE EXTREMOS ROSCA GAS(BSP) H-H- ISO 228/1 TEMP MAX 110ºC MANDO MANUAL POR PALANCA DE ACERO DIAMETRO 1 "" MARCA:GENEBRE",1000,unidad,1
"VALVULA ESFERA PN 25 PASO ESTANDAR CONSTRUCCION EN LATON UNE-EN 12165 CROMADO ASIENTOS PTFE EXTREMOS ROSCA GAS(BSP) H-H- ISO 228/1 TEMP MAX 110ºC MANDO MANUAL POR PALANCA DE ACERO DIAMETRO 3/4 "" MARCA:GENEBRE",1000,unidad,1
"VALVULA ESFERA PN 25 PASO ESTANDAR CONSTRUCCION EN LATON UNE-EN 12165 CROMADO ASIENTOS PTFE EXTREMOS ROSCA GAS(BSP) H-H- ISO 228/1 TEMP MAX 110ºC MANDO MANUAL POR PALANCA DE ACERO DIAMETRO 1/2 "" MARCA:GENEBRE",1000,unidad,1
VAN 354-13-3,1000,unidad,1
RUEDA C/BASE,1000,unidad,1
BIBLIOR A4 PVC ROJO LAMA OFFICE,1000,unidad,1
BILBIOR OF L7 PVC AZUL THE PEL,1000,unidad,1
RESMITA OF 80GRS 6233/6 BOREAL,1000,unidad,1
RESMITA A4 80 GRS 6222/2 BOREAL,1000,unidad,1
FOLIOS A4 40MIC X100 CRISTAL LIG,1000,unidad,1
MARC PX 20 AMARILLO UNI,1000,unidad,1
MANIJAS DE ALUMINIO,1000,unidad,1
"C.R.LARGO 90º SCH 40 6""",1000,unidad,1
"ACOPLE ATMOSFERICO HEMBRA ROSCA MACHO 3""",1000,unidad,1
"ACOPLE ATMOSFERICO HEMBRA ROSCA HEMBRA 2"" 1/2",1000,unidad,1
"ACOPLE ATMOSFERICO HEMBRA ROSCA HEMBRA 3""",1000,unidad,1
"ACOPLE ATMOSFERICO HEMBRA 2""1/2 R 3""",1000,unidad,1
"ACOPLE ATMOSFERICO MACHO ROSCA MACHO 2"" 1/2",1000,unidad,1
"ACOPLE ATMOSFERICO MACHO ROSCA MACHO 3""",1000,unidad,1
"ACOPLE ATMOSFERICO COLA TRASERA 2"" 1/2",1000,unidad,1
"ACOPLE ATMOSFERICO COLA TRASERA 3""",1000,unidad,1
"ACOPLE ATMOSFERICO HEMBRA P/M 2"" 1/2",1000,unidad,1
"ACOPLE ATMOSFERICO HEMBRA P/M 3""",1000,unidad,1
"ACOPLE ATMOSFERICO MACHO P/M BRONCE 2 "" 1/2",1000,unidad,1
"ACOPLE ATMOSFERICO MACHO P/M ALUMINIO 2"" 1/2",1000,unidad,1
"ACOPLE ATMOSFERICO MACHO P/M 3""",1000,unidad,1
"ACOPLE ATMOSFERICO MACHO P/M ALUMINIO 3""",1000,unidad,1
"ACOPLE ATMOSFERICO HEMBRA REDUCCION C3"" - M2"" 1/2",1000,unidad,1
"ACOPLE ATMOSFERICO MACHO REDUCCION BRONCE 3"" A 2´1/2",1000,unidad,1
"ACOPLE ATMOSFERICO MACHO REDUCCION ALUMINIO 3"" A 2""1/2",1000,unidad,1
"ACOPLE ATMOSFERICO UNION BRONCE 2"" 1/2",1000,unidad,1
"ACOPLE ATMOSFERICO UNION ALUMINIO 2"" 1/2",1000,unidad,1
"ACOPLE ATMOSFERICO UNION BRONCE 3""",1000,unidad,1
"ACOPLE ATMOSFERICO UNION ALUMINIO 3""",1000,unidad,1
"ACOPLE ATMOSFERICO REDUCCION BRONCE C3 A M2"" 1/2",1000,unidad,1
"ACOPLE ATMOSFERICO REDUCCION ALUMINIO C3"" A M2"" 1/2",1000,unidad,1
ACOPLE ATMOSFERICO DESCARGA,1000,unidad,1
"ACOPLE ATMOSFERICO CAMACHO C/B 2""1/2",1000,unidad,1
"ACOPLE ATMOSFERICO CAMACHO C/B 3""",1000,unidad,1
"ACOPLE ATMOSFERICO CAMACHO HIERRO 2"" 1/2",1000,unidad,1
"ACOPLE ATMOSFERICO CAMACHO 3""",1000,unidad,1
ACOPLE ATMOSFERICO LLAVE SALIDA,1000,unidad,1
"ACOPLE ATMOSFERICO NIPLE 2""1/2",1000,unidad,1
"ACOPLE ATMOSFERICO NIPLE 3""",1000,unidad,1
"ACOPLE ATMOSFERICO TAPA MANIJA BRONCE 2""1/2",1000,unidad,1
"ACOPLE ATMOSFERICO TAPA MANIJA BRONCE 3""",1000,unidad,1
"ACOPLE ATMOSFERICO TAPA CIEGA 4""",1000,unidad,1
"ACOPLE ATMOSFERICO TAPA MANIJA DE ALUMINIO 2""1/2",1000,unidad,1
"ACOPLE ATMOSFERICO TAPA MANIJA ALUMINIO 3""",1000,unidad,1
"ACOPLE ATMOSFERICO TAPON 2"" 1/2",1000,unidad,1
ACOPLE ATMOSFERICO MANIJA BRONCE,1000,unidad,1
ACOPLE ATMOSFERICO MANIJA ALUMINIO,1000,unidad,1
"ACOPLE ATMOSFERICO MANIJA 4""",1000,unidad,1
"ACOPLE ATMOSFERICO MACHO BRONCE 2"" 1/2 A 2""",1000,unidad,1
"ACOPLE ATMOSFERICO MACHO ALUMINIO 2"" 1/2 A 2""",1000,unidad,1
"ACOPLE ATMOSFERICO HEMBRA ROSCA MACHO 2"" 1/2",1000,unidad,1
"ABRAZ DES 840-380 7/8"" MEDIDA INTERIOR 80 MH ( SOLA)",1000,unidad,1
"TUERCA 7/8"" AUTOFR UNF P/BULON DE TENSOR 7/8""",1000,unidad,1
CHAPA PLAQUETA INFERIOR ELASTICO DE CHAPA ( BANANITA),1000,unidad,1
"BULON DE TENSOR 7/8"" X 5 1/2"" (140MM) SOLO",1000,unidad,1
"TUERCA ABRAZADERA DE 7/8"" P/ ABRAZADERA DE ELASTICO",1000,unidad,1
"BUJE DE TENSOR SILENT BLOCK M.H 7/8"" X 47 X 78",1000,unidad,1
SENSOR ABS 90º 1MT + CLIP,1000,unidad,1
"ABRAZ DES 840 -380 7/8"" MEDIDA INTERIOR 80MH (SOLA)",1000,unidad,1
"TUERCA 7/8 AUTOFR UNF P/BULON DE TENSOR 7/8""",1000,unidad,1
CHAPA PAQUETA INTERIOR ELASTICO DE CHAPA (BANANITA),1000,unidad,1
"TUERCA ABRAZADERA DE 7/8"" P /ABRAZADERA DE ELASTICO",1000,unidad,1
"BUJE DE TENSOR SILENT BLOCK M.H. 7/8"" X 47 X 78",1000,unidad,1
"HELIFLEX AMARILLA 2"" 10MTS",1000,unidad,1
"HELIFLEX AMARILLA 2"" 30MTS",1000,unidad,1
"HELIFLEX AMARILLA 2""1/2 10MTS",1000,unidad,1
"HELIFLEX AMARILLA 2""1/2 30MTS",1000,unidad,1
"HELIFLEX AMARILLA 3"" 10MTS",1000,unidad,1
"HELIFLEX AMARILLA 3"" 30MTS",1000,unidad,1
"VALVULA ESFERICA H-H STD 1/4""",1000,unidad,1
"VALVULA ESFERICA H-H STD 3/8""",1000,unidad,1
"VALVULA ESFERICA H-H STD 1/2""",1000,unidad,1
"VALVULA ESFERICA H-H STD 3/4""",1000,unidad,1
"VALVULA ESFERICA H-H STD 1""",1000,unidad,1
"VALVULA ESFERICA H-H STD 1"" 1/4",1000,unidad,1
"VALVULA ESFERICA H-H STD 1""1/2",1000,unidad,1
"VALVULA ESFERICA H-H STD 2""",1000,unidad,1
"VALVULA ESFERICAH-H STD 2"" 1/2",1000,unidad,1
"VALVULA ESFERICA H-H STD 3""",1000,unidad,1
"VALVULA ESFERICA H-H STD 4""",1000,unidad,1
"ACOPLE DCE 2 "" ALUMINIO",1000,unidad,1
"ACOPLE DCE 2 1/2"" ALUMINIO",1000,unidad,1
"ACOPLE DCE 4"" ALUMINIO",1000,unidad,1
"ACOPLE DNE 2"" ALUMINIO",1000,unidad,1
"ACOPLE DNE 2 1/2"" ALUMINIO",1000,unidad,1
ACOPLE DNE 3 ALUMINIO,1000,unidad,1
ACOPLE DNE 4 ALUMINIO,1000,unidad,1
"ACOPLE DTH 2"" ALUMINIO",1000,unidad,1
"ACOPLE DTH 2 1/2"" ALUMINIO",1000,unidad,1
"ACOPLE DTH 4"" ALUMINIO",1000,unidad,1
"ACOPLE DNM 2 1/2"" ALUMINIO",1000,unidad,1
"ACOPLE DNM 4"" ALUMINIO",1000,unidad,1
ACOPLE DCH 2 1/2 ALUMINIO,1000,unidad,1
"ACOPLE DCH 3"" ALUMINIO",1000,unidad,1
"ACOPLE DCH 4"" ALUMINIO",1000,unidad,1
5006,1000,unidad,1
TF ZF 9S-1110 NEUM MULT P Z15 9S-1310,1000,unidad,1
EJE PROLONGADOR TF ZF 9S-1110,1000,unidad,1
TOMA DE FUERZA S9 1110/1310 TO LATERAL MULT T NEUMAT,1000,unidad,1
BOMBA 180 LTS SIN LLAVE GIRO DERECHO,1000,unidad,1
"ACOPLES RAPIDOS DE 3/4""",1000,unidad,1
VALVULA SOBRE PRESION,1000,unidad,1
IPN X 6 MTS 80,1000,unidad,1
PLANCHUELAS 5X 1/4,1000,unidad,1
PLANCHUELAS 1 X 3 /16,1000,unidad,1
PLANCHUELAS 3/4 X 1/4,1000,unidad,1
PLANCHUELAS 1.1/2 X 1/4,1000,unidad,1
PLANCHUELA 1X3/8,1000,unidad,1
"CA EST RED 1X1,6",1000,unidad,1
"CA EST RED 5/8X 1,6",1000,unidad,1
"CA EST RED 1/2 X 1,6",1000,unidad,1
"CA EST RED 2X 1,6",1000,unidad,1
CA EST CUAD 40X40X2,1000,unidad,1
"CA EST CUAD 40X40X3,2",1000,unidad,1
ANGULOS 1.1/4 X 3/16,1000,unidad,1
ANGULOS 7/8 X 1/8,1000,unidad,1
TE 7/8 X 1/8,1000,unidad,1
"METAL DESPLEGADO 450-30-30/2 (1 ,5X3)",1000,unidad,1
DEWALT 355X3.2 DISCO SENSITIVO,1000,unidad,1
"72Ø100 R 1/2"" NPT 2,5 BAR-PSI MANOMETRO MARCA CENI-SERIE:72-CAJA:ACERO INOXIDABLE-CIERRE:BAYONETA-SALIDA:INFERIOR 1/2""NPT-RANGO :0-2,5 BAR/PSI-CLASE:1%-APTO PARA CARGA CON GLISERINA - APTO REPARACION",1000,unidad,1
"BAÑO GLICERINA Ø100 BAÑO DE GLISERINA PARA MANOMETROS DE LA SERIE 70,72 Y 74",1000,unidad,1
CERTIFICADO CALIBRACION CLASE 1% LOS PATRONES UTILIZADOS EN LAS CALIBRACIONES TIENEN TRAZABILIDAD A LOS PATRONES DEL INTI,1000,unidad,1
"70Ø100R 1/2""NPT-76 CMHG VACUOMETRO MARCA CENI-SERIE:70-CAJA:ACERO INOXIDABLE Ø100MM - INTERNOS:ACERO INOXIDABLE-CIERRE:BORDONEADO-SALIDA:INFERIOR 1/2""NPT - RANGO:-76CM/HG- CLASE: 1,6% -APTO PARA CARGA CON GLICERINA - NO APTO PARA REPARACION",1000,unidad,1
"BAÑO GLICERINA Ø100 BAÑO GLICERINA PARA MANOMETROS DE LA SERIE 70,72 Y 74",1000,unidad,1
"CERTIFICADO CALIBRACION CLASE 1,6% LOS PATRONES UTILIZADOS EN LAS CALIBRACIONES TIENEN TRAZABILIDAD A LOS PATRONES DEL INTI",1000,unidad,1
POLEA FUND. 4 B 160,1000,unidad,1
PUNTA ESTRIA M.BENZ 1114,1000,unidad,1
PLATO 6 AGUJS M.BENZ 1114,1000,unidad,1
SPICER,1000,unidad,1
HORQUILLA MB 1114,1000,unidad,1
ACOP SOLDAR MB 1114-3500,1000,unidad,1
MB-11,1000,unidad,1
1209 KTVH.C3,1000,unidad,1
1209 KTVH C3,1000,unidad,1
LAMPARA LED 15 W INTERLEC,1000,unidad,1
LAMPARA LED 12 W INTERLEC FRIA,1000,unidad,1
RELOJ DIGITAL INTERLEC MOD TC GE2,1000,unidad,1
RUCAR PAÑO C CORDON,1000,unidad,1
"VALV RET HORIZONTAL CLAPETA 4""",1000,unidad,1
"1/2 NIPLE 04 "" X 10CM",1000,unidad,1
"DISCO C DEPRIM OXIDO XPERT 178X6,4",1000,unidad,1
"DISCO PLANO OXIDO XPERT 178X1,6",1000,unidad,1
ACCESORIOS,1000,unidad,1
FABRICAR CARDAN CON BALANCEO MB 1114 700MM CON CAÑO 70MM SIN COSTURA,1000,unidad,1
FUELLE,1000,unidad,1
FARO 650 CRISTAL,1000,unidad,1
FARO 650 AMBAR,1000,unidad,1
CAJA P/12 TERMICAS CONEXTUBE EXTERIOR,1000,unidad,1
CAJA RECTANGULAR EXT PVC RICHI,1000,unidad,1
CURVA 20 SICA,1000,unidad,1
FOTOCONTROL 3 CABLES MOD VCF - 03,1000,unidad,1
REFLECTOR LED 50W JEG,1000,unidad,1
"CAÑO SICA DE 20""PVC",1000,unidad,1
TERMICA BIPOLAR 25 AMP STECK,1000,unidad,1
DISYUNTOR BIPOLAR 40AMP STECK,1000,unidad,1
KIT DE TORNILLOS Y TARUGOS Nº6,1000,unidad,1
UPC 206 BLP,1000,unidad,1
HIPERCLORITO DE SODIO,1000,unidad,1
PERNO TENSOR 125MM SUSPEMSYS,1000,unidad,1
TUERCA M24 SUSPENSYS 2000 ADEL SUSPENSYS,1000,unidad,1
BUJE DE TENSOR SILENTBLOCK 2000 ADEL SUSPENSYS,1000,unidad,1
CONJUNTO COMPLEJO PERNO SUSP NEUMATICA SUSPENSYS,1000,unidad,1
PERNOS DE TENSOR DE 24 X 150MM CON TUERCA AUTOFRENANTE,1000,unidad,1
ARO GIRATORIO 1108 X 90 SIMPLE HILERA SIMIL R,1000,unidad,1
AFLOJA TODO DIGOCOL X 440,1000,unidad,1
REMERAS REFORZADAS LISAS XXL/XXXL,1000,unidad,1
CORREA EVER WEAR B-046,1000,unidad,1
CORREA EVER WEAR B-063,1000,unidad,1
PANTALON CARGO PAMPERO,1000,unidad,1
CAMISA OMBU AZULINO/BEIGE 36/48,1000,unidad,1
VALVULA DESCARGA RAPIDA M 16/M -22/M-16,1000,unidad,1
VALVULA DESC RAPIDA 1XM22 - 3XM16-,1000,unidad,1
VALVULA DESCARGA RAPIDA M-16/M -22/M-16,1000,unidad,1
VALVULA DESCARGA RAPIDA 1XM22 -3XM16-,1000,unidad,1
BUJE SUSP 68 2X30X104,1000,unidad,1
PLAN 25 MB FTTH,1000,unidad,1
TOBERAS,1000,unidad,1
PORTA PICOS,1000,unidad,1
"ARANDELAS TETONES DE 24MM X 1/4"" ESP",1000,unidad,1
"VALVULA DE SEGURIDAD TIPO POP 0 1 1/4"" ASIENTO BRONCE",1000,unidad,1
RADIADOR 400X400 PARA ACEITE HIDRAULICO CAMION HORMIGONERO CON ELECTROVENTILADOR 24V,1000,unidad,1
CA EST RECT 60X40X2,1000,unidad,1
VARIOS CORTES TUBO,1000,unidad,1
CORREAS SPBX-2000 - 5VX-790 CARLISIE,1000,unidad,1
BULON C/REDONDA C/C SIN TUERCA 8X44,1000,unidad,1
200/2000 TORNILLO TANQUE ZINC 5/32X1/2 X 2000,1000,unidad,1
TUERCA ZINC BAJAS/32,1000,unidad,1
CODO HH 1/2 X 90º PPP IPS,1000,unidad,1
TE PPP 1/2 IPS,1000,unidad,1
CAÑO BICAPA 1/2 T/AZUL POLIPROPILENO IZZ,1000,unidad,1
CUPLA RED PPP 3/4 X 1/2 IPS,1000,unidad,1
U.D.C. PPP 3/4 IPS,1000,unidad,1
CODO HH 3/4 X 90º PPP IPS,1000,unidad,1
LLAVE DE PASO PPP 1/2 IPS,1000,unidad,1
DETER AL 30% C /COLOR,1000,unidad,1
BIDON X6,1000,unidad,1
REVIVIDOR NEGRO X 500CC,1000,unidad,1
REVIVIDOR SILICONADO X 250 CC,1000,unidad,1
JUEGOS POR DUPLICADO REMITOS TIPO R NUMEADOS,1000,unidad,1
DECAPANTE LIQUIDO BIDON X 30 LITROS,1000,unidad,1
"SK-510 AL 3/4""",1000,unidad,1
"SK-513 AL 3/4""",1000,unidad,1
"SK-509 AL 3/4""",1000,unidad,1
"SK-508 AL 3/4""",1000,unidad,1
"PLACA DE SEPARACION DE 0,5MM",1000,unidad,1
PLACA DE SEPARACION DE 1MM,1000,unidad,1
"PLACA DE SEPARACION DE 1,5MM",1000,unidad,1
"RUEDA PILOTO COCIDO 8"" X 2""",1000,unidad,1
PASTA DE PULIR ROSA ALTO BRILLO,1000,unidad,1
274-JB MB 13,1000,unidad,1
"CAMACHO C/HIERRO 3""",1000,unidad,1
CONO BALIZADOR DE 55CM,1000,unidad,1
TANQUE DE AGUA 25 L NEGRO C/JABONERA,1000,unidad,1
CUPLAS DE 75 X 250,1000,unidad,1
ABRAZADERAS REFORZ AB112,1000,unidad,1
UPN X 6 MTS 100,1000,unidad,1
"CHA ACAN GALVA 0,50 PROC 44 4500X2",1000,unidad,1
"CHA ACAN GALVA 0,50 PROC 44 3500X1",1000,unidad,1
TF ZF 16S - 1585 TD NEUM M C/PL,1000,unidad,1
EJE PROLONGADOR TF ZF 16S-1585,1000,unidad,1
TF ZF 16AS-2630T0 NEUM M C/PLALTRONIC 16S - 2230,1000,unidad,1
EJE PROLONGADOR TF ZF 16AS-2630 TF 1344,1000,unidad,1
COD GALVANIZADO 3/4,1000,unidad,1
BULL EXAGONAL A8.8 1 X 250 14H,1000,unidad,1
"TUER AUTOF AL ACER TOZA 1""X14""",1000,unidad,1
TORN ALLEN CI A 129 RE 3/8 16H 13,1000,unidad,1
"CODO GALV 1/4 90"" MH DEMA",1000,unidad,1
"COLA TRASERA 2""1/2",1000,unidad,1
"CAMACHO HIERRO 2"" 1/2",1000,unidad,1
"HEMBRA ROSCA MACHO 2""1/2",1000,unidad,1
"TAPA MANIJA BRONCE 2"" 1/2",1000,unidad,1
ARANDELA PERNO DE BALANCIN M.H.,1000,unidad,1
"BUJE BALAN POLIPRO 100 X 86,5",1000,unidad,1
CENTRO DE ELASTICO 7/16X160 SAE,1000,unidad,1
CRISTALINO 8X12,1000,unidad,1
CRISTALINO 5X10,1000,unidad,1
PV-08 PTA AUTO GRANDE,1000,unidad,1
PV-14 BAUL GRANDE C/ESTAÑA,1000,unidad,1
"CA,MISA OMBU AZULINO BEIGE 36/43",1000,unidad,1
PANTALON OMBU AZULINO BEIGE BLANCO 35/50,1000,unidad,1
NITRILO,1000,unidad,1
LATERAL MULTIPLICADA SEP 1MM SALIDA Z15,1000,unidad,1
PORTAVOLQUETE S/LLAVE GIRO DERECHO,1000,unidad,1
"JUEGO DE ACOPLES RAPIDOS 3/4"" MACHO / HEMBRA",1000,unidad,1
MANGO ESTRIADO COMUN Z15 SIN CARGO,1000,unidad,1
REGULADOR PH X 6 LTS,1000,unidad,1
SELLAROSCAS H3,1000,unidad,1
HOJA DE SIERRA BIMETAL 18 DTS,1000,unidad,1
RUEDAS,1000,unidad,1
FLEXIBLE C/GOMA RAMALLADO AGUA 1/2 X 40 CM,1000,unidad,1
GOMA ASIENTO,1000,unidad,1
CABLE BIPOLAR 2 X 1,1000,unidad,1
FASTIX,1000,unidad,1
HOJA DE CHAPA PERFORADA R/8/18 ( 1000 X 2000 MM),1000,unidad,1
HIDRAULICO BP 68,1000,unidad,1
ESMALTE A POLIU NARANJA 0100 X 03,1000,unidad,1
ESMALTE A POLIU GRIS QUIMIGUAY 0100 X 03,1000,unidad,1
SATINOL BLANCO X 01,1000,unidad,1
PINCEL SERIE L-J N 20,1000,unidad,1
TERMICA BIPOLAR 25 AMP SCHNEIDER,1000,unidad,1
LAMPARA GOTA 7W ALIC CALIDA,1000,unidad,1
"VALVULA ESFERA PN 25 PASO ESTANDAR CONSTRUCCION EN LATON UNE-EN 12165 CROMADO ASIENTOS PTFE EXTREMOS ROSCA GAS(BSP) H-H- ISO 228/1 TEMP MAX 110ºC MANDO MANUAL POR PALANCA DE ACERO DIAMETRO 1 1/4"" MARCA:GENEBRE",1000,unidad,1
ENTRERROSCA NPT 3/4,1000,unidad,1
ADAPTADOR JIC X NPT 1.1/16 X 1,1000,unidad,1
"ACOPLE A PALANCA POLIPROPILENO (TIPO A) 1""",1000,unidad,1
"ACOPLE A PALANCA POLIPROPILENO (TIPO D) 1""",1000,unidad,1
VACUOMETRO DIAM 100 SALIDA INF R 1/2 NPT,1000,unidad,1
ACOPLE A PALANCA POLIPROPILENO (TIPO B) 1,1000,unidad,1
MANG 3/4 R1 X 700MM MG X MG 3/4 NPT,1000,unidad,1
MANG 1/2 R1 X 700MM CODO 90 MG 1/4 NPT X MG 3/4,1000,unidad,1
"KRG DE ARANDELA PLANA Hº GALV AZUL 1/4""",1000,unidad,1
"TUERCA AUTOPERFORANTE 5/16""",1000,unidad,1
"BULON GRADO 5 UNC DORADO 1/2 X 1 1/2""",1000,unidad,1
PLANCHUELAS 1.1/ 2 X 1/ 4,1000,unidad,1
VARIOS CORTE PLANCH,1000,unidad,1
ABRAZADERAS 12MM 90-110,1000,unidad,1
ABRAZADERAS 12MM 60-80,1000,unidad,1
ABRAZADERAS 12MM 23-35,1000,unidad,1
"CABLE EXTENSION SENSOR 5,1 MTS",1000,unidad,1
CUPLA DE 75 X 250,1000,unidad,1
ABRAZADERAS REFORZ AB 112,1000,unidad,1
"ACOPLE ATMOSFERICOS UNION BRONCE 2"" 1/2",1000,unidad,1
"ACOPLE ATMOSFERICOS UNION ALUMINIO 2"" 1/2",1000,unidad,1
"ACOPLE ATMOSFERICOS UNION BRONCE 3""",1000,unidad,1
"ACOPLE ATMOSFERICOS UNION ALUMINIO 3""",1000,unidad,1
"ACOPLE ATMOSFERICOS REDUCCION BRONCE C3"" A M2"" 1/2",1000,unidad,1
"ACOPLE ATMOSFERICOS REDUCCION ALUMINIO C3 A M2"" 1/2",1000,unidad,1
ACOPLE ATMOSFERICOS DESCARGA,1000,unidad,1
"ACOPLE ATMOSFERICOS CAMACHO C/B 2"" 1/2",1000,unidad,1
"ACOPLE ATMOSFERICOS CAMACHO C/B 3""",1000,unidad,1
"ACOPLE ATMOSFERICOS CAMACHO HIERRO 2"" 1/2",1000,unidad,1
"ACOPLE ATMOSFERICOS CAMACHO HIERRO 3""",1000,unidad,1
ACOPLE ATMOSFERICOS LLAVE SALIDA,1000,unidad,1
"ACOPLE ATMOSFERICOS NIPLE 2"" 1/2",1000,unidad,1
"ACOPLE ATMOSFERICOS NIPLE 3""",1000,unidad,1
"ACOPLE ATMOSFERICOS TAPA BRONCE 2"" 1/2",1000,unidad,1
"ACOPLE ATMOSFERICOS TAPA BRONCE 3""",1000,unidad,1
"ACOPLE ATMOSFERICOS TAPA CIEGA 4""",1000,unidad,1
"ACOPLE ATMOSFERICOS TAPA ALUMINIO 2"" 1/2",1000,unidad,1
"ACOPLE ATMOSFERICOS TAPA ALUMINIO 3""",1000,unidad,1
"ACOPLE ATMOSFERICOS TAPON 2"" 1/2",1000,unidad,1
"ACOPLE ATMOSFERICOS TAPON 3""",1000,unidad,1
ACOPLE ATMOSFERICOS MANIJA BRONCE,1000,unidad,1
ACOPLE ATMOSFERICOS MANIJA ALUMINIO,1000,unidad,1
"ACOPLE ATMOSFERICOS MANIJA 4""",1000,unidad,1
ACOPLE ATMOSFERICOS MACHO BRONCE,1000,unidad,1
"ACOPLE ATMOSFERICOS MACHO ALUMINIO 2"" 1/2 A 2""",1000,unidad,1
"ACOPLE ATMOSFERICOS HEMBRA R/MACHO 2"" 1/2",1000,unidad,1
"ACOPLE ATMOSFERICOS HEMBRA R/ MACHO 3""",1000,unidad,1
"ACOPLE ATMOSFERICOS HEMBRA R/HEMBRA 2""1/2",1000,unidad,1
"ACOPLE ATMOSFERICOS HEMBRA R/ HEMBRA 3""",1000,unidad,1
"ACOPLE ATMOSFERICOS HEMBRA 2"" 1/2 R3""",1000,unidad,1
"ACOPLE ATMOSFERICOS MACHO R/MACHO BR 2""1/2",1000,unidad,1
"ACOPLE ATMOSFERICO MACHO R/MACHO BR 3""",1000,unidad,1
"ACOPLE ATMOSFERICOS MACHO R/MACHO AL 2""1/2",1000,unidad,1
"ACOPLE ATMOSFERICO MACHO R/MACHO AL 3""",1000,unidad,1
"ACOPLE ATMOSFERICOS COLA TRASERA 2"" 1/2",1000,unidad,1
"ACOPLE ATMOSFERICOS COLA TRASERA 3""",1000,unidad,1
"ACOPLE ATMOSFERICOS UNION BRONCE C2 "" 1/2 A M3""",1000,unidad,1
"ACOPLE ATMOSFERICOS UNION ALUMINIO C2"" 1/2 A M3""",1000,unidad,1
"ACOPLE ATMOSFERICOS HEMBRA P/ MANG 2""!/2",1000,unidad,1
"ACOPLE ATMOSFERICOS HEMBRA P/MANG 3""",1000,unidad,1
"ACOPLE ATMOSFERICOS MACHO BR P/MANG 2"" 1/2",1000,unidad,1
"ACOPLE ATMOSFERICOS MACHO AL P/ MANG 2"" 1/2",1000,unidad,1
"ACOPLE ATMOSFERICOS MACHO BR P/MANG 3""",1000,unidad,1
"ACOPLE ATMOSFERICOS MACHO AL P/ MANG 3""",1000,unidad,1
"ACOPLE ATMOSFERICOS HEMBRA REDUCCION C3"" A M2"" 1/2",1000,unidad,1
"ACOPLE ATMOSFERICOS MACHO REDUCCION BR 3 "" A 2""1/2",1000,unidad,1
"ACOPLE ATMOSFERICOS MACHO REDUCCION AL 3"" A 2"" 1/2",1000,unidad,1
RADIADORES DE ACEITE 400X400 CON ELECTRO 24V,1000,unidad,1
CORTADO Y PRENSADO DE HG C/90 1º BSP AS /M,1000,unidad,1
PRENSADO EN MANG DE 3/8 T/C,1000,unidad,1
ADAPTADOR HG 3/4 BSP AS/M X 3/4 NPT,1000,unidad,1
MICROBRILL,1000,unidad,1
ALQUIER DE TUBO,1000,unidad,1
MANGUERA 3/4 R2 X 700MM HG X HG 1.1/16 JIC,1000,unidad,1
MANGUERA 3/4 R2 X 750MM HG X HG 1.1/16 JIC,1000,unidad,1
MANGUERA 3/4 R2 X 1050MM HG 1.1/16 JIC X HG 1.3/16 JIC,1000,unidad,1
MANGUERA 3/4 R2 X 1650MM HG 1.1/16 JIC X HG 1.3/16 JIC,1000,unidad,1
CODO 90 MF 1.3/16 JIC X 3/4 NPT,1000,unidad,1
ADAPTADOR 1.1 /16 JIC X 3/4 NPT,1000,unidad,1
"BUJE DE REDUCCION M 1"" X H 3/4",1000,unidad,1
LIJADORA ORBITA MO110 MARTINS,1000,unidad,1
CH/LC CC 3.20 X 1500 X 6000,1000,unidad,1
DM-50 VALV TRANS C/BASE (1/4 BSPT,1000,unidad,1
FILTRO DE AIRE 1506,1000,unidad,1
FILTRO DE ACEITE W11 102/36,1000,unidad,1
ACEITE CASTROIL 15W40X20 LIT,1000,unidad,1
ENGANCHE A ELASTICO P/MERCEDES BENZ C/GANCHO Nº3,1000,unidad,1
PERNO BAL 150MM CON TUERCA ALT MONT,1000,unidad,1
ARANDELA PERNO BAL MONT AV 11,1000,unidad,1
BALANCIN MANOTA DE CHAPA MONT 206,1000,unidad,1
BUJE BAL POLIPROPILENO CORTO MONT 85MM,1000,unidad,1
TETON REPARACION TENSOR 3/4 - 7/8 1º ESP 9MM,1000,unidad,1
TUERCA AUTOF M24 X 2.00 P/TENSOR RANDON/MALDONADO,1000,unidad,1
PERNO TENSOR MALDONADO 24 X 160 3989,1000,unidad,1
PERNO TENSOR RANDON MOD NUEVO 24 X 140 3988,1000,unidad,1
OXIGENO A,1000,unidad,1
DIOXIDO DE CARBONO DE 30.00 KG,1000,unidad,1
ARGON S,1000,unidad,1
FLETE,1000,unidad,1
TRAMPA DE GAS OIL,1000,unidad,1
TF DOBLE MB G85-6 N MULT AT ALTO TORQUE,1000,unidad,1
TF DIRECTA P/TF 5211 NEUM PL,1000,unidad,1
6202 2RS ZNL,1000,unidad,1
ESCOBILLA (JUEGO) GE916-920,1000,unidad,1
PORTA ESCOBILLA GE916-920,1000,unidad,1
ADAPTADOR M-H 16 X 3/8 BSP,1000,unidad,1
CODO 90 AJUSTE TU 6 X 1/8M,1000,unidad,1
CONEC RECTO AJUSTE TU 6 X 1/8M,1000,unidad,1
BOBINA 24 V.DC,1000,unidad,1
CONECTOR RECTO AJUSTE TUBO 1/4 X 1/4M (X10,1000,unidad,1
CODO AJUSTE 90 TUBO 1/4 X 1/4M,1000,unidad,1
CONECTOR RECTO AJUSTE TUBO 1/4 X 1/8M (X10,1000,unidad,1
UNION DOBLE AJUSTE TUBO 1/4,1000,unidad,1
UNION DOBLE AJUSTE TUBO 1/2,1000,unidad,1
TUERCA AJUSTE C/GUIA 1/2,1000,unidad,1
"BUJE RED GALV 3"" X 2 1/2 DEMA",1000,unidad,1
TERM M.G 1PULG X 1 PULGR2,1000,unidad,1
FAROS 660 L AMBAR,1000,unidad,1
TVR 53-AB,1000,unidad,1
"PERNOS TENSOR 7/8""X7"" CON AUTOF",1000,unidad,1
PERNOS 24 MM X 160 MM CON AUTOF,1000,unidad,1
ARANDELAS P/PERNO 30MM,1000,unidad,1
FONDO NARANJA 903077,1000,unidad,1
FONDO NARANJA 903082,1000,unidad,1
LLAMA 3,1000,unidad,1
CABRADA 9,1000,unidad,1
MAXIMA 80,1000,unidad,1
CAJA CINTA REFLEC BLANCA (3M),1000,unidad,1
FARMER 36219-M/22,1000,unidad,1
FARMER 088494A21,1000,unidad,1
DBH IND ARG,1000,unidad,1
ROLLWAY 1301/C04238717T,1000,unidad,1
219 O'RING IND ARG,1000,unidad,1
222 ORING IND ARG,1000,unidad,1
ACEITE 80 W 90 X 20 LT,1000,unidad,1
TUERCA AUTOPERFORANTE 24MM,1000,unidad,1
PERNO TENSOR 24 X 180MM,1000,unidad,1
ROST OFF AFLOJADOR DESOXIDANTE,1000,unidad,1
SILICONA ACETICA TRANSPARENTE 280ML,1000,unidad,1
PROWORK 242/290/609/680 X 10ML,1000,unidad,1
TERMINALES DE 25/3,1000,unidad,1
TERMINALES DE 16/3,1000,unidad,1
TERMICA TETRAPOLAR 50AMP STECK,1000,unidad,1
"PRENSACABLE PERCANPLAS 1"" 1/4",1000,unidad,1
BOLSA DE PRECINTOS SYBYD 2007/2 ALT6,1000,unidad,1
ROLLO DE CINTA SCOTCH 3M 770 X 20MTS,1000,unidad,1
TEFLON 3/4 X 10MTS,1000,unidad,1
SELLADOR H3 50 CC SALADILLO,1000,unidad,1
FUENTE SWITCHING,1000,unidad,1
TEFLON 3/4 X 20MTS,1000,unidad,1
ALLEN C /FRESADA 5/16 X 3/4,1000,unidad,1
LLAVES ALLEN DE 7/32,1000,unidad,1
BULON PARANTE ROSCA CUADRADA 7/8X,1000,unidad,1
"LLAVE ESFERICA HH 2"" DUKE",1000,unidad,1
MANG 1/2 1000MM MG 1/2 NPT X MG 1/4 NPT,1000,unidad,1
MANG 1/2 X 800MM MG X MG 1/2 NPT,1000,unidad,1
"NIPLE GALV 2"" X 20CM",1000,unidad,1
ENCHUFE ROSCA MACHO 2 POLIETILENO IPS,1000,unidad,1
"CABLE SINTENAX 3X2,5MM + NEUTRO",1000,unidad,1
402 6 LED FLEX A/A BIV,1000,unidad,1
930 10LED AI R BIV,1000,unidad,1
"SWIVEL 3/4""",1000,unidad,1
BUJE TENSOR 045X7 / 8 X 78 SILENT BL,1000,unidad,1
TUERCA PULG AUTO 7/8 PASO FINO,1000,unidad,1
"BULON DE TENSOR 7/8"" X 5 1/2""",1000,unidad,1
DURALBA EXTERIORES BCO X 04,1000,unidad,1
VENIER ANTIHUMEDAD X 5,1000,unidad,1
ENDUIDO ALBAPLAST X 04,1000,unidad,1
RESORTE SOSTEN MANGUERA LARGO P/SEMI RR372G,1000,unidad,1
JTA TAPA COMBUSTIBLE PERKINS,1000,unidad,1
JTA TAPA COMBUSTION PERKINS,1000,unidad,1
MULTIPLE DE ESCAPE PERKINS 4.203 . 6.30 5 . X UNI,1000,unidad,1
TUBERAS 250,1000,unidad,1
EQIPOS TIG CEMONT REPARADO,1000,unidad,1
"DMC EN Hº Fº CON ENGRANAJES CEMENTADOS 3""",1000,unidad,1
VARIOS CORTE CUADRA,1000,unidad,1
WEBER LARGO BLANCO,1000,unidad,1
WEBER LARGO NEGRO,1000,unidad,1
WEBER CORTO NEGRO,1000,unidad,1
C1 10.000LTS. (6 NEGROS + 6 BLANCOS),1000,unidad,1
C1 12.000LTS. (6 NEGROS + 6 BLANCOS),1000,unidad,1
C1 25.500LTS. (6 NEGROS + 6 BLANCOS),1000,unidad,1
C1 35.500LTS. (6 NEGROS + 6 BLANCOS),1000,unidad,1
"LARGO TOTAL ( 5X8/ 5X13,5/ 5X15,5 MTS NEGRO)",1000,unidad,1
"LARGO TOTAL ( 5X8/ 5X13,5/ 5X15,5 MTS BLACO)",1000,unidad,1
OVALO WEBER SIN FONDO GRANDE,1000,unidad,1
BANDERA WEBER IND ARGENTINA,1000,unidad,1
GLASURIT CAT RAP 929 - 91 X 0.500,1000,unidad,1
ENVASE X 1,1000,unidad,1
DILUYENTE 600/MASTER X 01,1000,unidad,1
IPN X 12 MTS 80,1000,unidad,1
IPN X 12 MTS 100,1000,unidad,1
"CA EST RECT 70 X 30 X 1 , 24",1000,unidad,1
CA EST RECT 70 X 30 X 2,1000,unidad,1
CORREA EVER WEAR B-064,1000,unidad,1
SK-513 AL 3 A 2 1/2 ACOPLE,1000,unidad,1
LN GUARDABARRO IZQ,1000,unidad,1
LN GUARDABARRO DER,1000,unidad,1
ENCHUFE DE LUCES 7P TOMA CHASIS PLASTICO DNI 8375,1000,unidad,1
JUNTA GIRATORIA G1/2 BRONCE,1000,unidad,1
TF MB G221 NEUM MULT C/PL,1000,unidad,1
EJE PROLONGADOR MB G221 C /PLC ( 211MM),1000,unidad,1
"ZEOCAR MASILLA FORMULA POL, X 4",1000,unidad,1
BULON C /REDONDA C/C SIN TUERCA 8 X 125,1000,unidad,1
"CHAPA 304 3,00 1000 X 2000 2B C1 A",1000,unidad,1
"ZEOCAR MASILLA FORMULA POL, X 4K",1000,unidad,1
ALBAMIX 4570111 DUOMIX PU FULL,1000,unidad,1
ALBAMIX 4590013 CONV P/FDO 2KX4L,1000,unidad,1
ALBAMIX 45701XX POLIURET GRIS CHASIS 4 LTS,1000,unidad,1
ALBAMIX 45701 XX POLIURET NEGRO 4 LTS,1000,unidad,1
ALBAMIX 4585007 FDO EPO ANTIC W,1000,unidad,1
ALBAMIX 4590020 CONV FDO EPO X4L,1000,unidad,1
GLASURIT COLOR 22 X 01 BCO 9004,1000,unidad,1
GLASURIT CAT RAP 929-91 X 0.500,1000,unidad,1
LIJA AL AGUA AA 240,1000,unidad,1
LIJA AL AGUA AA 320,1000,unidad,1
UNIPEGA PU 40 X 0.280 GRIS,1000,unidad,1
ESTRIBO IZQ MERCEDES BENZ 710,1000,unidad,1
ESTRIBO DER MERCEDEZ BENZ,1000,unidad,1
CASQUETE TORIESFERICO EXT 1.600 ESP 6.3 A.C. R 1.600 R 150 DISCO 1.840,1000,unidad,1
CASQUETE TORIESFERICO EXT 1.700 ESP 6.3 A.C. R 1.700 R 175 DISCO 1.970,1000,unidad,1
CASQUETE TORIESFERICO EXT 1.750 ESP 6.3 A.C. R 1.750 R 175 DISCO 2.020,1000,unidad,1
CASQUETE TORIESFERICO EXT 1.800 ESP 6.3 A.C. R 1.800 R 175 DISCO 2.070,1000,unidad,1
CASQUETE TORIESFERICO EXT 1.900 ESP 6.3 A.C. R 1.900 R 200 DISCO 2.190,1000,unidad,1
CASQUETE TORIESFERICO EXT 2.000 ESP 6.3 A.C. R 2.000 R 200 DISCO 2.300,1000,unidad,1
CASQUETE TORIESFERICO EXT 2100 ESP 6.3 A.C. R 2.100 R 200 DISCO 2.400,1000,unidad,1
CASQUETE TORIESFERICO EXT 2.200 ESP 6.3 A.C. R 2.200 R 200 DISCO 2.500,1000,unidad,1
CODO 90 AJUSTE TU 8X 1/4M,1000,unidad,1
CONEC RECTO AJUSTE TU 8 X 1/4M,1000,unidad,1
CODO AJUSTE 90 TUBO 38 X 1/4M,1000,unidad,1
CONECTOR RECTO AJUSTE TUBO 3/8 X 1/4M,1000,unidad,1
UNION DOBLE RECTA PLASTICA TUBO 1/2,1000,unidad,1
TUERCA AJUSTE TUBO 10,1000,unidad,1
TEE HEMBRA 1/4,1000,unidad,1
TEE HEMBRA 3/8,1000,unidad,1
UNION DOBLE AJUSTE TUBO 10,1000,unidad,1
UNION DOBLE RECTA PLASTICA 10MM,1000,unidad,1
ADAPTADOR M-H 16X3/8 BSP,1000,unidad,1
TARJETA RELOJ MENSUAL,1000,unidad,1
ELTV.UNIV. 12 C/SOP INVERSOR,1000,unidad,1
CETOL B/NATURAL,1000,unidad,1
"BUJE RED GLAV 3"" X 2 1/2 DEMA",1000,unidad,1
HG 3/4 JIC PM 1/2,1000,unidad,1
JIC X 3/8 NPT,1000,unidad,1
RET 8040 LX DBH IND ARG,1000,unidad,1
LGWA 2M /1 SKF IND ARG,1000,unidad,1
RESPIRADERO DE TANQUE DE GAS OIL,1000,unidad,1
MANIJA LEV VIDRIO MERCEDES,1000,unidad,1
MANIJA DE PUERTA INTERIOR,1000,unidad,1
LUBRIPET,1000,unidad,1
H- 309 MANGUITO 170771 - P/23,1000,unidad,1
22209 K C3 FAG 43233E20,1000,unidad,1
TF MB G 281-12 NEUM MULT C/PL,1000,unidad,1
EJE PROLONGADOR MB G281 C /PLAC (211MM),1000,unidad,1
CAJA DE TIZAS BLANCAS X 144U,1000,unidad,1
TERM HG C/90 9/16 JIC PM 3/8 REPARACION,1000,unidad,1
ADAPT MF 7/8 JIC X M 3/4 NPT,1000,unidad,1
GRASA ALTA TEM/REV N:2,1000,unidad,1
CORREA EVER WEAR B-050,1000,unidad,1
CORREA EVER WEAR B-047,1000,unidad,1
PISCINA N 50MM,1000,unidad,1
SINTETICA 1 TELA 2MM GU,1000,unidad,1
GUANTE NAPA AMARILLA,1000,unidad,1
"TAPA ATMOSFERICO 4""",1000,unidad,1
LACA NITRO SEMI MATE NEGRO X 04,1000,unidad,1
"GLASURIT CAT RAP 929-91 X 0,500",1000,unidad,1
ALQUILER DE CILINDROS,1000,unidad,1
"BUJE RED 4 X 3"" NPT TUPY BRASIL C/U",1000,unidad,1
"BUJE RED 3 X 21 /2 "" NPT TUPY BRASIL C/U",1000,unidad,1
"CODOS NH 90º 21/2"" S 300 NPT TUPY BRASIL C/U",1000,unidad,1
MANTENGA DISTANCIA (ROJO REFLECTIVO),1000,unidad,1
"20 CALCOS ""ACCIONAMIENTO PARA TF DE CAJAS MANUEALES"" /30 CALCOS ""OPERE 750 RPM MAX",1000,unidad,1
12 LAMPARAS 48W E27 ALIC,1000,unidad,1
10 LAMPARA LED 12 W FRIAS ALIC,1000,unidad,1
MANG 3/4 R2 X 1300 MM HG 1.3/16 JIC X MG 1/2 NPT,1000,unidad,1
GLASURIT COLOR 22 X 01 9147,1000,unidad,1
K 216002 MACHO / MACHO 1/4 X 1/4,1000,unidad,1
K 229002 CODO MACHO / HEMBRA GAS 1/4,1000,unidad,1
K 207111 MACHO AJTE / HBRA GAS 8MM X 1/4 GAS INT,1000,unidad,1
ROC - AVOM 16 ANILLO 0 - RING AVO M16,1000,unidad,1
THINER HYDRA ORO X 4,1000,unidad,1
"10 VALV ESF BRONCE PASO TOTAL 2 1/2""",1000,unidad,1
"11 VALV ESF BRONCE PASO TOTAL 3""",1000,unidad,1
"05 VALV ESF PT BRONCE CROMADO PTFE 3/4""",1000,unidad,1
"04 VALV ESF PT BRONCE CROMADO PTFE 1/2""",1000,unidad,1
VKUA 4554 A SFK IND ARG,1000,unidad,1
440 GR,1000,unidad,1
FIX TORNILLO P/MADERA 4.5 X 25,1000,unidad,1
AUTOPERFORANTE MADERA ANCHA 6X1 1/2 FLEB,1000,unidad,1
BULON G2 ZN HEX 5/16X5,1000,unidad,1
ESQUINERO ANGULO CORVEX 6*6-24 U,1000,unidad,1
PH 2 25MM IMPACTOR - X 100 UNID,1000,unidad,1
PILA ELECTRONICA DE LITIO 2032 3.0 VOLTS CARETA,1000,unidad,1
22209 EKC3W33,1000,unidad,1
VKUA 4554,1000,unidad,1
FAROS DE LECHO MERCEDES 710,1000,unidad,1
FAJA LUMBAR OMBU,1000,unidad,1
CORREA EVER WEAR B-057,1000,unidad,1
ARGON TURBO,1000,unidad,1
"CODOS HH 3/4"" GALVANIZ",1000,unidad,1
"CODOS HH 90 1"" GALVANIZ",1000,unidad,1
"CODOS MH 90 3/3"" GALVANIZ",1000,unidad,1
"CODOS MH 90 21/2"" GALVANIZ",1000,unidad,1
NIPLES GALV 1/8 X 150 MM,1000,unidad,1
NIPLES GALV 1/4 X 150 MM,1000,unidad,1
NIPLES GALV 1/2 X 150 MM,1000,unidad,1
NIPLES GALV 21 /2 X 150 MM,1000,unidad,1
"BUJES RED MH 3 X 21/2"" GALV",1000,unidad,1
"BUJE RED MH 3/4 X 3/8"" GALV",1000,unidad,1
NIPLES 1 X 150 MM,1000,unidad,1
"BUJE RED 4 X 21 /2"" NPT",1000,unidad,1
DM- 50 VALV TRANS C/VASE (1/4 BSPT),1000,unidad,1
MANGUERAS 1/4 R2 X 800 HG XHG 9/16 AST/T,1000,unidad,1
MANO DE OBRA,1000,unidad,1
REPUESTOS,1000,unidad,1
"DIRECCIONAL 138 PARA 17"" CON ABRAZADERAS (133)",1000,unidad,1
CAJA NEUMATICA STD REG 24 VCC,1000,unidad,1
VEJIGA 1T15N-9 (64331 / 69360),1000,unidad,1
ABRAZADERA Nº 14 86-111 MM CARBIZ,1000,unidad,1
ABRAZADERA Nº 12 72-94 MM CARBIZ,1000,unidad,1
NETCOLOR BARNIZ MARINO,1000,unidad,1
AGUARRAS MINERAL ALBA,1000,unidad,1
CETOL TINTAS ROBLE CLARO,1000,unidad,1
TARUGOS DE TAPIZADO,1000,unidad,1
CABLE DE CAPOT,1000,unidad,1
FRL CAMOZZI 1/2 (COD MX2.1/2.FROOO4LY00),1000,unidad,1
MANOMETRO PARA FRL,1000,unidad,1
DCOFQP T1890 L520 CSTD KITABS RAUT,1000,unidad,1
CADENA GALVANIZADA N 30 12.50 KG,1000,unidad,1
TANQUE DE AGUA 25 L NEGRO,1000,unidad,1
"CERTIFICADO CALIBRACION CLASE 1,6%",1000,unidad,1
"22Ø63 R 1/4"" NPT 200 BAR-PSI",1000,unidad,1
DESPACHO MATERIAL,1000,unidad,1
H/309,1000,unidad,1
MANGUERA 3/8 R2 X 15 MTS MG 1/2 X HG 1/4,1000,unidad,1
ADAPTADOR H 3/4 X F 3/8,1000,unidad,1
CODO 90 M X H 1/4 NPT,1000,unidad,1
COLA TIG LARGA,1000,unidad,1
MANG 3/4 R2 X 3500 MM HG 1.3/16 JIC X MF 3/4 NPT,1000,unidad,1
MOSQUETON GALVANIZADO 4X40,1000,unidad,1
BULON MILG8 C/HEX MA 6X25,1000,unidad,1
TUERCA REMACHE M6 X 15 ZINC X 1000U,1000,unidad,1
ARANDELA GROWER 1/2,1000,unidad,1
ARANDELA GROWER 5/8,1000,unidad,1
GRASA 80W90,1000,unidad,1
TORNILLO AUTOPERFORANTE C/ARANCELA HEXAGONAL AGUJA (T17),1000,unidad,1
KIT 4S3M 1-ABS SR 1+2 EJES,1000,unidad,1
VALVULAS 2/2 VIAS BLOQUE 3º EJE,1000,unidad,1
KIT CONEXIONES 4S3M KN,1000,unidad,1
SENSOR ABS 90º 1MT +CLIP,1000,unidad,1
PORTA SENSOR ABS /EBS,1000,unidad,1
VALV DESC RAP Y 2 VIAS P/FORD,1000,unidad,1
KIT CONEX DESC RAP 2 VIAS FORD,1000,unidad,1
VALV ESTACIONAMIENTO AE4311,1000,unidad,1
KIT CONEX TRCM SUSP MIXTA,1000,unidad,1
SPRING 30/30 303MM 16X1.5MM,1000,unidad,1
"PULMON DELANTERO 30"" 300MM R16",1000,unidad,1
KIT CONEXIONES PULMONM X EJE,1000,unidad,1
KIT CONEX PARA TANQUE 115,1000,unidad,1
TANQUE DE AIRE 115L C / SOPORTE,1000,unidad,1
TUBO POLIAMIDA 16 X 12 NEGRO,1000,unidad,1
TUBO POLIAMIDA 8 X 6 NEGRO,1000,unidad,1
ACEITE 14W40,1000,unidad,1
"VALVULA DE SEGURIDAD TIPO POP Ø 1/4"" ASIENTO BRONCE",1000,unidad,1
CORREA EVER WEAR B-084,1000,unidad,1
PISCINA N 38MM,1000,unidad,1
TF DIRECTA P/TF 5211 NEM PL,1000,unidad,1
RADIDADOR ACEITE HIDRAULICO 400 X 400 CON ELECTROV. 24 V,1000,unidad,1
TORCHA REPARADA 360 CON CAMBIO DE CUELLO Y GATILLO,1000,unidad,1
TUNGSTENOS 2.4 ROJOS,1000,unidad,1
VIDRIOS PROTANE,1000,unidad,1
APORTE 308 1.6,1000,unidad,1
PLANCHUELAS 5X1/4,1000,unidad,1
BOTIN PEGASO NEGRO CON PUNTERA 41,1000,unidad,1
BOTIN PEGASO NEGRO CON PUNTERA 411,1000,unidad,1
BOTIN PEGASO NEGRO CON PUNTERA 444,1000,unidad,1
BOTIN OMBU 42 MODELO CALZADOOZONO,1000,unidad,1
PANTALON OMBU VERDE TALLE ROPA 44,1000,unidad,1
GUANTE CUERO GUANTE SOLDAR,1000,unidad,1
DETER AL 30% C COLOR,1000,unidad,1
DBIDON X 6,1000,unidad,1
O`RING 221 IND ARG,1000,unidad,1
O`RING 222 IND ARG,1000,unidad,1
O`RING 223 IND ARG,1000,unidad,1
LACA NITRO SPORTIVE BLACK X 3.5,1000,unidad,1
ESMALTE A POLIU BLANCO 0111 X 3700,1000,unidad,1
BULON C/REDONDA C/C SIN TUERCA 8 X 38,1000,unidad,1
1 INTERRUPTOR BOCINA 1 PUNTO HIWAY,1000,unidad,1
CAÑOS RED 1 1/4 2.0,1000,unidad,1
ACOPLE DTH 4` ALUMINIO,1000,unidad,1
ACOPLE DNM 3` ALUMINIO,1000,unidad,1
ACOPLE DTH 3` ALUMINIO,1000,unidad,1
TRV 53/AB,1000,unidad,1
MANGUERA DICAFLEX GG 0 4` LARGO 2150M EXTREMOS EN ACERO CARBONO MF X MF 0 4` BSPT,1000,unidad,1
ACOPLE DCH 4` ALUMINIO,1000,unidad,1
MAGUERA DICAFLEX GG 0 4' LARGO 2150 MM,1000,unidad,1
EXTREMOS EN ACERO CARBONO MF X MF 0 4' BSPT ACOPLE DCG 4' ALUMINIO,1000,unidad,1
H DE CONST D/N 10,1000,unidad,1
H DE CONST D/N 8,1000,unidad,1
H DE CONST D/N 6,1000,unidad,1
MALLAS Q 131 150X150X5 2.4X6 MTS,1000,unidad,1
TYROLIT DISCO SENSITIVO 350X3 2X25.4,1000,unidad,1
CETOL TINTAS CAOBA X 0.240,1000,unidad,1
MEGAFLEX AUTO MEMB 25CM X 10M ALUMINIO,1000,unidad,1
MEGAFLEX PINTURA ASFALTICA X 4KG,1000,unidad,1
CETOL PAQUET PLAS NA BRI X 04,1000,unidad,1
AGUARRAS MINERAL ALBA X 04,1000,unidad,1
BRIKOL CERAMICO X 10,1000,unidad,1
BRIKOL NATURAL X 04,1000,unidad,1
DURALBA EXTERIORES BCO X04,1000,unidad,1
HYDRARRAS X C4,1000,unidad,1
MANG ASP EXP 1 ' X 2.50 MT,1000,unidad,1
ROL MANG CRISTAL 32 X 38 X 25M FREP,1000,unidad,1
HIDROFUGO CERESITA 4KG,1000,unidad,1
MEGAFLEX MEMBRANA AUTOADHESIVA 25 CM X 1M,1000,unidad,1
CODO 90` PLASTICO 6 X 1/4,1000,unidad,1
PURGADOR DESCARGA RAPIDA ROSCA M 22X1.50,1000,unidad,1
CUPLA (ACERO) 1/4(X10),1000,unidad,1
TUBO POLIAMIDA (6) 6X4 100MTS,1000,unidad,1
ALBAMIX 4570100 ESM PU GRIS PASO 1 X 4L,1000,unidad,1
ALBAMIX 4570100 ESM PU GRIS PASO 2 X 4L,1000,unidad,1
ALBAMIX 4585007 FDO EPOXI GRIS X 4L,1000,unidad,1
ALBAMIX 4590020 CONV FDO EPO X 800,1000,unidad,1
ALBAMIX 4570111 ESM PU BLANCO X 4L,1000,unidad,1
ALBAMIX 4590013 CONV P/FDO 2K X 4L,1000,unidad,1
EJE PROLONGADOR MB G330 C/PLACNEW 2019 207MM,1000,unidad,1
JUEGO DE JUNTAS C/ESPARRAGOS BLISTER GENERAL,1000,unidad,1
3206 2 RS KML 15942Z/17,1000,unidad,1
3205 2 RS BKP 180107-X/22,1000,unidad,1
TRABEX 3101,1000,unidad,1
DIPROEL DILUY POLIURETANO X 18L,1000,unidad,1
MATERIAL DE CONSUMO,1000,unidad,1
TUBO POLIAMIDA 6X4 MTS,1000,unidad,1
INTERRUPTOR,1000,unidad,1
TUBO DE PVC FOTIFLEX SEMI - CELULAR 3.2 40 X 3.2 X 4 MT J/P BLANCO 0 40,1000,unidad,1
REDUCCION CONCENTRICA 0 63-40,1000,unidad,1
SOMBRERETE 0 63,1000,unidad,1
CODO 0 40 X 90` H-H,1000,unidad,1
TUBO 110 X 4.00,1000,unidad,1
CODO A 45` H-H 110MM,1000,unidad,1
APORTE 308 1 6,1000,unidad,1
EQ HID BATEA SIN INSTALACION SIN TOMA DE FUERZA PARA CAMION MB AXOR 2544 CAJA G 281-12,1000,unidad,1
"ACOPLE 1"" SERIE E BATEA",1000,unidad,1
"BUJE RED 1"" X 3/4",1000,unidad,1
TAPA ROSCA 2` AISI 304,1000,unidad,1
RESORTE SOSTEN MANGUERA LARGO P SEMI RR372G,1000,unidad,1
CORREA EVER WEAR B/048,1000,unidad,1
CRISTALIND 32 X 38,1000,unidad,1
CORREA EVER WEAR B 089,1000,unidad,1
PANTALON OMBU AZULINO BEIGE BLANCO 38/60,1000,unidad,1
ABRAZADERA TIPO AMERICANA 100/115 ART 3010,1000,unidad,1
SUNCHO PARA TANQUE DE COMBUSTIBLE 1279 JOCAR,1000,unidad,1
TF MB G281 12 NEUM MULT Z15,1000,unidad,1
EJE PROLONGADOR MB G2 81 C / PLACLARGO 222MM,1000,unidad,1
PEG IMPER PERFECTO,1000,unidad,1
ESMALTE A POLIU NEGRO SAT 0100 X 03,1000,unidad,1
PALA MOISES PALEAR,1000,unidad,1
"MANG ASP EXP 1"" X 250 MT",1000,unidad,1
CODO GALV 3/4 90 HH LATYN,1000,unidad,1
NIPLE GALV 3/4 X 15 CM,1000,unidad,1
"CODO GALV 2"" 90 HH LATYN",1000,unidad,1
"CODO GALV 1""90 MH LATYN",1000,unidad,1
FONDO EPOXI GRIS ANTI 8007 X 04,1000,unidad,1
RET 9295LX DBH IND ARG,1000,unidad,1
RET 5957MZ DBH,1000,unidad,1
RET 6876 LX,1000,unidad,1
2 - 117 O RING IND ARG,1000,unidad,1
2- 124 O RING IND ARG,1000,unidad,1
RET 6173 LX DBH IND ARG,1000,unidad,1
6005-2RS1 SKF IND ARG,1000,unidad,1
6 FICHA 2 X 16 KALOP,1000,unidad,1
10 ROLLO DE CINTA AISLADORA 20 MTS TEMFLEX,1000,unidad,1
BOLSA DE PRECINTOS SYBYD M ALT 2,1000,unidad,1
BOLSA DE PRESINTOS SYBYD ALT 5 NEGRO,1000,unidad,1
POLEA 4B-160,1000,unidad,1
"CAÑO N L 1""(33,7) X 3.2MM",1000,unidad,1
BOQUILLA SOPLETE 7/10,1000,unidad,1
CONECTOR RECTO DAISA 3/4 FT 33,1000,unidad,1
CANO FLEXITEC DE 1/2 CONDUIT,1000,unidad,1
CAJA TABLEPAST XCB 13/87,1000,unidad,1
ROLLO DE CINTA AISLADORA 20 MTS TEMFLEX,1000,unidad,1
TERMINAL DE COBRE 1240,1000,unidad,1
ESMALTE A POLIU NEGRO SAT,1000,unidad,1
"INTERSEAL 670 HS GRIS PRIMER: KIT (A+B) X 3,31",1000,unidad,1
KIT PARCHE X 1000,1000,unidad,1
PINCEL SERIE L-J N 07,1000,unidad,1
MATAFUEGOS ABC 10KG,1000,unidad,1
MANG 3/8 R2 X 2000MM HG 1/2 BSP X MG C/90 3/8,1000,unidad,1
MANG 3/8 R2 X 1200MM MG C/90 3/8 X MG 3/8 NPT,1000,unidad,1
ADAPTADOR C/90 M 3/8 NPT X MF 3/4 JIC,1000,unidad,1
ESTRIBO INFERIOR DER- MB AXOR,1000,unidad,1
PISADERA INFERIOR - MB AXOR,1000,unidad,1
INSPECCION VEHICULAR VERIGICACION COMPLETA (FAS DOMINIO - EZJ277,1000,unidad,1
PASTINA WEBER CLASSIC TERRACOTA X 2KG,1000,unidad,1
"C.R. LARGO 90"" SCH 40 3""",1000,unidad,1
TANQUE DE AIRE 75 L CON SOPORTE,1000,unidad,1
CAMARA DE AIRE TUBULAR H 390,1000,unidad,1
ARANDELAS DE ALUMINIO,1000,unidad,1
GUANTE JERSEY MOTEADO GUA,1000,unidad,1
CORREA EVER WEAR B/046,1000,unidad,1
BURLETE DE GOMA ESPONJA 30X40,1000,unidad,1
BURLETE DE GOMA ESPONJA 10X40,1000,unidad,1
PERNO 32MM X 280MM,1000,unidad,1
TURCA PULG AUTO 1.1/4 PASO FINO,1000,unidad,1
"CHA ACAN GALV 0,40 / PROC 44 6500X10",1000,unidad,1
AMORT HERM/MALD/PENT/RAMDPM EJE LEV COD 87001 OEM,1000,unidad,1
TORTUGA FUND 1 7/8,1000,unidad,1
UNI CORREA B 72 OPTIBELT,1000,unidad,1
"PLANCHUELA 304 63,0 X 5,0 X MT",1000,unidad,1
"BULON 3/4"" X 11 1/2 10H G8",1000,unidad,1
LIJA AL AGUA AA 80,1000,unidad,1
ACARREO GASEOSO (21%),1000,unidad,1
BOMBA DE VACIO MODELO S 90,1000,unidad,1
CANO CORRUGADO DE 1/2 FLEXITEC,1000,unidad,1
"PERMA WHITE INT SAT ZINSSER X 3,78",1000,unidad,1
ALBALATEX INTERIORES BCO X 04,1000,unidad,1
RODILLO EL GALGO ANTIGOTA X 22,1000,unidad,1
PINCEL SERIE 1980 N 15,1000,unidad,1
"ACOPLE DCM 4"" ALUMINIO",1000,unidad,1
22209 EKCW33,1000,unidad,1
"ACOPLE DE ALUMINIO MODELO DCE (CUEROI 0 4"") A ESPIGA DE 0 2 1/2""",1000,unidad,1
BIBLIOR A4 L7CM CART GRIS EIFFEL,1000,unidad,1
BIBLIOR OF L7CM CART GRIS EIFFEL,1000,unidad,1
TALON REC NUM DUPL GDE *1825* HU,1000,unidad,1
CUAD A4 ESP TF = 84 HJ AVON,1000,unidad,1
PH LASER 35/36/78/85A FULL,1000,unidad,1
BR LASER TN 660/2320 TN 2370 I,1000,unidad,1
CORRECT PEN P/M 7MIL PAPER MATE,1000,unidad,1
LIJA AL AGUA A 240,1000,unidad,1
LIJA AL AGUA A A 320,1000,unidad,1
MMB PASTA P/PULIR COLORIN FINA X 01,1000,unidad,1
CORREA B123 GATES,1000,unidad,1
ZEOVAR MASILLA FORMULA A POL X 4,1000,unidad,1
PATA DE APOYO CON MANIJA LARGA L 1280MM JOST,1000,unidad,1
PAQUETE ELASTICO 10 HOJAS MH TRAS ASICHA,1000,unidad,1
"DCOPQP T1890 D133 P22 L620 PAO"" ABS RAUT",1000,unidad,1
"KIT SENSOR VELOC ( SENSOR - BUJE - GRASA ) 0,4M 441 032 9212",1000,unidad,1
VALVULAS TIPO SCHARADER P/RUEDA,1000,unidad,1
"VAL ESF PT BRONCE CROMADO PTFE 3/4""",1000,unidad,1
"VALV ESF LATON PASO TOTAL 4""",1000,unidad,1
POLEA FUND 4 8 160,1000,unidad,1
MANGUERA DE INTERCOOLER MB,1000,unidad,1
ABRASADERAS DE INTERCOOLER,1000,unidad,1
CORREA EVER WEAR B-062,1000,unidad,1
ABRAZADERAS TIPO AMERICANA 90/105 ART 3009,1000,unidad,1
VALVULA RELAY TIPO BENDIX R-12 3/4 NPT,1000,unidad,1
BOTIN FRANCES C/P OMBU N~38/47,1000,unidad,1
BULON / REDONDA /C/C SIN TUERCA 6X25,1000,unidad,1
"BUJE ""H""",1000,unidad,1
ARANDELA AXIAL,1000,unidad,1
PERNO PIVOT 1 1/4 X 11 12H,1000,unidad,1
TUERCA 1 1/4 SAE AUTOPERFORANTE,1000,unidad,1
AMORTIGUADOR (72076)*9473/4),1000,unidad,1
AMORTIGUADOR ESTABILIZADOR (FR98041)(S9482/6N),1000,unidad,1
MACHOS EN PULGADAS CONO 2 Y 3 1/4 W,1000,unidad,1
"MECHA A/R EZETA 5,00MM",1000,unidad,1
"MECHA A/R EZETA 5,25MM",1000,unidad,1
BULONES 3/4 AUTOFRENANTE,1000,unidad,1
"CASQUETE TORIESFERICO 2100 6,3",1000,unidad,1
"CASQUETE TORIESFERICO 1900 6,3",1000,unidad,1
PLANCHUELAS 1.1 / 2X1/4,1000,unidad,1
BURLETE ESPONJA 6X 30MM,1000,unidad,1
BURLETE ESPONJA 8X80MM,1000,unidad,1
BURLETE ESPONJA 15 X 30MM,1000,unidad,1
BURLETE ESPONJA 40 X 50MM,1000,unidad,1
"ARANDELA PLANA H` GALV AZUL 1/2""",1000,unidad,1
TUERCA EXAGONAL LIVIANA UNC GALV AZUK,1000,unidad,1
"TUERCA AUTOFRENANTE 1/2""",1000,unidad,1
"BULON GRADO 5 UNC DORADO 1/2 X 2""",1000,unidad,1
TRAILER CONTROL MODULE,1000,unidad,1
LAMPARA 12 W FRIAS ALIC,1000,unidad,1
ROLLO DE SPAGUTTI TERMOCONTRAIBLE 3.2A 1.8 TACSA,1000,unidad,1
CAJA TABLEPLAST DE PASE XCB 12/37,1000,unidad,1
CONECTOR RECTO FT-32,1000,unidad,1
TUERDA 1/2,1000,unidad,1
CABLE TIPO TALLER 5X1 MM,1000,unidad,1
MODULO JELUZ COMBINACION,1000,unidad,1
CAJA TABLEPLAST P/TERMICAS PF-04E,1000,unidad,1
CABLE 1X2.5 MM,1000,unidad,1
CABLE 1X1.5 MM,1000,unidad,1
TANQUE DE AGUA 25L NEGRO C/JABONERA,1000,unidad,1
ROLLO CINTA BLANCA MARCA 3M,1000,unidad,1
ROLLO CINTA AMARILLA MARCA 3M,1000,unidad,1
ROLLO CINTA ROJA MARCA 3M,1000,unidad,1
"CHAPA 430 1,50 1250 X 2500 VY C1 A",1000,unidad,1
"BULON 3/4"" X 4 1/2"" USS G5",1000,unidad,1
BULON 3/4 X 9 1/2 10 G8,1000,unidad,1
BALLESTA,1000,unidad,1
"BOMBA DE VACIO , MODELO S-90 N` DE SERIE 9487",1000,unidad,1
"CH/LC CC 6,35 X 1500X7000 *",1000,unidad,1
"CH/LC CC 3,20X1500X6000",1000,unidad,1
"CH/LC CC 4,80X1500X6000",1000,unidad,1
PRENSADO DE TERMINAL HG 3/4 JIC PIM 3/8,1000,unidad,1
ALBAMIX 4590020 CONV FDO EPOX800,1000,unidad,1
ALBAMIX 4570100 ESM POLIURETANO NARANJA 03 X4L,1000,unidad,1
ALBAMIX 4570100 ESM POLIURETANO G LLANATA XL,1000,unidad,1
ALBAMIX 4570100 ESM POLIURETANO G CHSASIS XL,1000,unidad,1
ALBAMIX 4570100 ESM POLIURETANO NEGRO X4L,1000,unidad,1
ZEOCAR MASILLA POLIESTER X4K,1000,unidad,1
RAPIFIX 540 PAPEL 2` MM,1000,unidad,1
CERTIFICACION DE CISTERNA - ELGURL,1000,unidad,1
KGS DE CHAPA ACERO INOXIDABLE RAYADA,1000,unidad,1
"BUJE TENSOR 1"" X 47 X 78 MM 2046 302104",1000,unidad,1
"PERNO TENSOR 1"" X 17 MM 3935",1000,unidad,1
BALANCIN DE CHAPA MONT ELAST 75MM 199,1000,unidad,1
BUJE BAL 140MM CON TUERCA BAJA MONT,1000,unidad,1
PERNO BAL 140MM CON TUERCA BAJA MONT,1000,unidad,1
FARO BAIML 1037 REDONDO UNIVERSAL CON RETROREFLECTOR ROJO,1000,unidad,1
FARO BAIML 1037 REDONDO UNIVERSAL CON RETROREFLECTOR CRISTAL,1000,unidad,1
"FARO REDONDO ELECTR DIAM 4"" 27 LEDS ROJO -POS CRISRAL-GIRO-BIVOLTAJE",1000,unidad,1
FARO REDONDO ELECTRO DIAM 27 LEDS ROJO -POS CRISRAL -RETROCESO -BIVOLTAJE,1000,unidad,1
"FARO BAIML 301OE OVAL 6"" 25 LEDS AMBAR BIPOLAR BIVOLTAJE",1000,unidad,1
"FARO BAIML 301OE OVAL 6"" 25 LEDS ROJO BIPOLAR BIVOLTAJE",1000,unidad,1
"FARO BAIML 3030R 4 LEDS REDONDO 2"" 12/24V ROJO",1000,unidad,1
FARO BAIML 3020E OVAL 6` 25 LEDS AMBAR SECUENCIAL BIVOLTAJE,1000,unidad,1
DIREC 138 PARA 15` CON LIMIT.F.,1000,unidad,1
SUSP 386 16` C/L PL VINC LIMUP/ DOWN Y F L11,1000,unidad,1
SUSP 386 6` S/L PL VINC LIMUP/DOWN Y F L11,1000,unidad,1
CAJA NEUMATICA STF + REG 24 VCC,1000,unidad,1
FUELLE 20.2 337 -64552,1000,unidad,1
ALLEN TELLEP C/BOTON 10X40,1000,unidad,1
"TUERCA AUTOFRENANTE MA-MB BAJAS 10 P 1,50 X UNIDAD",1000,unidad,1
PELLA-6 23067 UNION DOBLE TUBO 6,1000,unidad,1
PELLA-22800 FRENO - CONEK - UNION TUBO 04,1000,unidad,1
CALCO VEL MAZ 80/90 REFLECT GRADO DIAM M,1000,unidad,1
2 PORTA LAMPARA LED 1P P/FARO TRASERO,1000,unidad,1
MG- GAM 1917A BULON PARANTE ROSCA CUADRADA 7/8 X,1000,unidad,1
FARO UNIVERSAL REDONDO BAIML 1037,1000,unidad,1
100MTS CABLE TIPO TALLER 5X1 MM,1000,unidad,1
100MTS CABLE TIPO TALLER 7X1MM,1000,unidad,1
BUJE BAL POLIPROPENO CORTO MONT 85MM,1000,unidad,1
PERNO BAL 200MM CON TUERCA ALTA MONT,1000,unidad,1
TETON REPARACION 90X58X3/4 MANOTA DE CHAPA MONT,1000,unidad,1
FARO RED ELECT ROJO BIPOLAR BAIMIL 3000E 39 LED,1000,unidad,1
PALA ANCHA MOISES PLASTICO,1000,unidad,1
BUJE TENSOR SALTO 7/8` X 47X93\,1000,unidad,1
PERNO BALANCIN SALTO PISTA 201MM,1000,unidad,1
TUERCA P/PERNO DE BALANCIN,1000,unidad,1
LUMINARIA UFO 100 INTERELC,1000,unidad,1
CA;O SICA DE 20` PVC,1000,unidad,1
TUBO LED 48W ALIC,1000,unidad,1
"LISTON LED 2,40",1000,unidad,1
RODILLO SIMIL LANA,1000,unidad,1
ESPATULA CHAYTO,1000,unidad,1
CINTA ENMASCARAR MM,1000,unidad,1
KIT EBS 4S3M SEMI HA GEN3,1000,unidad,1
SOV CABLE VERDE 5MTS,1000,unidad,1
SENSOR ABS 90` MT + CLIP,1000,unidad,1
KIT CONEX TRCM EBS SUSP NEU,1000,unidad,1
KIT VALV NIVELADORA COMPLETA,1000,unidad,1
KIT DE CONEXIONES NIVEL SUSP,1000,unidad,1
KIT LEVANTA EJES,1000,unidad,1
VALVULA2/2 VIAS BLOQUE 3` EJE,1000,unidad,1
KIT PARA 2/2 V PREMIUM,1000,unidad,1
KIT EBS PARA EJE 21,1000,unidad,1
"COLAS + VALVE, PUERTO 8MM",1000,unidad,1
CABLE ILAS BAYONETA 5MTS,1000,unidad,1
PULMON DE DELANTERO 30` MM R6,1000,unidad,1
KIT DE CONEXIONES P/FUELLES DE SUSP,1000,unidad,1
KIT CONEXIONES PULMON X EJE,1000,unidad,1
TANQUE AIRE 115L C/SOPORTE,1000,unidad,1
KIT A/A U-TBA D EUROBRAKE,1000,unidad,1
AJUST AUTOM U-TBA 28D,1000,unidad,1
PUNTO FIJO U-TAB IZQ,1000,unidad,1
TUBO POLIAMIDA 12X9 NEGRO,1000,unidad,1
TUBO POLIAMIDA 16X12 NEGRO,1000,unidad,1
TUBO POLIAMIDA 8X6 NEGRO,1000,unidad,1
KIT U-ABS 4S2M,1000,unidad,1
MODULADOR U-ABS 4S-2M,1000,unidad,1
KIT CONEX MODULADORA ABS 3T,1000,unidad,1
KIT CONEX DESC RAP 2 VIA FORD,1000,unidad,1
PICOS M6,1000,unidad,1
TOBERAS 250MB,1000,unidad,1
TUGSTENOS 2.4,1000,unidad,1
ENVASE X 4 -24-,1000,unidad,1
S.W BARNIZ 7501 ALT. CONS 1K X 3600,1000,unidad,1
DILUYENTE 600/MASTER X18,1000,unidad,1
ALBERTI -CAT . SI900098732658-HP,1000,unidad,1
AVELLANEDA -CAT. SI900098732658-HN,1000,unidad,1
DELLPIANE 2-CAT.2 SI900065540529-HN,1000,unidad,1
DELLPIANE 2-CAT.2 SI900065540529-HP,1000,unidad,1
DELLPIANE 2-CAT.2 SI900098732658-HP,1000,unidad,1
DELLPIANE 1-CAT.2 SI900098732658-HP,1000,unidad,1
AJUSTE CONTRIBUCION ESPECIAL FERROVIARIA,1000,unidad,1
CORREAS BX-36,1000,unidad,1
1207K URB,1000,unidad,1
307 MANGUITO,1000,unidad,1
BOMBA PRESURIZADA,1000,unidad,1
LAMPARA DE 13,1000,unidad,1
DLEXIBLES 3/4 X 35,1000,unidad,1
CUPLA DE 3/4,1000,unidad,1
UNION DOBLE 3/4,1000,unidad,1
NIPLE 3/4 6CM,1000,unidad,1
TORNILLOS 6X 1/2,1000,unidad,1
ESMALTE A POLIU MARFIL 0100 X03,1000,unidad,1
TF F6 66-A NEUM MULT C/PL,1000,unidad,1
TF ESO 66A NEUM MULT C/PL VW DELIVERY,1000,unidad,1
ESPARRAGOS 3/4 X 450 C/TUERCAS,1000,unidad,1
ACEITE 80W90,1000,unidad,1
CORREA EVER WEAR B-61,1000,unidad,1
DPI 58557-A/24,1000,unidad,1
TOMA MACHO POLOS PLASTIC,1000,unidad,1
"CA EST RED 1.1/4X2,5",1000,unidad,1
TUBOS USO MECANICO 11/4,1000,unidad,1
CONJUNTO PERNO REY 2` JOST,1000,unidad,1
TENSOR REGULABLE 400/500 ALT NC,1000,unidad,1
PLAQUETA INFERIOR ELASTICO DE CHAPA -BANANITA ALT NAC,1000,unidad,1
PLAQUETA INFERIOR ELASTICO DE FUNDICION -BANANITA ALT NAC,1000,unidad,1
PLAQUETA SUPERIOR ELASTICO 75MM DE FUNDIC-MEDIA CANA ALT NAC,1000,unidad,1
BULON PARLANTE ROSCA CUADRADA 7/8 X 2,1000,unidad,1
PORTA LAMPARA LED 2P POSICION -STOP,1000,unidad,1
ESMALTE A POLIU ROJO LONGCHAMPS 0100 X03,1000,unidad,1
ESMALTE A POLIU NEGRO SAT 0100 X03,1000,unidad,1
PLUS EMALTE GRIS HIELO X 1 ELIM,1000,unidad,1
PLUS PU ANTIGRAFITTI TRANSP X1,1000,unidad,1
SERVICIO DE COLORIMETRIA,1000,unidad,1
ALBALUX AMARILLO,1000,unidad,1
RODILLO MINI POLIESTER,1000,unidad,1
MANGUITO,1000,unidad,1
DPI /,1000,unidad,1
O`RING,1000,unidad,1
SILOC SP TRANS X 280G,1000,unidad,1
CARROCERIAS X 210G,1000,unidad,1
CIANO CM1 X 20G,1000,unidad,1
22209 EKC 3W33,1000,unidad,1
IMO CLASE 3,1000,unidad,1
"BULON PULIDO UNC GALV AZUL 5/16X1""",1000,unidad,1
TUERCA AUTOFRENANTE 5/16| GALV AZUL,1000,unidad,1
"BULON GRADO5 UNC DORADO 3/8X1 1/2""",1000,unidad,1
"TUERCA AUTOFRENANTE 3/8"" GALV AZUL",1000,unidad,1
"ARANDELA PLANA H` GALV AZUL 3/8""",1000,unidad,1
CORREA EVER WEAR B-069,1000,unidad,1
CORREA EVER WEAR B-092,1000,unidad,1
CORREA EVER WEAR B-040,1000,unidad,1
BOTIN COBALTO,1000,unidad,1
CONEX ACERO AJUSTE C/GUIA TU 1/2 X1/4M,1000,unidad,1
ANTIADHERENTE EN PASTA,1000,unidad,1
TORCHA TIG REPARADA,1000,unidad,1
TORCHA MIG REPARADA,1000,unidad,1
SIRGA METALICAS 5 MTS,1000,unidad,1
TF FS 6306 -A NEUM.MULT C/PL,1000,unidad,1
TF MB G NEUM.MULT C/PL,1000,unidad,1
EJE PROLONGADOR MB G221 C/PLAC 221MM,1000,unidad,1
TF DOBLE ZF 16S-1650 NEUM MULT,1000,unidad,1
TAPON ACERO 1/8NPT,1000,unidad,1
TAPON ACERO 1/4 NPT,1000,unidad,1
CUPLA ACERO 1/4 }X10,1000,unidad,1
BUJE DE REDUCCION ACERO M-H 3/4 X1/4,1000,unidad,1
BUJE DE REDUCCION ACERO M-H 1/2 X 3/8,1000,unidad,1
"BUJE DE REDUCCION ACERO ,M-H 3/8 X1/4",1000,unidad,1
BUJE DE REDUCCION ACERO M-H 1/4 X 1/8,1000,unidad,1
UNION DOBLE RECTA PLASTICA 12MM,1000,unidad,1
CONECTOR RECTO PLASTICO 6MM X 1/4M,1000,unidad,1
CODO 90` PLASTICO 6X1/4,1000,unidad,1
RACORD ACERO MANG 3/8 X 1/4M}X10,1000,unidad,1
UNION DOBLE ACERO MANG 3/8,1000,unidad,1
ACOPLE RAP 1/4 X /4H ACERO,1000,unidad,1
PERNO ENCHUFE 1/4 X 3/8 MANG ACERO,1000,unidad,1
ALEMITES RECTOS 1/8 GAS,1000,unidad,1
ALEMITES RECTOS 1/4 GAS,1000,unidad,1
ALEMITES CODO 45 1/8 GAS,1000,unidad,1
ALEMITES CODO 45 1/4 GAS,1000,unidad,1
ALEMITES RECTOS 6X 1MM,1000,unidad,1
BOBINA 24 V .DC,1000,unidad,1
CABLE 1X1.5MM,1000,unidad,1
CABLE 1X2.5MM,1000,unidad,1
JUEGO DE AROS Y JUNTAS PARA COMPRESOR 50L,1000,unidad,1
REDONDEO,1000,unidad,1
"ACOPLE PORTA PICO MANGUERA 1""",1000,unidad,1
O'RING,1000,unidad,1
"C R LARGO 90`SCH 40 3""",1000,unidad,1
PORTE FAROL VIRAJE AMPLIO,1000,unidad,1
PICO DE WIDIA DE ARENADORA MARSIGLIONE DE 5 MM,1000,unidad,1
PICO DE WIDIA DE ARENAD MARSIGLIONE DE 6 MM,1000,unidad,1
BOMBA DE VACIO MODELO S-90 MARCA REGISTRADA MINTMASPRES N` DE SERIE 9491,1000,unidad,1
PC/INTERFACE-EB+SB M/V,1000,unidad,1
CABLE MALETA GEN .3,1000,unidad,1
"CA EST RED 1X1 , 6",1000,unidad,1
"CA EST RECT 100 X 20 X1 ,6",1000,unidad,1
PLANCHUELAS 5X1 /4,1000,unidad,1
TF MB G330 NEUM MULT C/PL EJE 450,1000,unidad,1
EJE PROLONGADOR MB G330 C/PLACNEW 2019 (207MM),1000,unidad,1
ALBAMIX 4570111 ESM PUBLANCO A X 4L,1000,unidad,1
INTERTUF 262 NEGRO A X20L,1000,unidad,1
INTERTUF 262 PARTE B X 4L,1000,unidad,1
MM DPI 55811-G/23,1000,unidad,1
NN IC04196040R,1000,unidad,1
"DISCOPARADESBASTEXPERTOOLS 178X6 4X22 , 2 -A46-BF",1000,unidad,1
"DISCODECORTEXPERTTOOLS 178X1 , 6X22 , 2-A46-BF",1000,unidad,1
HOJA AL AGUA WA 70 080,1000,unidad,1
NETCOLOR FTS VERDE FORESTA X 01,1000,unidad,1
FRATACHO LIJADOR MEDIANO,1000,unidad,1
REGULADOR C/MANGUERA 1.5,1000,unidad,1
MECHA 6 NEIKE,1000,unidad,1
TACOS PH 6,1000,unidad,1
DURLOCK 8 X 1 14,1000,unidad,1
UN 90/3082 REFLECTIVO,1000,unidad,1
UN 90/3077 REFLECTIVO,1000,unidad,1
CLASE 3 REFLECTIVO,1000,unidad,1
CLASE 9 REFLECTIVO,1000,unidad,1
CIRCULO 80,1000,unidad,1
NUMEROS 0 AL 9,1000,unidad,1
VIRUTA FINA X 0 330,1000,unidad,1
REPARACION DE CILINDRO,1000,unidad,1
ALAMBRE MIG 70S6 DE 1.20 MM KG MARCA RMB COL MK24L1010,1000,unidad,1
O'RING 219,1000,unidad,1
O'RING 222,1000,unidad,1
"CANO NL1' (33,7)",1000,unidad,1
"ADAP 1.1/16 JIC X 1""",1000,unidad,1
YUMA 793/0,1000,unidad,1
CINTA DOBLE FAZ,1000,unidad,1
FALON 0.40 X 1.90,1000,unidad,1
102 ILUMINA PATENTES,1000,unidad,1
ESMALTE A POLIU AMARILLO,1000,unidad,1
TAPON [ACERP 1/4 NPT,1000,unidad,1
TOBERAS 250 MIG,1000,unidad,1
PAR GUANTE DESCARNE MOD AMERICANO PRIMER LARG,1000,unidad,1
BARBIJO 3 CAPAS X 50 UNID LIBUS,1000,unidad,1
CORREAS B-57 OPTIBELT,1000,unidad,1
PLANCHUELAS 3X1 /4,1000,unidad,1
ARRANCA MOTORES,1000,unidad,1
"BARRERO WEBER 64 X 47,5",1000,unidad,1
BAJO PARAGOLPE WEBER 200 X 38,1000,unidad,1
BOMB3,1000,unidad,1
GRASA RULEMAN,1000,unidad,1
"CHAPA 430 1,50 1250 X 2500 VY C1A",1000,unidad,1
UPN X 6MTS 80,1000,unidad,1
ALARGUE ROSCA GAS 1/4 X1/4X3,1000,unidad,1
ALBAMIX 4570111 ESM PU BLANCO A X 4L,1000,unidad,1
ALBAMIX 4570100 ESM PU AZUL X4L,1000,unidad,1
ALBAMIX 4570100 ESM PU NEGRO X4L,1000,unidad,1
ALBAMIX 4570100 ESM PU BERMELLON X4L,1000,unidad,1
ALBAMIX 4590020 CONV FDO EPO X800,1000,unidad,1
ESMALTE A POLIU NARANJA AGUILA 0100 X 03,1000,unidad,1
BUL EXAGONAL A8 8 Z PF 20 150,1000,unidad,1
TUER AUTOF BA ACER TOZA 20 150,1000,unidad,1
"CASQUETE TORIESFERICO 2000 6,3",1000,unidad,1
TOPROL,1000,unidad,1
PERNO SUSP NEUM 0 30 X 210 MM ROSCA 1¨ 1/8,1000,unidad,1
TUERCA AUTOF 1¨ 1/8 P/PERNO S /NEUM TORMECAN 3011,1000,unidad,1
BUJE SUSP NEUM 30X68 X 104 3362,1000,unidad,1
BOLSAS CEMENTO DE ALBANILERIA 40KG,1000,unidad,1
HIERRO ALETADO 12MM,1000,unidad,1
"CUÑAS 3Ẍ2 CM/12CM X 4 ,80 GUAYUBIRA",1000,unidad,1
GLASURIT COLOR 22 MUESTRA X 01,1000,unidad,1
GLASURIT COLOR ROJO MUEST 22 X LT,1000,unidad,1
GLASURIT CAT RAP 0028 X 01,1000,unidad,1
"SW ENDURECEDOR PARA PRIMER HS X 0,900",1000,unidad,1
LAMINAS MASILLAR DURAS 12X18,1000,unidad,1
ESPATULA ENDUIR X 10,1000,unidad,1
AISI 430 PVC DE 1.5 X 1250 X 2000,1000,unidad,1
CINTA PAPEL MULTIUSO 18X40,1000,unidad,1
HOJAS LIJA AL AGUAN 80,1000,unidad,1
"ALBALATEX MATE OSCURA TORMENTA BASE F-8,7L",1000,unidad,1
FRATACHO LIJADOR GRUESO,1000,unidad,1
PINCEL PG S2024 V 1 Nº15,1000,unidad,1
BULON G5 HEX USS5/8X3/,1000,unidad,1
TUERCA AUTOFRENANTE 5/8 USS,1000,unidad,1
MANG 3/4 R2 X 2500MM HG 1.5/16 JIC X MF 3/4 NPT,1000,unidad,1
MANGERA,1000,unidad,1
JUEGO DE ACOPLE RAPIDO M X H,1000,unidad,1
PERNO REY SOLO 2¨,1000,unidad,1
PLATOS AGUJEROS,1000,unidad,1
CANO NEGRO BISELADO 1X2 .90MM,1000,unidad,1
LAMPARA LED W ALIC,1000,unidad,1
FICHA KALOP X6+T,1000,unidad,1
TERMINAL DE COBRE HEMBRA LCT DJ436,1000,unidad,1
PUNTERA ROTULADA,1000,unidad,1
PERNO TENSOR 3/4 X 6¨1/2 HELV /165MM /3950,1000,unidad,1
TUERCA AUTOF 3/4 SAE 2991,1000,unidad,1
BLUE PRESS 19MM RIEGO REF 5BAR AZUL,1000,unidad,1
CORREA EVER WEAR B-066,1000,unidad,1
CORREA EVER WEAR B-078,1000,unidad,1
ABRAZADERA TIPO AMERICANA 90/105 ART 3009,1000,unidad,1
85 MTS CABLE TIPO TALLER 2X2 5MM,1000,unidad,1
3BOLSA DE PRECINTOS SYBYD ALT5 NEGRO,1000,unidad,1
3 BOLSA DE PRECINTOS SYBYD ALT 3,1000,unidad,1
REM REPAR AL 4.8X5,1000,unidad,1
FARO RR 650 ELECTRONICO 6 LED C/ REFLECTOR,1000,unidad,1
SOPORTE DE SALIDA ANGULO,1000,unidad,1
TUERCA FIJACION TUBO 5/16 ',1000,unidad,1
TAPON DE NIPLE PLASTICO 5/16,1000,unidad,1
SELLADOR H 25 CC SALADILLO,1000,unidad,1
FARO 660 CRISTAL,1000,unidad,1
FARO 650 VERDE,1000,unidad,1
FARO 650 ROJOS,1000,unidad,1
BOMBA DE VACIO MODELO S-90 MARCA REGISTRADA MINYMASPRES,1000,unidad,1
MANOTA CENTRAL TIPO HUTCH /PINCEN MCHR 7920,1000,unidad,1
PERNO TENSOR 7/8 X 6 ¨1/2 MONT /165MM 3962,1000,unidad,1
TETON REPARACION TENSOR 3/4 -7/8- 1¨ESP 9MM,1000,unidad,1
BALANCIN MANOTA DE CHAPA EMBUJADO MONT 206 2- 021,1000,unidad,1
PERNO BAL 140 MM CON TUERCA ALTA MONT,1000,unidad,1
FARO RECTANGULAR BAIML 607,1000,unidad,1
FARO UNIVERSAL OVAL BAIMIL 1035,1000,unidad,1
"VIGUETAS/4,00MT",1000,unidad,1
110100R 1/2¨NPT-76 CM/HG,1000,unidad,1
EJE PROLONGADOR MB G330 C/PLAC NEW2019 207MM,1000,unidad,1
TAPA DE CAJA TREN RETRACTIL JOST,1000,unidad,1
EJE DE TRANSMISION C /ESFERAS Y RESORTE 27/7 DIENTES,1000,unidad,1
BUJE PLASTICO CAJA TRANS JOST 11,1000,unidad,1
BUJE PLASTICO EJE TRANS JOST 14,1000,unidad,1
TORNILLO 6X1X15 TAPA CAJA TREN RETRAC JOST,1000,unidad,1
TF ESRO 6306 NEUM MULT C/PL IVECO 110-190,1000,unidad,1
GRAPODINA TREN RETR 19X63X30 JOST,1000,unidad,1
ESPINA ELASTICA,1000,unidad,1
"CAÑO COBRE 3/8 ESPESO ,80",1000,unidad,1
TUBO POLIAMIDA 6 6X4 100MTS,1000,unidad,1
BUJE REDUCCION M 3/8 1/4,1000,unidad,1
CHAPA 6.35 X1500 X 7000,1000,unidad,1
CHAPA 9.50 X 1500 X 300 MAT PROCESADO,1000,unidad,1
ANGULOS 1.1/4X3/16,1000,unidad,1
PLANCHUELA 1.1/4X3/16 PUNZ P/CUADRADO 1/2,1000,unidad,1
PLANCHUELA 1.1/4X3/ 16,1000,unidad,1
CORREA EVER WEAR AV 13-1070,1000,unidad,1
CORREA EVER WEAR B-075,1000,unidad,1
"1/2 SOMBRA AL 80% VERDE ANCHO 4,20 MTS FERRETERA",1000,unidad,1
GANCHO MEDIA SOMBRA PVC,1000,unidad,1
DISCO DE CORTE SECUR EXTRA 350X3,1000,unidad,1
DISCO PARA DESBASTESE CUREXTRA 178X7,1000,unidad,1
FLAPSTANDARD28N115ZA-80,1000,unidad,1
"BROCA HSS DIN 338 TW 104 X 5,25MM",1000,unidad,1
"BROCA HSS DIN 338 TW 104 X 15,00MM",1000,unidad,1
VARILLA ROSCADA ZINC SAE1010 1/2 12H,1000,unidad,1
VARILLA ROSCADA ZINC SAE1010 3/4,1000,unidad,1
TUBO 1/2¨HEXAGONAL ALTO IMPACTO 16MM TRAMONTINA,1000,unidad,1
JUEGO DE 2 MANOTAS CENTRALES 75MM P/ACOPLADOS AR COMP,1000,unidad,1
VALV ESF BRONCE PASO TOTAL 3¨,1000,unidad,1
VALV ESF PT BRONCE CROMADO PTFE 1¨,1000,unidad,1
VALV ESF PT BRONCE CROMADO PTFE 1/2,1000,unidad,1
LATEX ANTIHONGO BAÑOS/COCINAS X04,1000,unidad,1
DURALBA EXTETIORES BCO X 04,1000,unidad,1
PINCEL L BRUSHS S 319 Nº20,1000,unidad,1
PINCEL L BRUSHS S 319 Nº15,1000,unidad,1
MINI RODILLO EPOXI 11,1000,unidad,1
DUR LADRILLO SAT CON PEL CERAM X 04,1000,unidad,1
HYDRARRAS X 01,1000,unidad,1
CETOL B/CAOBA X 04,1000,unidad,1
TF MG G3/60 NEUM MULT C/PLATO,1000,unidad,1
SOPORTE TF 1114 DOBLE CARD CT 1314 CO CT,1000,unidad,1
"1,60 X1220X2440 CH/LF CC",1000,unidad,1
"2,00X124X2440 CH /LC CC",1000,unidad,1
"6,35X1500X700 CH/LC CC",1000,unidad,1
TF ZF 16S-1585 TD NEUM M C/PL,1000,unidad,1
VARIOS CORTES CUADRA,1000,unidad,1
VARILLAS ROSCADAS NATURAL 3/4,1000,unidad,1
ZEOCAR MASILLA FORMULA POL X4,1000,unidad,1
6202-2RS1 SKF IND ARG,1000,unidad,1
GH 5 STEYR 114890-D/97,1000,unidad,1
UCP 206 BLP 200988-Z/20,1000,unidad,1
C.R.LARGP 90º SCH 2¨,1000,unidad,1
TETON REPARACION TENSOR 3/4 - 7/8 - 1¨ESP 9MM,1000,unidad,1
NIPLE 1¨X 200 AISI 304,1000,unidad,1
ESMALTE A POLIU NARANJA 2002 0100 X 03,1000,unidad,1
ESMALTE A POLIU NARANJA 03.0100 X 03,1000,unidad,1
PISOS ALBA AZUL X 20,1000,unidad,1
THERMOCONTROL POLIU BCO X 10 KG,1000,unidad,1
MESA PLATO CORRUGADA 60 ALT,1000,unidad,1
PORTAPICOS 250,1000,unidad,1
TORCHAS 501 REPARADAS,1000,unidad,1
EQUIPO GALAGAR MIG 4007 REPARACION DE MASA CON PINZA NUEVA,1000,unidad,1
BUJE RED GALV 3/8 X 1/4 DEMA,1000,unidad,1
NIPLE GALV 1/2 X 15CM,1000,unidad,1
NIPLE GALV 1¨X 15CM,1000,unidad,1
NIPLE GALV 2¨X 5 CM,1000,unidad,1
NIPLE GALV 3/4 X 25CM,1000,unidad,1
NIPLE GALV 1 1/4 X 25 CM,1000,unidad,1
ROSCA C/T GALV 1/2 DEMA,1000,unidad,1
BUJE RED GALV 1 1/4 X 1 DEMA,1000,unidad,1
BUJE RED GALV 1¨X 3/4 DEMA,1000,unidad,1
BUJE RED GALV 1¨1/2 X 1/2 DEMA,1000,unidad,1
CODO GALV 1 1/2 90º MG DEMA,1000,unidad,1
CODO GALV 1/4 90º HH DEMA,1000,unidad,1
CODO GALV 3/4 90º HH DEMA,1000,unidad,1
"CA EST RED 5/8X1,24",1000,unidad,1
CA EST RECT 80X40X2,1000,unidad,1
"CA EST CUAD 30X30X1,6",1000,unidad,1
RUEDA RULEMAN REFORZADAS 125MM,1000,unidad,1
ANGULOS 1X3/16,1000,unidad,1
ACOPLE DNM 2¨ALUMINIO,1000,unidad,1
ACOPLE DTH ¨ALUMINIO,1000,unidad,1
PISOS ALBA GRIS CENIZA X 04,1000,unidad,1
MECHA WIDIA 6MM 731129,1000,unidad,1
TARUGO ESTANDAR DEL 8 CO8 X100,1000,unidad,1
TORNILLO FIX 5X40,1000,unidad,1
ESMALTE A POLIU NEGRO SAT 0100,1000,unidad,1
SATINOL 2 EN 1 NEGRO X 04,1000,unidad,1
CODO 1 LADO AJISTE 1 LADO GAS 5/8 X3/8,1000,unidad,1
TUERCA AJUSTE CONICA 5/8 PASO FINO,1000,unidad,1
MACHO /HBRA 22MM X 3/8 GAS INT,1000,unidad,1
CODO DE AJUSTE 5/8,1000,unidad,1
"CHAPA 430 1,50 1250 X 2000 VY C1 A",1000,unidad,1
CODO GALV 1/4 90º MH DEMA,1000,unidad,1
CODO GALV 3/9 90 º MH DEMA,1000,unidad,1
CODO 1¨90º MH DEMA,1000,unidad,1
CODO GALV 2¨90º MG DEMA,1000,unidad,1
CUPLA C/B GALV 3/8 DEMA,1000,unidad,1
CUPLA C /B GALV 3¨DEMA,1000,unidad,1
TAPA GALV 1/2 H DEMA,1000,unidad,1
TAPA GALV 1 1/4 H DEMA,1000,unidad,1
NIPLE GALV 1/4 X 5 CM,1000,unidad,1
REFLECTOR LED 50W ALIC,1000,unidad,1
FOTOCONTROL MOD VCF -05,1000,unidad,1
LAMPARA 25W COLOR ROJO,1000,unidad,1
LAMPARA HALOGENA 300W,1000,unidad,1
JUEGOS DE PATAS DE APOYO B200 CORTA JOST,1000,unidad,1
CONJUNTO PERNO REY 2¨ JOST,1000,unidad,1
PERNO REY SOLO 2¨ JOST,1000,unidad,1
HIERRO ALETADO 8MM,1000,unidad,1
CLAVOS PUNTA PARIS 2,1000,unidad,1
VLAVOS PUNTA PARIS 2 1/2,1000,unidad,1
ALAMBRE DE FARDO / POR KG,1000,unidad,1
CAÑO CON DOS TELAS 90MM,1000,unidad,1
CAÑO CON DOS TELAS 76MM,1000,unidad,1
CAÑO CON DOS TELAS 60MM,1000,unidad,1
TRICOFLEX AL ALIMENTARIO ASP/EXP 1´ 1 /4,1000,unidad,1
ABRAZADERA TIPO AMERICANA 30/40 ART 300/.5,1000,unidad,1
PERNO BAL 200MM CON TUERCA ALT MONT,1000,unidad,1
BUJE BALANCIN MONT 206 5096 CIABAT,1000,unidad,1
VALVULA A BOTON 5 VIAS 1/4 VE-30397,1000,unidad,1
BULON G 5 HEX USS 5/8X3,1000,unidad,1
TUERCA AUTOFRENANTE 5/8 11USS,1000,unidad,1
VALVULAS BOTON 5 VIAS X 1/4,1000,unidad,1
PLATO PORTACRUCETA N4576 DOBLE AGUJ CT726,1000,unidad,1
PLATO P/ORDEN DE TF N 1310 GRANDE 1160-974-OTRO,1000,unidad,1
BULON G 5 HEX WHIT 12 1/2X7,1000,unidad,1
TUERCA AUTOFRENANTE 1/2 12WITH,1000,unidad,1
ZEOCAR MASILLA FINISH X 04,1000,unidad,1
"VIRUTA MEDIANA X 0,330",1000,unidad,1
"VIRUTA FINA X 0,330",1000,unidad,1
PIEDRA PARTIDA C /BOLSON 1TN,1000,unidad,1
CALCO PRECAUCION Y MANTENIMIENTO SEMIRREMOLQUES OKM NO CIRCULAR OPERE EQUIPO A 750 RPM,1000,unidad,1
CALCO PARA CARTEL DE EQUINA DE CALLE QUINTA,1000,unidad,1
RODILLO TEFLON SIMPLES,1000,unidad,1
CA EST RECT 50X30X2,1000,unidad,1
"CAMACHO CON BASE 2""1/2",1000,unidad,1
"HEMBRA ROSCA MACHO ATMOSFERICO 2""1/2",1000,unidad,1
"TAPA MANIJA BRONCE 2""1/2",1000,unidad,1
HOJA LIJA AL AGUA 80,1000,unidad,1
RESORTE SOSTEN MANGUERA LARGO P/ SEMA RR372G,1000,unidad,1
PLANCHUELA 1.1/4X3/16 PUNZ,1000,unidad,1
VARIOS CORTE TE,1000,unidad,1
EJE PROLONGADOR MB G330 C/PLACNEW 2019,1000,unidad,1
AUTOPOLISH COLORIN X 0450,1000,unidad,1
FARECLA G3 WAX /EX CERA WAX TOP X0.500,1000,unidad,1
SELLADOR PARA CORRECTORES X 0200,1000,unidad,1
RET. 6302LX DBH IND.ARG.,1000,unidad,1
SN- 507 SOPORTE 42130-Y/16,1000,unidad,1
H- 307 MANGUITO 230100104153189,1000,unidad,1
22207 EK SKF 89447-B/05,1000,unidad,1
BAJADAS COMPLETAS CON CURVAS DE ALUMINIO Y TAPA CROMADA,1000,unidad,1
MTS DE TUBO POLIAMIDA 1/4,1000,unidad,1
MTS DE TUBO HYTRELL 5/16,1000,unidad,1
ACOPLES DE CARROCERIA,1000,unidad,1
SELLA CARROCERIA X 310,1000,unidad,1
ABRAZADERA 60-80,1000,unidad,1
ABRAZADERA 80-100,1000,unidad,1
ESMALTE A. POLIU. NEGRO SATINADO. 0100 X 03,1000,unidad,1
BOLSA CEMENTO 50 KG AVELLANEDA,1000,unidad,1
FONDO EPOXI GRIS ANTI.8007 X 04,1000,unidad,1
ESMALTE A. POLIU.NEGRO SAT 0100 X 04,1000,unidad,1
LLAVES ESFERICAS 2 IMPORTADAS,1000,unidad,1
"ARANDELA ATMOSFERICO 2""1/2",1000,unidad,1
"ARANDELA ATMOSFERICO 3""",1000,unidad,1
"ARANDELA ATMOSFERICO 4""",1000,unidad,1
"TUERCA EXAGONAL LIVIANA UNC GALV.AZUL 5/16""",1000,unidad,1
"KGR DE ARANDELA PLANA Hº GALV.AZUL 5/16""",1000,unidad,1
"TUERCA EXAGONAL LIVIANA UNC NATURAL 3/4""",1000,unidad,1
"MANDRIL DE 13 MM 1/2""X 20UNF (1,5 A 13MM)",1000,unidad,1
BULON G2 ZN HEX 5/16X1/,1000,unidad,1
"MACHO ROSCA MACHO A.RAP.ALUMINIO 3""",1000,unidad,1
"TAPA A.RAP.ALUMINIO 4""",1000,unidad,1
"HEMBRA ROSCA MACHO A.RAP.ALUMINIO 4""",1000,unidad,1
DIFERENCIA CAMBIO DE PIEZAS,1000,unidad,1
"JUNTA GIRAT 1/2"" 90º M/H INOX 2000 PSI",1000,unidad,1
SK-511 AL 2 TAPA,1000,unidad,1
SK-513 AL 3CON ROSCA DE 4,1000,unidad,1
U CHICO 50X25X5,1000,unidad,1
CA. EST. RECT. 80X40X2,1000,unidad,1
CERRADURAS TRABEX 2.104 TRABEX 2104 PP,1000,unidad,1
RUEDA RULEMAN REFORZADAS 125 MM.,1000,unidad,1
ARTEFACTO C/BRAZO TIPO PERA ART.40625,1000,unidad,1
FOTOCONTROL MOD.VCF-05,1000,unidad,1
CAÑO PARA ALUMBRADO DE 50,1000,unidad,1
CAJA TABLEPLAST 1002CH,1000,unidad,1
TOMA 10 AMP EXULT,1000,unidad,1
REFLECTOR LED 50W RICHI,1000,unidad,1
LAMPARA LED 48W ALIC E27,1000,unidad,1
PANTALLA DE ALUMINIO DIAMETRO 40 TEA,1000,unidad,1
GANCHOS DE ALUMINIO Nº41,1000,unidad,1
PORTALAMPARA DE PORCELANA EDISON,1000,unidad,1
FICHA KALOP 2X16 CON TIERRA,1000,unidad,1
BOLSA DE PRECINTOS SYBYD ALT3 NEGROS,1000,unidad,1
LLAVE 1 PUNTO EXT EXULT,1000,unidad,1
MODULO DE COMBINACION EXULT,1000,unidad,1
MODULO DE TOMA EXULTT,1000,unidad,1
BASTIDOR 3 MODULOS EXULTT,1000,unidad,1
TAPA CIEGO RECTANGULAR EXULTT,1000,unidad,1
CAJA RECTANGULAR PLASTICA RICHI,1000,unidad,1
"MTS. CABLE 1X2,5MM",1000,unidad,1
"MTS. CABLE 1X1,5MM",1000,unidad,1
MTS CABLE T.T TALLER 2 X1.5,1000,unidad,1
RET. 9315LX DBH IND.ARG.,1000,unidad,1
RET. 5805MX DBH IND.ARG,1000,unidad,1
2- 133 O'RING IND. ARG.,1000,unidad,1
TF FS 4205-A NEUM.MULT. C/PL,1000,unidad,1
VALV MARIPOSA WAFER Ø 80 PAL,1000,unidad,1
TF EA11109LA NEUM.MULT.LA C/PLFORD 1729 AUTOM 2016,1000,unidad,1
AGROTILENO 3X200 NEGRO,1000,unidad,1
CORREA EVER WEAR A-050,1000,unidad,1
RUEDA FIJA 80MM. ART.4116,1000,unidad,1
RUEDA POLIP. GIRAT 80X30MM ART 4106 CON FRENO,1000,unidad,1
CAMISA OMBU AZULINO/BEIGE. 38/48,1000,unidad,1
PANTALON OMBU AZULINO.BEIGE.BLANCO. 38/60,1000,unidad,1
CORREA EVER WEAR B-051,1000,unidad,1
SINTETICA 1 TELA 2MM. GU,1000,unidad,1
SINTETICA 1 TELA 6MM.GU,1000,unidad,1
COPA DIAMANTADA 10MM (IC04244582V),1000,unidad,1
FIX TORNILLO P/ MADERA 4 X 30,1000,unidad,1
TARUGO NT 10,1000,unidad,1
TIRAFONDO HEXAG ZN BLANCO 3/16X1.1/2,1000,unidad,1
TIRAFONDO HEXAG ZN BLANCO 1/4X2/,1000,unidad,1
LAMPARA LED 48W E427 ALIC,1000,unidad,1
ADAPTADOR TBC DE EDISON A GOLIATH,1000,unidad,1
MTS. CABLE TIPO TALLER 2X1 MM,1000,unidad,1
"MTS. CABLE TIPO TALLER 2X2,5MM",1000,unidad,1
CUAD A4 ESP TF 84HJ AVON,1000,unidad,1
PH LASER 35 / 36 / 78 / 85A FULL,1000,unidad,1
VBOLIGRAFO OPACO,1000,unidad,1
CORRECTOR LAPIZ,1000,unidad,1
TIJERA 23CM,1000,unidad,1
CARP A4,1000,unidad,1
BROCHES A0X1000MT,1000,unidad,1
TANQUE BALL POINT AZUL,1000,unidad,1
PERFO METAL P/20HJS,1000,unidad,1
"BULON PULIDO UNC GALV.AZUL 5/16X3""",1000,unidad,1
TUERCA AUTOFRENANTE 5/8,1000,unidad,1
ANGULO 7/8X1/8,1000,unidad,1
ANGULO 1.1/4X3/16,1000,unidad,1
CARBONICO AZUL X50H COXI COXI,1000,unidad,1
VALV MARIPOSA WAFER Ø 65 PAL,1000,unidad,1
"11Ø100 R 1/2""NPT -76 CM/HG",1000,unidad,1
"C.R.LARGO 90º SCH 40 2""",1000,unidad,1
ACTUADOR 90 D.63 2E F05/F07,1000,unidad,1
ADAPTADOR 14*11*16,1000,unidad,1
CODO AJUSTE 90 TUBO 8 X 1/4M,1000,unidad,1
CONEC. RECTO AJUSTE TU 8 X 1/4M,1000,unidad,1
CODO AJUSTE 90 TUBO 3/8 X 1/4M,1000,unidad,1
CONEC. RECTO AJUSTE TU 3/8 X 1/4M,1000,unidad,1
TUERCA AJUSTE 3/8 (X10),1000,unidad,1
ROLLO RIEGO BLUE PRESS 3/4X50MTS,1000,unidad,1
CONEXION RAPIDO 3/4 REHAU ART 266955300 REHAU,1000,unidad,1
PISICINA N 38MM,1000,unidad,1
ART. 1056 APOYARADIADOR CHEV. PICK-UP,1000,unidad,1
ALF.ORIG. CAMION CHEVROLET 68/73 661,1000,unidad,1
ESPUMA DE POLIETILENO C/ALUMINIO 10 MM,1000,unidad,1
NIPLE GALV. 2 1/2 X 10CM,1000,unidad,1
7137 ETMA,1000,unidad,1
SILICONA INT X 5 LTS. MANZANA BOTELLON,1000,unidad,1
REVIVIDOR CUBIERTAS X 5 LTS.,1000,unidad,1
"NIPLE 150 304 1.1/4* 42,20X100",1000,unidad,1
"1/2 NIPLE 150 304 1/2¨21,34X3500",1000,unidad,1
"1/2 NIPLE 150304 3/4 26,60 X 40",1000,unidad,1
"TE A-403 316 1.1/4 42,2X200 L",1000,unidad,1
"BUJE 150 304 1,1/4¨X1¨42,2X33,4",1000,unidad,1
"BUJE 150 304 1¨X 3/4¨33,4X26,6",1000,unidad,1
"U DOBLE 150316 3/4 26,60",1000,unidad,1
"CODO 90 A-403 304 3/4¨26,67,X1,65 L",1000,unidad,1
"3141-12003 CCC CON COSTURA 304 26,60 X 2,87L A-312",1000,unidad,1
"5151-10767 LLAVE DE PASO 150 316 1.1/4´ 42,20",1000,unidad,1
"5151-13992 LLAVE DE PASO 150 316 1/2´ 21,34 LT",1000,unidad,1
"5151-10764 LLAVE DE PASO 150 316 3/4´ 26,60",1000,unidad,1
TRIMAS MASILLA PLAST. TRAD X 04,1000,unidad,1
CLAVOS PUNTA PARIS 2 1/2,1000,unidad,1
"3028 05 VALV ESF. PT BRONCE CROMADO PTFE 3/4""",1000,unidad,1
"3028 09 VALV. ESF. BRONCE PASO TOTAL 2""",1000,unidad,1
"3028 10 VALV. ESF. BRONCE PASO TOTAL 2 1/2""",1000,unidad,1
"3302 05 FILTRO ""Y"" BCE/INOX BSP 3/4""",1000,unidad,1
"CODO GALV. 1"" 90 HH LATYN",1000,unidad,1
"CODO GALV. 3"" 90º MH DEMA",1000,unidad,1
"NIPLE GALV. 1"" X 15CM",1000,unidad,1
"NIPLE GALV. 1"" X 20CM",1000,unidad,1
NIPLE GALV. 2 1/2 X 25CM,1000,unidad,1
BUJE RED GALV. 3/4 X 1/2 LATYN,1000,unidad,1
TEFLON 3/4 X 10 MTS PETROLERO,1000,unidad,1
KG PASTA VT1 P/PULIR COBRE BRONCE ALUMINIO,1000,unidad,1
"CODO 42,2 X 2 AISI 304",1000,unidad,1
MEDIO NIPLE 1 AISI 304,1000,unidad,1
"CAÑO 42,2 X 2 X 500 AISI 304",1000,unidad,1
"3014 06 VALV. ESF. INOX. PASO TOTAL 2PZAS 1""",1000,unidad,1
TEE 1 1/2 GLAVANIZADA,1000,unidad,1
BURLETE ESPONJA 8 X 80 MM,1000,unidad,1
BURLETE ESPONJA 15 X 30 MM,1000,unidad,1
ALBAMIX(5353610) 4570111 POLIUR BLANCO A X4L,1000,unidad,1
ALBAMIX(5188812) 4590013 CONV P/FDO 2K X1,1000,unidad,1
ALBAMIX 4570100 ESM PU ACRI NEGRO A X4L,1000,unidad,1
ALBAMIX 4570100 ESM PU ACRI BERMELLON A X4L,1000,unidad,1
ALBAMIX 4570100 ESM PU ACRI GRIS CHASIS A X4L,1000,unidad,1
ALBAMIX 4570100 ESM PU ACRI GRIS SCANIA OSC A X4L,1000,unidad,1
ALBAMIX(5353609) 4585007 FDO EPO ANTC W 4L,1000,unidad,1
ALBAMIX (5353672) 4590020 CONV FDO EPOX800,1000,unidad,1
DIPROEL DILUY POLIURETANO X 200L,1000,unidad,1
LAC KG. CHAPA 3.20 X 1245 X 3000 SEMILLA MATERIAL PROCESADO,1000,unidad,1
RETEN 5432 LX DBH,1000,unidad,1
BARRERO CAMION UNIV.LISO C/REF ESP. 62 X 74,1000,unidad,1
ABRAZADORA TIPO AMERICANA 90/105 ART3009,1000,unidad,1
PANTALON OMBU.AZULINO.BEIGE.BLANCO. 38/60,1000,unidad,1
DIFERENCIA BARREROS X GOMA PLANCHA,1000,unidad,1
CORREA EVER WEAR A-080,1000,unidad,1
"PISO PVC VINILICO GRIS/BORDO/AZUL COLONAL ANCHO 1,40 (RDAS)",1000,unidad,1
ART. 1230 FUELLE P/CAMBIO DODGE PICK-UP,1000,unidad,1
"BOMBA D.M.C EN Hº Fº CON ENGRANAJES CEMENTADOS 3"" EJE LARGO CON CAJA Y RULEMAN",1000,unidad,1
REFLECTOR LED 100W ALIC,1000,unidad,1
LAMPARA LED 14W ALIC,1000,unidad,1
BOLSA DE PRECINTOSSYBYD ALT3 NEGROS,1000,unidad,1
BASE KALOP 2X16 +N,1000,unidad,1
"JUEGO DE NIVEL Ø 1/2""",1000,unidad,1
"TUBO DE VIDRIO Ø 5/8""",1000,unidad,1
"C.R.LARGO 90º SCH 40 3""",1000,unidad,1
CONECTOR RECTO DAYSA,1000,unidad,1
CAÑO CORRUGADO DE 1/2,1000,unidad,1
GANCHO ALUMINIO Nº 41,1000,unidad,1
PANTALLA ALUMINIO DIAM. 40,1000,unidad,1
FICHA HEMBRA EXULT SALIDA LATERAL,1000,unidad,1
CINTA BLANCA 3M,1000,unidad,1
"MANG OIL ASPIR 1"" X 2.5 MT",1000,unidad,1
MTS. CABLE 1X35MM,1000,unidad,1
ROLLOS DE CINTA AISLADORA 20MTS TEMFLEX,1000,unidad,1
LAMPARA LED 12W FRIAS ALIC,1000,unidad,1
FICHA EXULT 2X10+N,1000,unidad,1
BOLSA DE PRECINTOS SYBYD ALT.4 NEGROS,1000,unidad,1
TERMINAL COBRE 35MM,1000,unidad,1
SEGURIDAD PARA MUROS PINCHE X MTSATORNILLAR,1000,unidad,1
CAÑO 60.3 X 2 AISI 304,1000,unidad,1
BARRA DE FUND. GRIS. CC Ø80X55MM CORTE,1000,unidad,1
ESPARRAGOS 5/8 X 420 C/ TUERCA,1000,unidad,1
"PR00013J00 CONJUNTO PERNO REY 2"" JOST",1000,unidad,1
BALANCIN MH 75 X 110 P/ MANOTA FUNDICION,1000,unidad,1
"PERNO TENSOR 1""X 140",1000,unidad,1
BUJE TENSOR MH 1 X 78,1000,unidad,1
"TUERCA AUTOFRENANTE 1"" SAE/UNF 14-PASO PINO",1000,unidad,1
BUJE BALANCIN MH 86 CORTO,1000,unidad,1
"8.25 X 22,5 10 AG PHASE IV",1000,unidad,1
BOMBA DE VACIO MODELO S-90. MARCA REGISTRADA MINYMASPRES,1000,unidad,1
MPSU0042 PLAQUETA SUPERIOR ELASTICO 75MM DE FUNDICION (MEDIA CAÑA) ALT NAC,1000,unidad,1
TERE0007 TENSOR MH REGULABLE 400-450 MM ALT NAC,1000,unidad,1
REGATON CUADRADO 50X50,1000,unidad,1
RUEDA GIRATORIA C/FRENO 50 MM 168/4,1000,unidad,1
RUEDA GIRATORIA 50MM. ART.168,1000,unidad,1
VIDRIOS 11,1000,unidad,1
DCOFQP T1890 L600 AB0º KITABS RAUT,1000,unidad,1
DCOFQP T1890 L520 CSTD KITABS - RAUT,1000,unidad,1
ACEITE TRASMISION,1000,unidad,1
TF MB G221 NEUM.MULT. C/PL,1000,unidad,1
EJE PROLONGADOR MB G221 C/PLAC ( 211MM ),1000,unidad,1
ADAPTADOR JIC X NPT 1 5/16 X 3/4,1000,unidad,1
BOLSA CEMENTO 50KG AVELLANEDA,1000,unidad,1
VAR INTERRUPTOR TOMA,1000,unidad,1
"DS. PLANOS OXIDO P/SENSITIVA SECUR 350X3,2X25",1000,unidad,1
"3028 11 VALV. ESF BRONCE PASO TOTAL 3""",1000,unidad,1
"3028 04 VALV. ESF. PT BRONCE CROMADO PRFE 1/2""",1000,unidad,1
UPN X 6 MTS. 80,1000,unidad,1
IPN X 6 MTS. 80,1000,unidad,1
BULON C/REDONDA C/C SIN TUERCA 8X38,1000,unidad,1
BULON C/REDONDA C/C SINTUERCA 12X63,1000,unidad,1
TUERCA AUTOFRENANTE 1/2 12 WITH,1000,unidad,1
"CODO GALV. 2"" 90º MH LATYN",1000,unidad,1
"DISCOPARADESBASTESECUREXTRA178X7,0X22-A30Q-BFX",1000,unidad,1
MGW 50 MB FTTH,1000,unidad,1
CORREA EVER WEAR B - 064,1000,unidad,1
CORREA EVER WEAR B - 044,1000,unidad,1
PANTALON OMBU AZULINO BEIGE BLANCO 36/60,1000,unidad,1
"CAMPANA DE FRENO 8"" AGUJ RANDON 765/6 3139A1",1000,unidad,1
BALANCIN DE CHAPA PARA ELASTICO DE 75MM C/B 7975,1000,unidad,1
DCOFQP T1890 L600 AB0° KITABS RAUT,1000,unidad,1
DCOFQP T1890 L520 CSTF KITABS - RAUT,1000,unidad,1
ACT SOPORTE DE GOMA DE,1000,unidad,1
AX SOPORTE GOMA,1000,unidad,1
650A,1000,unidad,1
650R,1000,unidad,1
650V,1000,unidad,1
650C,1000,unidad,1
103,1000,unidad,1
850R,1000,unidad,1
"DS PLANOS OXIDO P/SEMSITIVA SECUR 350X3,2X25",1000,unidad,1
"VALV ESF BRONCE PASO TOTAL 4""",1000,unidad,1
"VALV ESF PT BRONCE CROMADO PTFE 1/2""",1000,unidad,1
BULON C/REDONDA C/C TUERCA 8X38,1000,unidad,1
"CODO GALV 2"" 90 MF LATYN",1000,unidad,1
"CODO GALC 3"" 90° MH DEMA",1000,unidad,1
S.W BARNIZ ALT SOLIDO 8937 X 05,1000,unidad,1
S.W ENDURECEDOR RAPIDO 066 X 0.834,1000,unidad,1
LAMPARA 12W FRIAS ALIC,1000,unidad,1
ROLLO DE CINTA AISLADORA 20MTS TEMFLEX,1000,unidad,1
PORTALAMPARA C/CHICOTE,1000,unidad,1
FICHA HEMBRA 10AMP P/CH RICHI,1000,unidad,1
FICHA MACHO 10AMP P/CH RICHI,1000,unidad,1
"DISCO PARA DEBASTESE CUREXTRA 178X7 , 0X22 -A30Q-BFX",1000,unidad,1
FLAP STANDARD 28N115ZA-80,1000,unidad,1
TAPON GALV 1/2 M LATYN,1000,unidad,1
CORREAS POLI V 5 PK 960,1000,unidad,1
KIT LEVANTA EJES 2° EJE,1000,unidad,1
ACOPLE CAÑO = 8X6 Y ROSCA=1/4,1000,unidad,1
"ACOPLE CAÑO = 8X6 Y ROSCA=12X 1,5",1000,unidad,1
"UNION TODO ROSCA 12X1,5",1000,unidad,1
CABLE RULO ISO 7638 15PINS,1000,unidad,1
FICHA 15 PINES HEMBRA,1000,unidad,1
KIT 4S3M T-ABS SR 1+2 EJES,1000,unidad,1
VALVULA 2/2 VIAS BLOQUE 3° EJE,1000,unidad,1
SENSOR ABS 90° 1MT + CLIP,1000,unidad,1
VAVL ESTACIONAMIENTO AE4311,1000,unidad,1
PULMON DELANTERO 30¨,1000,unidad,1
TUBO POLIAMIDA MULTICAPA 12X9,1000,unidad,1
LAMPRA LED 50W IDOLER,1000,unidad,1
FOTOCONTROL ELECTRONICO VC VCF-03E,1000,unidad,1
SIRENA DE RETROCESO CON ENTRADA,1000,unidad,1
REFLECTOR LED 100W JEG,1000,unidad,1
BRIKOL IMPERMEABILIZANTE AL AGUA X O4,1000,unidad,1
"MALLA 15X15 H 4,2 DE 2X5M",1000,unidad,1
UCP 208 TROPOL,1000,unidad,1
ALAMBRE GALVANIZADO N°14 X KG,1000,unidad,1
BOLSAS DE CEMENTO DE ALBANILERIA 40KG,1000,unidad,1
ALAMBRE DE FARDO/ POR KG,1000,unidad,1
MANOTA CENTRAL CHAPA MONT M160 1061,1000,unidad,1
PERNO BAL 150MM CON TUERCA ALTA MONT,1000,unidad,1
TETON REPARACION TENSOR 7/8 ESP 9MM,1000,unidad,1
"TETON REPARACION TENSOR 1"" ESP 9MM",1000,unidad,1
BUJE TENSOR 7/8 X 47 X 78 MM MONT 2005 302116,1000,unidad,1
BOTA NEGRA PVC N° 38/46 LN,1000,unidad,1
BOTA NAUTICA C/CUELLO AMAR /AZUL 39/44 960,1000,unidad,1
HIDROCARB C 8X13,1000,unidad,1
CUERDA _04.00 MM GOMA SINTETICA,1000,unidad,1
CORREA EVER WEAR B-50,1000,unidad,1
PV-14 BAUL GRANDE C/PESTAÑA,1000,unidad,1
PROT AUDITIVO QUANTUN C7/CORDEL (LIBUS),1000,unidad,1
HOJA AL AGUA WA70 320,1000,unidad,1
"PULMON DELANTERO 30""",1000,unidad,1
SPRING 30/30 250MM,1000,unidad,1
BURLETE ESPONJA 6X30MM,1000,unidad,1
BURLETE ESPONJA 15X30MM,1000,unidad,1
CETOL B/NAUTURAL X 04,1000,unidad,1
LAT MULT NEUMATICA,1000,unidad,1
TF 3F 9A-1110 NEUM MULT P C/PLRENAULT MIDLUM,1000,unidad,1
EJE PROLONGADOR TF ZF 9S-1110 ZF 9S-1110 TO,1000,unidad,1
ESPARRAGO (12) 1/2X9/16X 70,1000,unidad,1
"1/5 MACHO BREMEN C.2 BSW (10) 9 /16"" X 12 [5 UNID]",1000,unidad,1
SILOC 8500 X 98G,1000,unidad,1
K - 215011 AJUSTE VIROLA/MACHO GAS 1/2X1/4,1000,unidad,1
K - 215206 AJUSTE VIROLA / MACHO GAS 6MM X1/4 GAS,1000,unidad,1
K - 230002 ENTRE ROSCA HEMBRA / HEMBRA 1/4,1000,unidad,1
CMD - AL 105/9 ARANDELA DE ALUMINIO DE 12X17 X 1.25,1000,unidad,1
MG - 1250 ESP. 1/2 X 50 UNF-UNC,1000,unidad,1
MG - GEP 3339 TUERCA 1/2 UNF ALTA,1000,unidad,1
MG - GEP 3333 CONO DE PALIERS 1/2,1000,unidad,1
ACEITE 140,1000,unidad,1
ESCOBILLAS,1000,unidad,1
INTERRUPTOR TERCER EJE (503349078),1000,unidad,1
CORREA EVER WEAR B-099,1000,unidad,1
ABRAZADERA TIPO AMERICANA 90/125 ART 3011,1000,unidad,1
"CHAPA 430 1,50 1250 X 2500 EV C1 A",1000,unidad,1
CH/LC CC 6.35 X 1500 X 7000,1000,unidad,1
CH/LC CC 4.75 X 1500 X 6000,1000,unidad,1
CH/LC CC 9.50 X 1500 X 3000,1000,unidad,1
CH/LF CC 1.60 X 1220 X 2440,1000,unidad,1
CH/LF CC 2.00 X 1500 X 2440,1000,unidad,1
CH/LC ANTID 3.20 X 1245 X 3000,1000,unidad,1
PORTA PICO,1000,unidad,1
CUERDA VITON DIAM. 5MM,1000,unidad,1
CUERDA VITON DIAM. 4MM,1000,unidad,1
SILOC 8500 X 420G (0687),1000,unidad,1
ABRAZADERAS 12MM 90-110 (0015),1000,unidad,1
ABRAZADERAS 12MM 80-100 (0029),1000,unidad,1
ABRAZADERAS 12MM 60-80 (0012),1000,unidad,1
AFILADO Y ACEITES,1000,unidad,1
BUJE RED GALV 2 1/2 2 DEMA,1000,unidad,1
ESMALTE A POLIU NARANJA CLARO 0100 X 03,1000,unidad,1
CONVERTIDOR 9013 X1,1000,unidad,1
"CA EST RECT 30X20X1,6",1000,unidad,1
"CA EST CUAD 20X20X1,6",1000,unidad,1
ANGULOS 1.1 /4X3/16,1000,unidad,1
"TYROLIT DISCO SENSITIVO 350X2, 5X25 , 4",1000,unidad,1
CIUADRADOS 5/8,1000,unidad,1
TIZA BLANCA CAJA * 144 UNIDADES,1000,unidad,1
"MANG OIL ASPIR 1"" X 2.5MT",1000,unidad,1
CONJ.(RO+AZ)FRENO CAMION 12X9 PA6 C/CONE,1000,unidad,1
"BULON PULIDO UNC GALV AZUL 5/16X34""",1000,unidad,1
"BULON PULIDO UNC GALC AZUL 5/16X1""",1000,unidad,1
"BULON PULIDO UNC NATURAL 3/8X1""",1000,unidad,1
"KGR DE ARANDELA PLANA H° NATURAL 3/8""",1000,unidad,1
"TUERCA EXAGONAL LIVIANA UNC NATURAL 3/8""",1000,unidad,1
"BULON GRADO 5 UNC DORADO 1/2X2""",1000,unidad,1
"KGR DE ARANDELA PLANA H° NATURAL 1/2""",1000,unidad,1
"TUERCA EXAGONAL LIVIANA WHT NATURAL 1/2""",1000,unidad,1
"TUERCA EXAGONAL LIVIANA UNC NATURAL 1/2""",1000,unidad,1
"ARANDELA GROWER NATURAL 1/2""",1000,unidad,1
"ARANDELA GROWER NATURAL 5/8""",1000,unidad,1
"BOMBA DE VACIO , MODELO S-90 N| DE SERIE: 9503",1000,unidad,1
KIT DE LIMITADOR DE RECORRRIDO P/ AMORT,1000,unidad,1
"CAJA NEUMATICA STD, + REG. 24VCC",1000,unidad,1
CAJA NEUMATICA STD. + REG. 24VCC,1000,unidad,1
REFLECTOR BAIML 1043 REDONDO CHICO 1 TORNILLO 6 X 5/8 AMBAR,1000,unidad,1
REFLECTOR BAIML 1043 REDONDO CHICO 1 TORNILLO 6 X 5/8 ROJO,1000,unidad,1
ESMALTE POLIU NARANJA AGUILA 0100 X 03,1000,unidad,1
CASQUETE TORIESFERICO ∅ 1900 ESP 6.3 A.C.,1000,unidad,1
CAJA PULSADOR P/ILAS,1000,unidad,1
CABLE AUXILIAR EBS-TRS HA 7M,1000,unidad,1
CAMISA OMBU BEIGE TALLE ROPA 40,1000,unidad,1
CAMISA OMBU BEIGE TALLE ROPA 42,1000,unidad,1
CAMISA OMBU BEIGE TALLE ROPA 44,1000,unidad,1
CAMISA OMBU BEIGE TALLE ROPA 46,1000,unidad,1
CAMISA OMBU BEIGE TALLE ROPA 48,1000,unidad,1
PANTALON OMBU BEIGE TALLE ROPA 40,1000,unidad,1
PANTALON OMBU BEIGE TALLE ROPA 42,1000,unidad,1
PANTALON OMBU BEIGE TALLE ROPA 44,1000,unidad,1
PANTALON OMBU BEIGE TALLE ROPA 46,1000,unidad,1
PANTALON OMBU BEIGE TALLE ROPA 48,1000,unidad,1
PANTALON OMBU BEIGE TALLE ROPA 50,1000,unidad,1
PANTALON OMBU BEIGE TALLE ROPA 52,1000,unidad,1
PANTALON OMBU BEIGE TALLE ROPA 56,1000,unidad,1
BOTIN OMBU 40 MODELO CALZADOOZONO,1000,unidad,1
BOTIN OMBU 41 MODELO CALZADOOZONO,1000,unidad,1
BOTIN OMBU 43 MODELO CALZADOOZONO,1000,unidad,1
FLEXIBLE HIDRAULICO,1000,unidad,1
TUBO POLIAMIDA 16 X 12- NEGRO -,1000,unidad,1
TUBO POLIAMIDA 8/6 -NEGRO-,1000,unidad,1
PORTA SENSOR ABS / EBS,1000,unidad,1
KIT 4S2M T-ABS SR 3 EJES,1000,unidad,1
KIT CONEXIONES 4S2M KN,1000,unidad,1
TANQUE AIRE 75 LTS,1000,unidad,1
KIT CONEX PARA TANQUE 115/75,1000,unidad,1
DURALBA NEGRO X 04,1000,unidad,1
100 MTS CABLE T.T 2X1MM,1000,unidad,1
RESAL HIGHTEX NAR TRABI,1000,unidad,1
RESAL HIGHTEX AMAR TRABI,1000,unidad,1
RESAL HIGHTEX VER TRABI,1000,unidad,1
RESAL HIGHTEX CEL TRABI,1000,unidad,1
RESAL HIGHTEX VIOLETA TRABI,1000,unidad,1
RESAL HIGHTEX ROJO TRABI,1000,unidad,1
RESAL HIGHTEX ROS TRABI,1000,unidad,1
PH LASER 279A *THCF279A* FULLMAR,1000,unidad,1
PH LASER 35 / 36 /79 /85A FULL,1000,unidad,1
BR LASER TN 660/2320 TN 2370 RE,1000,unidad,1
CORRECT PEN 7ML FABER,1000,unidad,1
MARC 741PIZ NEGRO PELIKAN,1000,unidad,1
MARC 741PIZ ROJO PELIKAN,1000,unidad,1
CAJA OF F/N C/ELAST CART 25MM TA,1000,unidad,1
PORTATAB PLASTICO P/50X60 * PIZZ,1000,unidad,1
"C.R.LARGO 90° SCH 40 3""",1000,unidad,1
HORNERO LIGANTE 1LT,1000,unidad,1
BOLSAS CAL MILAGRO,1000,unidad,1
AROS O'RING 2.311,1000,unidad,1
PISCINA N 25MM,1000,unidad,1
MVN-203-03-05-INF (CA),1000,unidad,1
DM - 57 BASE 7 PUNTOS,1000,unidad,1
MATAFUEGOS ABC 10KG MELISAM NUEVOS,1000,unidad,1
VIDRIOS N°11,1000,unidad,1
ADAPTADOR P/LAMPARA GOLIAT,1000,unidad,1
TERMINAL DE COBRE 16MM,1000,unidad,1
PINZA MAZA 300AMP,1000,unidad,1
ALQUILER DE TUBO 01-04 AL 26-04 (21%),1000,unidad,1
MTS CABLE 1X16MM,1000,unidad,1
BOLSA DE PRECINTOS SYBYD ALT2,1000,unidad,1
LAMPARA LED FORZA 55W ALIC,1000,unidad,1
LAMPARA LED 38W ALIC,1000,unidad,1
FICHA MACHO 2X16 AMP+N KALOP,1000,unidad,1
PRENSACABLE 5/8 PERCAN PLAS,1000,unidad,1
PRENSACABLE 3/4 PERCAN PLAS,1000,unidad,1
FICHA HEMBRA 2X10+N EXULTT,1000,unidad,1
FICHA MACHO 2X10+N EXULTT,1000,unidad,1
BUJE RED. GALV. 1/2 X 3/8 DEMA,1000,unidad,1
CODO GALV. 3/4 90 MH LATYN,1000,unidad,1
CODO GALV. 1 1/2 90 MH LATYN,1000,unidad,1
CUPLA C/B GALV. 1 1/4 LATYN,1000,unidad,1
TAPON GALV. 1 1/4 M LATYB,1000,unidad,1
TAPA GALV. 1 1/4 H LATYN,1000,unidad,1
"NIPLE GALV. 1"" X 15 CM",1000,unidad,1
"NIPLE GALV. 2"" X 25 CM",1000,unidad,1
TEFLON 1/2 X 20 MTS,1000,unidad,1
"BUJE RED GALV. 3"" X 2 1/2 DEMA",1000,unidad,1
BUJE RED GALV. 2 1/2 2 DEMA,1000,unidad,1
BUJE RED GALV. 1 1/4 X 1 LATYN,1000,unidad,1
"BULON GRADO 5 UNC DORADO 3/8X1""",1000,unidad,1
"TUERCA GRADO 5 UNC DORADO 3/8""",1000,unidad,1
"KGR DE ARANDELA PLANA H° GALV.AZUL 1/2""",1000,unidad,1
"VALV ESF. PT BRONCE CROMADO PTFE 1/2""",1000,unidad,1
"VALV ESF. PT BRONCE CROMADO PTFE 3/4""",1000,unidad,1
"VALV ESF. PT BRONCE CROMADO PTFE 1""",1000,unidad,1
"VALV ESF. BRONCE PASO TOTAL 1 1/2""",1000,unidad,1
"VALV ESF. BRONCE PASO TOTAL 2""",1000,unidad,1
"VALV ESF. BRONCE PASO TOTAL 2 1/2""",1000,unidad,1
"VALV ESF. BRONCE PASO TOTAL 3""",1000,unidad,1
"VALV ESF. BRONCE PASO TOTAL 4""",1000,unidad,1
"FILTRO ""Y"" BCE/INOX BSP 3/4"".",1000,unidad,1
ESPARRAGOS 5/8 X420 C/TUERCA,1000,unidad,1
MANGUERA P.V.C. CRISTAL 25 X 31,1000,unidad,1
ALBAMIX 4570111 POLIUR BLANCO A X4L,1000,unidad,1
ALBAMIX 4570100 ESM PU ACRI AZUL WEBER A X4L,1000,unidad,1
ALBAMIX 4570111 ESM PU GRIS CHASIS A X4L,1000,unidad,1
ALBAMIX(5353609) 4585007 FDO EPO ANTIC W 4L,1000,unidad,1
ALBAMIX (5188812) 4590013 CATALIZADOR P/POLIUR X1L,1000,unidad,1
ALBAMIX(5353672) 4590020 CATALIZADOR P/EPOXI X800CC,1000,unidad,1
CAMISA OMBU BEIGE TALLE ROPA 42 AGREGADO 15/4,1000,unidad,1
PANTALON OMBU BEIGE TALLE ROPA 50 AGREGADO 15/4,1000,unidad,1
PANTALON OMBU BEIGE TALLE ROPA 56 AGREGADO 15/4,1000,unidad,1
BOTIN OMBU 40 MODELO CALZADOOZONO AGREGADO 15/4,1000,unidad,1
BOTIN OMBU 41 MODELO CALZADOOZONO AGREGADO 15/4,1000,unidad,1
DESCUENTO 5%,1000,unidad,1
CASQUETE TORIESFERICO ∅ 2000 ESP 6.3 SAE 1010,1000,unidad,1
"MEDIO NIPLE CON COSTURA DIN 2999 (DIN 2982) 304L 1"" X 40 MM",1000,unidad,1
"MEDIO NIPLE CON COSTURA DIN 2999 (DIN 2982) 304L 1"" X 30 MM",1000,unidad,1
MANDRIL 16 MM CON CONO J33,1000,unidad,1
ESPARRAGO 10X 90 P1.50,1000,unidad,1
ARANDELA GROWER MIL 10,1000,unidad,1
TUERCA METRICA 10 P 1.50 UNIDAD,1000,unidad,1
MOSQUETON GALVANIZADO 7X70,1000,unidad,1
"C.R.L 90° SCH 40 21/2""",1000,unidad,1
PIEDRA PARTIDA C/BOLSON 1TN,1000,unidad,1
ER 316 LSI MIG DE 0.90 MM KG MARCA RMB COL NB002544T81171,1000,unidad,1
MALACATE DOBLE REDUCCION,1000,unidad,1
CINTA REFORZADA,1000,unidad,1
MANOTA TRAS. MONT. CHAPA T.T. M160 1057,1000,unidad,1
MANOTA DEL. TREN TRAS. CHAPA MONT. M160 1059,1000,unidad,1
BUJE BAL. POLIPROPILENO CORTO MONT 85 MM,1000,unidad,1
PERNO BAL. 150MM CON TUERCA ALTA MONT.,1000,unidad,1
ARANDELA PERNO BAL. MONT. AV11,1000,unidad,1
BULON DE BALANCIN 5/8 G5 USS,1000,unidad,1
TUERCA DE BULON DE BALANCIN PULIDO 5/8 USS,1000,unidad,1
"PERNO TENSOR 7/8 X 6"" (152 MM. ) 3964",1000,unidad,1
TUERCA AUTOF. 7/8 SAE . 2996,1000,unidad,1
BUJE TENSOR 7/8 X 47 XS 78 MM AST-PRA 2061 302127,1000,unidad,1
B/UNION DOBLE 8 MM VE-4610,1000,unidad,1
B/VIROLA DE 8 MM UA08 B-60 VE-711,1000,unidad,1
B/TUERCA DE AJUSTE 8 MM VE-410,1000,unidad,1
"VALVULA DE ALIVIO 2 1/2"" ASPIRACION # 2034008",1000,unidad,1
"VALVULA DE ALIVIO 2"" PRESION # 2033008",1000,unidad,1
TUERCA AJUSTE 8 (X10),1000,unidad,1
POR CERTIFICACION DE CISTERNA - AMENDOLIA,1000,unidad,1
TAPA CUBRERROTOR CROMADO 3/8/,1000,unidad,1
DISCOS SOP ROTOR 210 MM DOB,1000,unidad,1
CONECTOR SUPERIOR,1000,unidad,1
CONECTOR INFERIOR 1/4,1000,unidad,1
ROTOR 3/4 CORTO,1000,unidad,1
ARANDELA DE TRABA ESTRIADA,1000,unidad,1
CONO DE AJUSTE P/TUBO 1/4,1000,unidad,1
TCA. MET. FIJACION 3/8/ CVA C,1000,unidad,1
CAÑO BAJADA DE BAJADA 65 CM C,1000,unidad,1
CURVA CUBRERROTOR GRIS P/ TAPA,1000,unidad,1
"CAÑO USO MEC.4"" (114,3) X 6.40 MTS",1000,unidad,1
"CA.EST.CUAD. 25X25X1,24",1000,unidad,1
"CA.EST.RECT. 20X10X1,24",1000,unidad,1
BULON G5 HEX USS 3/4X3/1/2,1000,unidad,1
TERMINAL PARA BATERIA MORDAZA GRANDE M2,1000,unidad,1
ANTIPARRA COV-19 TRANSPARENTE-NEGRO,1000,unidad,1
YUMA 695/13,1000,unidad,1
YUMA 613/13,1000,unidad,1
CORREA EVER WEAR B-077,1000,unidad,1
BOMBACHA CAMPO OMBU TALLE 36/60,1000,unidad,1
P. PROTECTOR TRAS PLAS 32/1,1000,unidad,1
P. PROTECTOR DELAN PLAS 32/1 DERECHA,1000,unidad,1
P. PROTECTOR DELAN PLAS 32/1 IZQUIERDA,1000,unidad,1
P. PROTECTOR DELAN PLAS 32/,1000,unidad,1
SOPORTE ARTICULADO 650X650 HOMOLOGADO,1000,unidad,1
PARAGOLPE SEMIACOPLADO HOMO,1000,unidad,1
PERFIL ALUMINIO 100X32X6000 POR METRO,1000,unidad,1
4 ABRAZADERAS 1/2 CT,1000,unidad,1
CERRADURAS ART.200 EN CAJA,1000,unidad,1
ESMALTE A. POLIU. 0100 X 04 NEGRO SAT,1000,unidad,1
CONVERTIDOR PARA POLI. 9003 X 1,1000,unidad,1
ALBALATEX INTERIORES BCO. X 10,1000,unidad,1
LIJA AL AGUA AA 600,1000,unidad,1
BURLETE ESPONJA 15X 30 MM,1000,unidad,1
BURLETE ESPONJA 40 X 60 MM,1000,unidad,1
BURLETE MEDICA CAÑA CON AGUJEROS CAUCHO EPDM,1000,unidad,1
"CA.EST.RED. 5/8X1,6",1000,unidad,1
TUBOS USO MECANICO 21/2 X 3.2 DIAM.EXT. 76.20,1000,unidad,1
"CA.EST.RECT. 100X20X1,6",1000,unidad,1
TUBO LED 18W ALIC,1000,unidad,1
MTS.CABLE PRENSAMBLADO 2X6,1000,unidad,1
LISTON LED 1X18,1000,unidad,1
"ALICATE 6"" ZELTA",1000,unidad,1
LAMPARA LED ALIC 48W E40,1000,unidad,1
"JUEGOS DE NIVEL Ø 1/2""",1000,unidad,1
"VALVULA DE SEGURIDAD TIPO POP Ø 1 1/4"" S/REGULAR EMEVAL",1000,unidad,1
"CUPIAS NEGRAS SCH 40 Ø 2 1/2""",1000,unidad,1
"CUPLAS NEGRAS SCH 40 Ø 3""",1000,unidad,1
"CUPLAS NEGRAS SCH 40 Ø 1/2""",1000,unidad,1
VKUA 4554 A,1000,unidad,1
TENSOR FIJO 500 MM ALT NAC,1000,unidad,1
TENSOR REGULABLE 450-500 MM ALT NAC,1000,unidad,1
TENSORN REGULABLE 400-450 MM ALT NAC,1000,unidad,1
PLAQUETA SUPERIOR ELASTICO 75 MM ALT NAC,1000,unidad,1
PLAQUETA INFERIOR ELASTICO DE FUNDICION (BANANITA) ALT NAC,1000,unidad,1
MOSQUETON GALVANIZADO 6X60,1000,unidad,1
TORNILLO TANQUE ZN 5/32X3/4,1000,unidad,1
TORNILLO TANQUE ZN 5/32X1/2,1000,unidad,1
TUERCA ZANCADA (04) 5/32 USS,1000,unidad,1
ARANDELA PLANA 3/16 ZINCADA,1000,unidad,1
"BROCA DE WIDIA VASTAGO HEXAGONAL 1/4"" Ø 8 X 110",1000,unidad,1
PICOS 0.9,1000,unidad,1
TF ZF 16S-130/1650 N.M. C/PL,1000,unidad,1
"REPARACION BOMBA DE VACIO MODELO S-70, MARCA REGISTRADA MINYMASPRES.",1000,unidad,1
TENSOR FIJO 450,1000,unidad,1
TUERCA AJUSTE 12,1000,unidad,1
VIROLA 12 MM (X50),1000,unidad,1
MTS CABLE T.T 2X1 MM,1000,unidad,1
TUBO LED 18W INTERELEC,1000,unidad,1
LISTON LED 1X18 DITECNICA,1000,unidad,1
CERRADURA T NEGRA,1000,unidad,1
REPARACION DE CILINDRO HIDRAULICO (APERTURA DE TAPA),1000,unidad,1
CAMBIO DE SELLOS,1000,unidad,1
FICHA IND 2X 16A+T MACH 220 AZU PH 6 IP44,1000,unidad,1
TOMA IND 2X 16A+T 220 EXTER H AZU INCL IP44,1000,unidad,1
CABLE SUBTER 1KV CU 2X 4MM2 PVC FLEXIBLE,1000,unidad,1
CONO BALIZADOR DE 55 CM,1000,unidad,1
LANZA M.H. CON PUNTERA Y PIPAS,1000,unidad,1
"BUJE LANZA M.H 1/2"" X 77 X 83",1000,unidad,1
KIT-S/BUJE SUSPENSION LANZA MONT,1000,unidad,1
OJAL DE LANZA NA°3 COMPLETO,1000,unidad,1
BUJE BALANCIN POLIPROPILENO M.H. (,1000,unidad,1
BUJE DE TENSOR GOMA M.H. 7/8/ X 78,1000,unidad,1
PERNO BALANCION M.H.PISTA 147MM C/T,1000,unidad,1
CHAVETA 6 X 70,1000,unidad,1
BOLSA CAL HIDRAT EXTRA 25 KG,1000,unidad,1
MANGUERA 3/8 R2 X 1650MM HG 3/8 AS/M X HG 3/4 JIC,1000,unidad,1
CODO 90 JIC X NPT 3/4 X 3/8,1000,unidad,1
MANGUERA 3/8 R2 X 2750MM HG X HG 3/4 JIC,1000,unidad,1
CODO 90 JIC X NPT 3/4 X 1/2,1000,unidad,1
MANGUERA 3/4 R1 X 1500MM HG X HG 1.1/16 JIC,1000,unidad,1
CODO 90 JIC X NPT 1.1/16X 1/2,1000,unidad,1
"MANGUERA 3/4 R1 X 1850MM HG 1,1/16 JIC X HG 1.1/16 JIC",1000,unidad,1
MANGUERA 1/2 R1 X 300MM HG X HG 7/8 JIC,1000,unidad,1
ADAPTADOR JIC X NPT 7/8 X 1/2,1000,unidad,1
MANGUERA 3/4 R1 X 620MM HG X HG 1.1/16 JIC,1000,unidad,1
"ADAPTADOR JIC X NPT 1,1/16 X 3/4",1000,unidad,1
"RACORD FORJADO DE ACERO 3""",1000,unidad,1
"TETON REPARACION TENSOR 3/4 - 7/8 - 1"" ESP. 9MM",1000,unidad,1
TUERCA AUTOF. 7/8 SAE. 2996,1000,unidad,1
ENGRANAJE DOBLE 52 X 18 DIENTES JOST,1000,unidad,1
EJE TREN RETR UNION PTA/CUADR DER. JOST AL00201J00,1000,unidad,1
CORONA CONICA 26 DIENTES JOST NUEVA 100000128594,1000,unidad,1
PIÑON TREN RETR. JOST18 DIENTES MOD. NUEVO,1000,unidad,1
ESPINA ELASTICA 8 X 40 E0108 065,1000,unidad,1
ESPINA ELASTICA 6 X 55 E0106 075,1000,unidad,1
BUJE PLASTICO CAJA TRANS. JOST AD00405J00 11,1000,unidad,1
BUJE PLASTICO EJE TRANS. JOST AD00404J00 11,1000,unidad,1
BUJE PLASTICO JOST AD0040GJ00 5 CONDUCIDA,1000,unidad,1
BUJE PLASTICO JOST AD00402J00 20 CONDUCIDA,1000,unidad,1
BUJE PLASTICO JOST AD00403J00 8,1000,unidad,1
GUARDAFANGO BAJO PARAGOLPE LISO 7000 2.35 MTS X 30,1000,unidad,1
PERNO DE LANZA DE 38 X 120 MM C/TCA MONT.,1000,unidad,1
ZAPATO OZONO C/P FLOR NEGRO N°38/47,1000,unidad,1
ABR.SUPER PRESION 28-34,1000,unidad,1
"TRICOFLEX RA RESISTENTE A LA ABRASION ASP/EXP 1"" 1/4",1000,unidad,1
"TRICOFLEX RA RESISTENTE A LA ABRASION ASP/EXP 1""",1000,unidad,1
ALQUILER DE TUBO DEL 27-04 AL 31-05 (21%),1000,unidad,1
"CAÑO DE 3"" A DIAMETRO 1950.2150.2050",1000,unidad,1
TARJETA RELIOJ MENSUAL,1000,unidad,1
"BOMBA DE VACIO, MODELO S-90. MARCA REGISTRADA MINYMASPRES. N° FR SERIE: 9507",1000,unidad,1
POR CERTIFICADO ANUAL DEL COMPRESOR DE AIRE DE LA PLANTA,1000,unidad,1
MANO DE OBRA EMBUJADO BALANCION,1000,unidad,1
(004443) BUL HEXAGONAL A8.8 Z PD 1/2 13H 63,1000,unidad,1
(012269) TUER AUTOF AL ACER Z PD 1/2 13H,1000,unidad,1
(005664) TUER HEXAGONAL HIER Z AZ 1/2 13H,1000,unidad,1
P.PROTECTOR DELAN PLAS 32/1 DERECHA,1000,unidad,1
P.PROTECTOR DELAN PLAS 32/1 IZQUIERDA,1000,unidad,1
GLASURIT COLOR 22 X 4 LT,1000,unidad,1
GLASURIT CAT.RAP.929-91 X 2.5,1000,unidad,1
POLIC ALV CRIST 1.18 X 6MT 4MM,1000,unidad,1
"GANCHOS ""J"" 80 MM X 100 UNID.",1000,unidad,1
AL00340J01-ST JUEGO PATAS DE APOYO B200 - STANDART JOST,1000,unidad,1
EXP394 PAQUETE ELASTICO MONTENEGRO TRASERO ALT NAC,1000,unidad,1
POLEA FUND. 4 B 240,1000,unidad,1
POLEA FUND. 4 B 140,1000,unidad,1
"CH CINC SINUS C25 4,5 MT",1000,unidad,1
RUEDA PORTON 100 MM.,1000,unidad,1
"TEFLON ALTA DENSIDAD 3/4 X 10 MTS ""LATYN """,1000,unidad,1
TORNILLO C/ TARUGO 6,1000,unidad,1
TORNILLO C/ TARUGO 8,1000,unidad,1
MANOMETRO VACUOMETRO DIAM 100 X ROSCA 1/2 SALIDA INFE,1000,unidad,1
TF FS 6306-A NEUM.MULT. C/PL.,1000,unidad,1
TAPA 3 MODULOS BLANCA EXULTT,1000,unidad,1
TAPON EXULTT,1000,unidad,1
PORTALAMPARA DE BAQUELITA ROSCA EDISON,1000,unidad,1
ADAPTADOR DE EDISON A GOLIAT,1000,unidad,1
"ALBAMIX 4570100 ESM PU ""NARANJA 03"" A X4LTS",1000,unidad,1
CINTA PAPEL MULTIUSO 903 18X40,1000,unidad,1
"DISCOPARADESBASTESECUREXTRA178X7 , 0X",1000,unidad,1
HOJA AL AGUA WA70 120,1000,unidad,1
CAJA X 12 CINTA EVEL RETROBLOCK 5 MTS,1000,unidad,1
22209 CKC3W33,1000,unidad,1
"22Ø100 R 1/2""NPT 2,5 BAR/PSI",1000,unidad,1
"KGR DE ARANDELA PLANA H° GALV.AZUL 5/16""",1000,unidad,1
"BULON PULIDO UNC GALV.AZUL 5/16X3/4""",1000,unidad,1
"TUERCA AUTOFRENANTE 5/6""",1000,unidad,1
1/2 NIPLE 1/2 AISI 304,1000,unidad,1
TEE ROSC 3/4 AISI 304,1000,unidad,1
CODOS ROSC 3/4 AISI 304,1000,unidad,1
TAPON 3/4 AISI 304,1000,unidad,1
NIPLES 3/4 X 150 AISI 304,1000,unidad,1
"ENTRE ROSCA 1"" AISI 304",1000,unidad,1
"NIPLE 1"" X 100 AISI 304",1000,unidad,1
"CUPLAS 2"" AISI 304",1000,unidad,1
"TAPON 2"" AISI 304",1000,unidad,1
"NIPLE 2"" X 100 AISI 304",1000,unidad,1
AL00284J01 JUEGO PATAS DE APOYO B200 - TELESCOPICA JOST,1000,unidad,1
EXP394 PAQUETE ELASTICO MONTENEGRO TRASERO ASICHA,1000,unidad,1
TAPON (ACERO) 1/4 NPT,1000,unidad,1
CUPLA (ACERO) 1/4 (X10),1000,unidad,1
BUJE DE REDUCCION (ACERO) M-H 3/4 X 1/4,1000,unidad,1
BUJE DE REDUCCION (ACERO) M-H 1/4 X 1/8,1000,unidad,1
CODO 90º PLASTICO 6 X 1/4,1000,unidad,1
CODO 90º PLASTICO 8 X 1/4,1000,unidad,1
5/2 SIMPLE SOLENO C/CHOQUE 1/4 BSP 24 V.,1000,unidad,1
TERRAJA LARGA CON MANGO PLASTICO,1000,unidad,1
DIRPOEL DILUY ACRILICO X 200L,1000,unidad,1
ANTEOJO ARGON TRANSPARENTE H/C (LIB,1000,unidad,1
ANTEOJO ARGON GRIS H/C (LIBUS),1000,unidad,1
DELANTAL DESCARNE PREMIUM,1000,unidad,1
CONECTORES DE TANQUE MB,1000,unidad,1
CUERDA VITON DIAM. 4 MM,1000,unidad,1
CUERDA VITON DIAM. 5 MM,1000,unidad,1
IMO CLASE 9 REFLECTIVO,1000,unidad,1
TF MB G291 NEUM.MULT.ALT2 C/PL ALTO TORQUE 1.33,1000,unidad,1
EJE PROLONGADOR G291-12 C/PLACANEW 2022 ( 260MM ) ( 260 MM ),1000,unidad,1
TF MB G140 NEUM.MULT. C/PLATO,1000,unidad,1
"CAÑO USO MEC. 4"" X 4 MM X 6.40 MT.",1000,unidad,1
"METAL DESPLEGADO 450-30-30/2(1,5X3)",1000,unidad,1
830 - 19 LED - AG - R - BIV,1000,unidad,1
830 - 19 LED - AG - C - BIV,1000,unidad,1
830 - 19 LED - AG - A - BIV,1000,unidad,1
"CA.EST.RED. 5/8X1,24",1000,unidad,1
"CA.EST.RED. 1/2X1,24",1000,unidad,1
"CA.EST.RED. 1X1,6",1000,unidad,1
TUBOS USO MECANICO 1 X2.85 DIAM EXT. 33.7,1000,unidad,1
TUBOS USO MECANICO 2 X 3.2 DIAM.EXT. 60.30,1000,unidad,1
TUBOS USO MECANICO 3 X 5.15 DIAM.EXT. 88.90,1000,unidad,1
REDONDOS 5/8,1000,unidad,1
"CA.ESTE.RECT. 80X40X1,24",1000,unidad,1
"CA.EST.RECT. 50X40X1,2",1000,unidad,1
"CA.EST.CUAD. 40X40X1,24",1000,unidad,1
CONECTOR CURVO DAISA FT52 1/2,1000,unidad,1
MTS. CABLE TIPO TALLER 2X1MM,1000,unidad,1
MTS. CABLE TIPO TALLER 3X1.,1000,unidad,1
MTS. CABLE TIPO TALLER 7X1.5MM,1000,unidad,1
KELCOT M-17 ADHESIVO EPOXI NAUTICO X 500CC,1000,unidad,1
GAR.45.YPF GAS,1000,unidad,1
ENCHUFE DE LUCES 7 P. HEMBRA TRAILER DM 57,1000,unidad,1
CAÑO 76 MM CON DOBLE TELA,1000,unidad,1
CAÑO 90 MM CON DOBLE TELA,1000,unidad,1
CH/LC CC 4.75X1500X6000,1000,unidad,1
CH/LC CC 8.00X1500X3000,1000,unidad,1
CH/LF CC 2.00X1500X2440,1000,unidad,1
TUBO POLIAMIDA (6) 6 X 4 100MTS N,1000,unidad,1
629 ZZ CMB,1000,unidad,1
6002 2RS FARMER,1000,unidad,1
SN- 507 SOPORTE,1000,unidad,1
H- 307 MANGUITO,1000,unidad,1
1207 K UBC,1000,unidad,1
REGATON RECTANGULAR 30X50,1000,unidad,1
CORREA EVER WEAR B-080,1000,unidad,1
TEFLON 3/4 X 20 MTS.,1000,unidad,1
"REGATON REDONDO INTERIOR 1""",1000,unidad,1
GUANTE DE JERSEY MOTEADO LIVIANO,1000,unidad,1
ALBAMIX(5188812) 4590013 CONV P/FDO 2K X1L,1000,unidad,1
ALBAMIX 4570100 POLIUR NEGRO A X4L,1000,unidad,1
ALBAMIX 4570100 POLIUR GRIS LLANTA A X4L,1000,unidad,1
ALBAMIX 4570100 POLIUR AMARILLO MEDIANO A X4L,1000,unidad,1
ALBAMIX(5188812) 4590013 CONV P/FD0 2K X1L,1000,unidad,1
ESMALTE A. POLIU. ALUX 019 V. CLARO. 0100 X 03,1000,unidad,1
BAL - 9735000140 VAL DESC RAPIDA (1/4 BSPT)A DM165,1000,unidad,1
K - 206005 MACHO/HEMBRA 3/8X1/4 GAS INT,1000,unidad,1
SATINOL AL AGUA BLANCO PP X 04,1000,unidad,1
VITROLUX MAGIC 3EN1 BTE BLANCO X 1 LTS,1000,unidad,1
"BUJE RED. GALV. 3"" X 2 1/2 DEMA",1000,unidad,1
LIJADORA ORBITAL - 300 WATT - 95 X 200 MM - MO110 - MARTII,1000,unidad,1
VKUA 4554 A SKF IND.ARG.,1000,unidad,1
INTERRUPTOR TERCER EJE (503349078)?,1000,unidad,1
GRABADOR ELECTRICO DREMEL 220V 290 ENGRAVER,1000,unidad,1
PROWORK 242/290/609/680 X 10 ML,1000,unidad,1
FA INTERRUPTOR BASCULANTE,1000,unidad,1
TALADRO PERCUTOR MANDRIL 13MM 850W C/ REVERSA BOSCH GSB.16.R,1000,unidad,1
GRACO SOPLETE P/AIRLESS FTX,1000,unidad,1
TRABASIL RM1 X 15G (0771),1000,unidad,1
PICOS PARA SOPLETE,1000,unidad,1
TALADRO 13MM 1000W 12000RPM V.V.R,1000,unidad,1
ALAMBRE MIG 70S6 1.2MM X 15KG SHAR,1000,unidad,1
TUERCA AUTOFRENANTE 1/2 13 USS,1000,unidad,1
CONECTOR RECTOS FT-52,1000,unidad,1
VISERA MB ATEGO TECHO BAJO SIN SOPORTES,1000,unidad,1
FAROS AUXILIARESMB 1634,1000,unidad,1
LAMPARAS H1 24 VOLT.,1000,unidad,1
"TUERCA AUTROFRENANTE USS 1/2""",1000,unidad,1
"TUERCA AUTOFRENANTE USS 5/16""",1000,unidad,1
"ARANDELA PLANA H° GALV.AZUL 5/16""",1000,unidad,1
"ARANDELA PLANA H° GALV.AZUL 1/4""",1000,unidad,1
"50 VIDRIOS DE 8MM, 125 CM DE DIAMETRO",1000,unidad,1
"CA.EST.CUAD. 20X20X1,24",1000,unidad,1
FARO RED. ELECT. CRISTAL UNIP. BAIML 3000E 39 LED,1000,unidad,1
FARO RED. ELECT. ROJO BIPOLAR BAIML 3000E 39 LED,1000,unidad,1
FARO REDONDO ELECTRONICO VERDE BAIML 3030E,1000,unidad,1
TETON REPARACION TENSOR 7/8 ESP. 9MM,1000,unidad,1
TUBO ACRILICO CRISTAL TRANSP. 31/8MM LARGO 1000MM,1000,unidad,1
"CA.EST.CUAD. 30X30X1,24",1000,unidad,1
VALVULA DESCARGA RAPIDA 1/4 TRAILER DM 171,1000,unidad,1
RESORTE SOSTEN MANGUERA CORTO P/ACOPLA. RR371G,1000,unidad,1
CORREA,1000,unidad,1
LLAVE SELECTORA A/B 619N1-673,1000,unidad,1
"CASQUETE TORIESFERICO 1700 6,3",1000,unidad,1
"JUNTA GIRATORIA AC INOX 3/4""",1000,unidad,1
"CODO 90 SANIT 304 3´76,20X2,00",1000,unidad,1
"NIPLE#150 304 .1/2¨ 21,34X100,00 MM",1000,unidad,1
"NIPLE#150 304 .3/4´ 26,60X100,00",1000,unidad,1
VALV. EMEVAL Ø 1 1/4 - CON CERTIFICADO N°A-55. 1.5 KG,1000,unidad,1
VALV. ALIVIO PRESION GNB Ø 1 1/4 3190 7,1000,unidad,1
HIERRO ALETEADO 10MM,1000,unidad,1
CREMA LUBRICANTE PREMIUM X 4KG,1000,unidad,1
3M-8210 MASCARILLA (N95) RESPIRADOR,1000,unidad,1
YUMA 279 /2,1000,unidad,1
YUMA 271/2/10,1000,unidad,1
TUBO LED 48W IDOLER,1000,unidad,1
GRAMPA CAMBRE DE 20,1000,unidad,1
MODULO DE 1 PUNTO 6900,1000,unidad,1
BASTIDOR CAMBRE SXXL 6970,1000,unidad,1
TAPA CAMBRE SXXL 2 BOCAS ART.4132,1000,unidad,1
CAJA EXTERIOR P/12 TERMICAS TABEPLAST,1000,unidad,1
BOLSA DE TARUGOS + TORNILLOS NS 6,1000,unidad,1
CURVA DE 20 PVC SICA,1000,unidad,1
"SOPORTE DE PUENTE, ALARGUE Y BALANCEO DE CARDAN IVECO",1000,unidad,1
BULON G5 HEX USS 9/16X11/2,1000,unidad,1
TUERCA AUTOFRENANTE 9/16 12 USS,1000,unidad,1
ARANDELA PLANA 9/16 ZINCADA,1000,unidad,1
TF MB G281-12 NEUM.MULT. Z15,1000,unidad,1
EJE PROLONGADOR MB G281 C/PLACLARGO 222MM ( 222 MM ),1000,unidad,1
RUEDAS GRANERO * 60 MM CON PORTA,1000,unidad,1
"CA.EST.RECT. 50X30X1,24",1000,unidad,1
"CA.EST.CUAD. 80X80X1,6",1000,unidad,1
ACEITE HIDRAULICO,1000,unidad,1
CINTA AISLADORA MOD.770 3M,1000,unidad,1
CABLE 1X70 MM,1000,unidad,1
CINTA DOBLE FAZ TACSA,1000,unidad,1
TERMINAL 70MM/2,1000,unidad,1
TERMINAL 70MM/3,1000,unidad,1
OPTICAS F 14000 00/10 DERECHA,1000,unidad,1
MTS. CABLE 1X70 MM,1000,unidad,1
BOLSA DE PRECINTOS SBYBD ALT5 NEGRO,1000,unidad,1
BOLSA DE PRECINTOS SBYBD ALT4 NEGRO,1000,unidad,1
BOLSA DE PRECINTOS SBYBD ALT3 NEGROS,1000,unidad,1
PINCEL PG S.2024 V1 N°10,1000,unidad,1
"VALV. EMEVAL 1 1/4 CON CERTIFICADO N° A 1,5 KG",1000,unidad,1
ELECTRODO CONARCO DE 2.50 MM X KG.,1000,unidad,1
"5151-10766 LLAVE DE PASO #150 316 1' 33,40",1000,unidad,1
"5151-10767 LLAVE DE PASO #150 316 1.1/4' 42,20",1000,unidad,1
"5151-10736 CODO 90 #150 316 1' 33,40",1000,unidad,1
"5151-10727 CODO 90 #150 304 1.1/4' 42,20",1000,unidad,1
"5151-11636 NIPLE #150 304 1' 33,40X100,00 MM",1000,unidad,1
"VIGUETAS / 4,80 MT",1000,unidad,1
BOLSAS CEMENTO AVELLANEDA 25KG,1000,unidad,1
REGATON CUADRADO 30X30,1000,unidad,1
REGULARIZA FACT. ANTICIPO,1000,unidad,1
"PRENSA ESTOPA EN H° F° 2"" Y EMPAQUETADURA",1000,unidad,1
"KIT DE EJES, ENGRANAJES Y BUJES PARA DMC 3"" CEMENTADA CON EMPAQUETADURA, CAJA Y RULEMAN",1000,unidad,1
ALBAMIX (5188812) 4590013 CONV P/FDO 2K X1L,1000,unidad,1
ALBAMIX 4570100 POLIUR AZUL WEBER A X4L,1000,unidad,1
ALBAMIX (5353609) 4585007 FDO EPO ANTIC W 4L,1000,unidad,1
ALBAMIX (5353672) 4590020 CONV FDO EPOX800CC,1000,unidad,1
ESTRIBO DERECHO CABINA,1000,unidad,1
ESTRIBO CABINA,1000,unidad,1
FARO ANTINIEBLA DER.,1000,unidad,1
FARO ANTINIEBLA IZQ.,1000,unidad,1
INTERRUPTOR 3ER EJE,1000,unidad,1
INTERRUPTOR LUZ INTERIOR,1000,unidad,1
FAROL POSTERIOR,1000,unidad,1
LAMPARA H1 24V,1000,unidad,1
ENCHUFE,1000,unidad,1
TUER AUTOF ME ACE R TOZA 14 2,1000,unidad,1
BUL EXAGONAL A10 9 T RE 14 2 060,1000,unidad,1
BUL R C CUAD HIER Z AZ 3/16 24H 050,1000,unidad,1
"NIPLE CON COSTURA DIN 2999 (DIN 2982) 304 1/2"" X 50 MM",1000,unidad,1
"TEE S-150 DIN 2999 (A-351) 304 1/2""",1000,unidad,1
"TAPON S-150 DIN 2999 (A-351) 304 1/2""",1000,unidad,1
"CODO 90° S-150 DIN 2999 (A-351) 304 1/2""",1000,unidad,1
AUTOPERFORANTE HEXAGONAL MECHA 14 X 2 FLEB,1000,unidad,1
TORNILLO PUNTA MECHA C.HEXAG. 14 X 1 1/2 X200,1000,unidad,1
BOCALLAVE ESTRIADA ENC.1/2 X 3/8 CROSS- 1,1000,unidad,1
MECHA CILIND.A/R DE 3.50 MAX,1000,unidad,1
"MECHA PLANA PARA MADERA DE 1/2"" - 12MM ""MAX""",1000,unidad,1
RESORTE A GAS CLEVERSLT 318 / N 330,1000,unidad,1
"CODO 90° MACHO-HEMBRA S-150 DIN 2999 (A-351) 304 3/4""",1000,unidad,1
"CODO 90° MACHO-HEMBRA S-150 DIN 2999 (A-351) 304 1""",1000,unidad,1
"UNION DOBLE S-150 DIN 2999 (A-351) 304 1/2""",1000,unidad,1
ENTRERROSCA S-150 DIN 2999 (A-351) 304 1 1/2,1000,unidad,1
KIT DE REPARACION PLATO DE ENGANCHE JOST COMPLETO,1000,unidad,1
TUBOS USO MECANICO 2 X3.2 DIAM.EXT. 60.30,1000,unidad,1
"CODO GALV. 2"" 90 HH LATYN",1000,unidad,1
"CODO GALV. 2"" 90 MH LATYN",1000,unidad,1
"TAPA GALV. 2"" H LATYN",1000,unidad,1
NIPLE GALV. 3/4 X 15 CM,1000,unidad,1
NIPLE GALV. 1 1/4 X 25CM,1000,unidad,1
NIPLE GALV. 1 1/2 X 25CM,1000,unidad,1
"PRENSACABLE PLASTICO 7/8"" CONEXTUBE",1000,unidad,1
CARRETEL SPAGUETTI TERMOCONTRAIBLE 4.8MM X 3/16 X 10 MTS,1000,unidad,1
CARRETEL SPAGUETTI TERMOCONTRAIBLE 6.4MM X 1/4 X 10 MTS,1000,unidad,1
BPHIP REFLECTIVO BLANCO 50 METROS,1000,unidad,1
"TORCHA 250 X 4,4M",1000,unidad,1
ALBAMIX(5353672) 4590020 CONV FDO EPOX800CC,1000,unidad,1
22209 KMBW33C3,1000,unidad,1
ABRAZADERA 105,1000,unidad,1
ABRAZADERA 106,1000,unidad,1
"C.R.LARGO 90° SCH 40 1 1/2""",1000,unidad,1
"C.R.LARGO 90° SCH 40 2""",1000,unidad,1
NIPLES 11/4 X 100 AISI 304,1000,unidad,1
NIPLE 3/4 X 150 AISI 304,1000,unidad,1
"NIPLES 1"" X 100 AISI 304",1000,unidad,1
"1/2 NIPLE 1"" AISI 316",1000,unidad,1
"CODOS M H"" AISI 316",1000,unidad,1
ROLLO CINTA BLANCA 3M,1000,unidad,1
ROLLO CINTA ROJA 3M,1000,unidad,1
TUERCA PULGADA ALTA 7/8 PASO FINO-,1000,unidad,1
CAMACHO HIERRO 2 1/2,1000,unidad,1
HEMBRA ROSCA MACHO ATMOSFERICO 2 1/2,1000,unidad,1
CAMACHO CON BASE 2 1/2,1000,unidad,1
ABRAZ. 7/8X82X380 C ACO38/40-,1000,unidad,1
ABRAZ. 7/8X82X400 C ACO38/40-,1000,unidad,1
ESPARRAGOS 3/4 X 450. C/TUERCA,1000,unidad,1
"CASQUETE TORIESFERICO 2000 6,3 A.C.",1000,unidad,1
BULON C/REDONDA C/C SIN TUERCA 8X56,1000,unidad,1
BROCA PERNO PARAHORMIGON [004]- ZINCADO - M10 X 1.50 X 65 [C,1000,unidad,1
BROCA PERNO PARAHORMIGON [005]- ZINCADO - M10 X 1.50 X 95 [C,1000,unidad,1
MANGUERA APER ATOXICA 1,1000,unidad,1
"RACORD DE BAJA 1""",1000,unidad,1
BARRA DE TRABA,1000,unidad,1
ADAPTADOR UNIVERSAL P/FACIAL CASCO,1000,unidad,1
SOGA DE POLIPROPILENO DE 8MM.,1000,unidad,1
VALV ESF. 3028 05 3/4,1000,unidad,1
VALV ESF. 3028 06 1,1000,unidad,1
VALV ESF. 3028 08 1 1/2,1000,unidad,1
FILTROS Y 3302 05 3/4,1000,unidad,1
JUEGO DE NIVEL 1/2 338 COMPLETO,1000,unidad,1
VALV ESF. 3028 09 2,1000,unidad,1
VALV ESF. 3028 12 4,1000,unidad,1
MTS TUBO 5/8,1000,unidad,1
ACOPLE DTH 4,1000,unidad,1
ACOPLE DCE 2 1/2,1000,unidad,1
VALV EST 2014 04 3/4,1000,unidad,1
CH. LISAS GALV. 1.22X2.44 NRO 25,1000,unidad,1
SINOSUIDAL PREPINTADA NEGRA 25 LARGO 3.00 MT,1000,unidad,1
SINOSUIDAL PREPINTADA NEGRA 25 LARGO 2.00 MT,1000,unidad,1
SINOSUIDAL PREPINTADA NEGRA 25 LARGO 4.50 MT,1000,unidad,1
SINOSUIDAL PREPINTADA NEGRA 25 LARGO 2.50 MT,1000,unidad,1
VARIOS CORTES ANGULO,1000,unidad,1
ALBAMIX 4570100 ESM PU ACRI VDE INGLES A X4L,1000,unidad,1
ESMALTE A. POLIU. GRIS QUIMIGUAY. 0100 X 03,1000,unidad,1
"CCC CON COSTURA 304 76,20 X 2,00 PE ´L´",1000,unidad,1
"CCC CON COSTURA 304 50,80 X 2,00 PE ´L´",1000,unidad,1
"CCC CON COSTURA 304 26,60 X 1,50 PE ´L´",1000,unidad,1
FAROS 650,1000,unidad,1
FAROS 850,1000,unidad,1
"CHAPA 304 5,00 1250 X 3000 LC C1 A",1000,unidad,1
TF MB G291 NEUM.MULT.ALT2 Z15 ALTO TORQUE 1.33,1000,unidad,1
EJE PROLONGADOR G291-12 C/PLACNEW 2022 ( 260MM ),1000,unidad,1
PAR GUANTES DESCARNE P.SOLDADOR FORRO INTERNO COSTU,1000,unidad,1
CODIGO P.ABEJA RESIDUO,1000,unidad,1
SK-509 ALT 2 ACOPLE,1000,unidad,1
"LIMA ROT. ARBOL C/PTA. ESFERICA 12,7X6,0",1000,unidad,1
"NEUM.AMOLADORA RECTA 1/4"" EN KIT X 16 PZS BREMEN*",1000,unidad,1
KG ELECTRODO CONARCO 6013A 2.50MM {10},1000,unidad,1
BOMB 3 (205 LITROS),1000,unidad,1
GRASA ALTA TEM./REV.N:3 (20 LITROS),1000,unidad,1
"V.ESFERICA 3 C #150 316 4´ 114,30",1000,unidad,1
BOTIN FRANCES C/P OMBU N° 38/47,1000,unidad,1
CAÑO DIAM. 45 MM DOBLE TELA,1000,unidad,1
CAÑO DIAM. 60 MM DOBLE TELA,1000,unidad,1
"ENTRERROSCA S-150 DIN 2999 (A-351) 304 3/4""",1000,unidad,1
TF ZF 9S-1110 NEUM.MULT.P.C/PLRENAULT MIDLUM,1000,unidad,1
"CCC CON COSTURA 304 50,80 X 3,00 PE ´L´",1000,unidad,1
TORN ALLEN FR A1 29 T RE 14 2 080,1000,unidad,1
BUL R C CUAD HIER Z AZ 5/16 18H 044,1000,unidad,1
ELECTRODO CONARCO 6013A 2.50MM X KG,1000,unidad,1
LOCTITE 567 X 50 GRS,1000,unidad,1
OXIGENIO A,1000,unidad,1
FTM4000-GUARDABARROS SEMICIRCULAR ENTERIZO,1000,unidad,1
FTM-5002-CAJON DE HERRAMIENTAS 750MM,1000,unidad,1
"ALBAMIX 4570100 ESM PU ""VIOLETA S/MUESTRA"" A X4LTS",1000,unidad,1
ALBAMIX(518812) 4590013 CONV P/FDO 2K X1L,1000,unidad,1
"ALBAMIX 4570100 ESM PU ""AZUL QUIMIGUAY"" A X4LTS",1000,unidad,1
MESA PLATO CORR. 5/16 ALT. 60,1000,unidad,1
REPARACION BANCO HIDRAULICO (3 PALANCAS ),1000,unidad,1
"1 CAÑO 2"" X 3MM AISI 304 SEGUN MUESTRA CON DOS CURVAS 1 CAÑO 2"" X 3MM AISI 304 SEGUN MUESTRA CON TRES CURVAS",1000,unidad,1
TUERCA AUTOFRENANTE 5/16 CINC AZUL,1000,unidad,1
TUERCA AUTOFRENANTE 3/8 CINC AZUL,1000,unidad,1
TUERCA AUTOFRENANTE 1/2 13H CINC AZUL,1000,unidad,1
TUERCA AUTOFRENANTE 5/8 CINC AZUL,1000,unidad,1
TUERCA EXAGONAL LIVIANA UNC GALV. AZUL 3/4,1000,unidad,1
FLAPSTANDARD28N115ZA-60,1000,unidad,1
ESMALTE A. POLIU. 050 AZUL BANDERA. 0100 X 03,1000,unidad,1
"VIGUETAS / 2,00 MT",1000,unidad,1
"BOMBA DE VACIO, MODELO S-90 N° DE SERIE : 9512 MARCA REGISTRADA: MINYMASPRES",1000,unidad,1
RETEN RUEDA POSTERIOR,1000,unidad,1
ESMALTE A. POLIU. AZULEJO. 0100 X 03,1000,unidad,1
S.W SELLADOR PARA CORRECTORES X 0.200 (77029),1000,unidad,1
S.W SELLADOR P/PLASTICO TRANSPARENTE X 0.900 L (77033),1000,unidad,1
TERMINAL DE COBRE N°1250,1000,unidad,1
TUERCA 1/2 CON ARANDELAS,1000,unidad,1
VIDRIO 17X13 CM,1000,unidad,1
KIT FILTRO P/PARTICILAS N95 P/CONFO5300/24,1000,unidad,1
"PERNO TENSOR 1"" X 140 MM 3943",1000,unidad,1
"TUERCA AUTOF. 1"" SAE 2985",1000,unidad,1
"TETON REPARACION TENSOR 3/4 - 7/8 - 1"" ESP. 9 MM",1000,unidad,1
PERNO BAL. 140 MM CON TUERCA ALTA MONT.,1000,unidad,1
ARO GIRATORIO 1000 X 90 MM 2 HILERAS P/DIRECCIONAL,1000,unidad,1
CIRCULO VELOCIDAD MAXIMA 80,1000,unidad,1
DISCO DE ACRILICO CON ORIFICIO S/ PERDIDO,1000,unidad,1
ALARGUE Y BALANCEO DE CARDAN MB ATEGO,1000,unidad,1
TF FS 4209-A NEUM. MULT. C/PL,1000,unidad,1
MANG 3/4 R2 X 4270MM HG 7/8 JIC X HG 1.3/16 JIC,1000,unidad,1
CODO 90 HG JIC X JIC 7/8,1000,unidad,1
REPARACION BANCO HIDRAULICO,1000,unidad,1
ZOIDAR 20 TUBO,1000,unidad,1
PERNO ENCHUFE 1/4 X 1/4M ACERO (X10),1000,unidad,1
PERNO ENCHUFE 1/4 X 1/4H ACERO (X10),1000,unidad,1
UNION DOBLE ACERO MANG. 3/8,1000,unidad,1
PERNO ENCHUFE 1/4 X 3/8 MANG. ACERO,1000,unidad,1
RACORD ACERO MANG. 3/8 X 1/4H,1000,unidad,1
RACORD ACERO MANG. 3/8 X 1/4M (X10),1000,unidad,1
CODO 90° PLASTICO 6 X 1/4,1000,unidad,1
CONECTOR RECTO PLASTICO 6 MM X 1/8 M,1000,unidad,1
CONECTOR RECTO PLASTICO 6 MM X 1/4 M,1000,unidad,1
CONJ.(RO+AZ) FRENO CAMION 1/2 PA6 C/CC CON CONEXION 1/4 DE AMBOS LADOS,1000,unidad,1
CONEX. (ACERO) AJUSTE C/GUIA TU 1/2 X 1/,1000,unidad,1
TUBO POLIAMIDA (6) 5/16 X 1 100MTS N,1000,unidad,1
TUERCA AJUSTE 3/8 REFORZADA,1000,unidad,1
VIROLA 8 MM (X50),1000,unidad,1
VIROLA 6 MM (X50),1000,unidad,1
CUPLA (ACERO) 1/8 (X10),1000,unidad,1
CUPLA PASACHAPA H 1/4,1000,unidad,1
VIROLA 1/2 (X50),1000,unidad,1
TUERCA AJUSTE 1/2 (X10),1000,unidad,1
CABLE 1X6 MM,1000,unidad,1
CAJA DE PASO 90X90X55,1000,unidad,1
CABLE 1X10,1000,unidad,1
TOBERA CONICA 250 Ø15MM,1000,unidad,1
"TUBO DE CONTACTO CUE Ø8 M6X28MM Ø 1,2 MM",1000,unidad,1
VIDRIOS PROTANE N°11,1000,unidad,1
LINER ALAMBRE Ø0.9 - 1.2MM ROJO X 5.4M,1000,unidad,1
ANTIADHERENTE,1000,unidad,1
CODO 90° - 35 X 35 CM.- Ø 3 1/2P / 89 MM. (770142),1000,unidad,1
CAÑO LISO Ø 89 MM X MT. (*),1000,unidad,1
PICO DE WIDIA PARA ARENAR MARSIGLIONE NRO. 6,1000,unidad,1
RODILLO LANA BCA PAINTING X 22,1000,unidad,1
DURALBA MUROS IMPER X 20,1000,unidad,1
PINCEL L’BRUSHS S.319 N°20,1000,unidad,1
ESPATULA PINTOR X 06,1000,unidad,1
PINCEL L’BRUSHS S.319 N°25,1000,unidad,1
LIJA AL AGUA AA 150,1000,unidad,1
"CA.EST.RED. 2X1,24",1000,unidad,1
TUBOS USO MECANICO 3 X 4 DIAM.EXT. 88.90,1000,unidad,1
TUBOS USO MECANICO 2 1/2 X 3.2 DIAM.EXT. 76.20,1000,unidad,1
TUBOS USO MECANICO 1 X 2.85 DIAM.EXT. 33.7,1000,unidad,1
"CA.EST.RECT. 80X40X1,6",1000,unidad,1
"CASQUETE TORIESFERICO 1850 6,3 A.C.",1000,unidad,1
844 PATA CON TORNILLO 5/16,1000,unidad,1
CINTA TEFLON 3/4 X 20 MTRS.,1000,unidad,1
TF ESO 6106A NEUM.MULT. C/PL. VW DELIVERY,1000,unidad,1
HOJA AL AGUA WA70 080,1000,unidad,1
CUADROS 5/8,1000,unidad,1
CILINDRADOS DE CAÑOS DE 3 A DIAMETRO 1750 Y 1900 MM,1000,unidad,1
TAPON GALV. 1 1/4 M LATYN,1000,unidad,1
TAPA GALV. 3/4 H LATYN,1000,unidad,1
NIPLE GALV. 1 1/2 X 15CM,1000,unidad,1
NIPLE GALV. 2 1/2 X 15CM,1000,unidad,1
CERRADURA LATERAL,1000,unidad,1
FLEXIBLE CDO. PUERTA,1000,unidad,1
"CA.EST.RED. 2X1,6",1000,unidad,1
FARO BAIMIL TRASERO UNIV. 1600 ELECTRONICO BIVOLTAJE CRRA,1000,unidad,1
"C.R.LARGO 90° SCH 40 3""""",1000,unidad,1
"RED CON SCH 40 6 X 4""""",1000,unidad,1
"RED CON SCH 40 4 X 3""""",1000,unidad,1
"RED CON SCH 40 4 X 2 1/2""""",1000,unidad,1
TIRA FILTRO,1000,unidad,1
22209 MBKCW33,1000,unidad,1
PAQUETE 10 HOJAS ELASTICOS TRASERO MH MARCHETTI,1000,unidad,1
JUEGO PATAS DE APOYO JOST B200 - TELESCOPICA JOST,1000,unidad,1
CONJUNTO PERNO REY 2 JOST JURISDICCION IIER: C.A.B.A,1000,unidad,1
VALV. ESF. 2.,1000,unidad,1
VALV. ESF. 2 1/2,1000,unidad,1
VALV. ESF. 3,1000,unidad,1
VALV. ESF. 4,1000,unidad,1
AMORIGUADOR TAPA LAT.,1000,unidad,1
22209 MBKC3W33,1000,unidad,1
MECHA A/R EZETA 4.00 MM,1000,unidad,1
RUEDA GRIS GIRATORIA 50 MM,1000,unidad,1
BULON PULIDO UNC GALV. AZUL 5/16X1,1000,unidad,1
MANG 1/2 R2 X 6800MM HG X HG 7/8 JIC,1000,unidad,1
UNION DOLE EN MANG,1000,unidad,1
MANOMETRO INOX. C/GLICERINA DIAM. 63 SALIDA INFERIOR,1000,unidad,1
CORONA N° 1162 FS 4205A,1000,unidad,1
PIÑON N° 1163 TF 1160,1000,unidad,1
CORONA RECTA N° 1165 - TF 1160,1000,unidad,1
RODAMIENTO N° 32304 CORONA,1000,unidad,1
MATAFUEGO X 10KG ABC,1000,unidad,1
PLASTIMET AMARILLA 30MTS 2 1/2,1000,unidad,1
PLASTIMET AMARILLA 10MTS 2 1/2,1000,unidad,1
JUEGO UNIONES MANIJAS ALUMINIO 2 1/2,1000,unidad,1
CABLE TIPO TALLER 7X1MM,1000,unidad,1
CABLE T.T. 2X1.5MM,1000,unidad,1
ALBAMIX 4570100 ESM PU NEGRO A X4LTS,1000,unidad,1
